USERID,n_azioni,n_attivita_distinte,n_giorni_attivi,durata_giorni,feature0_media,feature1_media,feature2_media,feature3_media,ABBANDONO
0,75,23,12,27.34,-0.32,-0.063,0.08,2.159,0
1,25,14,4,10.771,-0.32,-0.13,0.087,0.013,0
2,188,71,10,25.965,0.232,0.079,-0.066,-0.04,0
3,5,5,2,8.553,-0.32,0.073,0.007,-0.067,1
4,8,7,1,0.019,-0.32,0.2,0.295,0.861,1
5,87,44,10,25.054,0.114,-0.056,-0.008,0.08,0
6,29,11,6,16.83,0.005,-0.348,0.072,0.431,0
7,148,57,7,28.917,0.263,-0.436,0.019,0.014,0
8,8,5,2,1.013,-0.32,-0.436,0.107,-0.067,1
9,5,3,2,0.968,-0.32,-0.436,0.107,-0.067,1
10,134,33,15,27.923,0.133,-0.284,0.103,0.178,1
11,61,20,7,22.008,-0.165,-0.019,-0.025,-0.064,0
12,143,51,9,24.963,0.085,0.134,-0.051,-0.011,1
13,29,12,1,0.405,-0.32,0.354,-0.049,-0.067,1
14,175,54,14,27.935,-0.066,0.059,-0.016,0.054,0
15,130,72,7,29.025,0.624,-0.005,-0.109,0.015,0
16,55,28,5,19.979,-0.197,-0.066,-0.003,-0.064,0
17,148,50,14,23.457,-0.156,0.149,-0.025,-0.042,0
18,76,46,2,14.491,0.035,0.401,-0.117,-0.041,0
19,5,5,2,12.729,-0.32,0.073,0.007,-0.067,0
20,55,24,6,11.972,-0.32,0.397,-0.048,-0.06,1
21,103,51,6,23.872,0.046,0.182,-0.01,0.067,0
22,114,52,7,28.978,0.047,0.055,-0.047,-0.006,0
23,180,56,17,26.95,-0.088,-0.012,-0.01,-0.014,0
24,26,12,2,4.942,-0.32,0.249,0.088,-0.036,1
25,147,54,18,28.756,0.001,-0.228,0.052,-0.015,0
26,83,36,12,26.835,0.021,-0.344,0.028,0.801,0
27,216,76,11,26.49,0.229,-0.023,-0.037,0.015,0
28,44,31,3,10.506,0.048,0.143,-0.087,-0.045,1
29,14,9,3,8.776,0.065,-0.254,0.178,1.022,1
30,31,13,8,11.052,-0.146,-0.189,0.123,1.299,0
31,80,41,8,29.135,0.371,-0.34,0.107,2.66,1
32,87,52,12,27.178,0.021,0.12,-0.043,0.376,0
33,48,40,7,28.857,-0.32,0.465,-0.06,-0.059,0
34,13,7,2,1.196,-0.32,0.347,-0.047,-0.067,1
35,147,39,14,25.238,0.056,-0.193,0.005,0.116,0
36,16,6,2,3.655,-0.32,-0.118,0.075,0.322,1
37,10,5,2,2.954,0.084,-0.436,0.107,0.174,1
38,94,45,6,22.632,-0.076,-0.03,0.016,0.048,0
39,20,13,3,5.325,-0.05,-0.181,0.032,0.083,1
40,10,6,2,1.645,-0.32,0.328,0.007,0.153,1
41,123,39,7,28.681,3.384,-0.374,-0.101,-0.027,1
42,4,4,1,0.001,0.017,-0.436,-0.018,-0.067,1
43,136,34,12,28.429,-0.231,-0.062,0.033,-0.053,0
44,21,15,5,28.321,-0.32,-0.315,0.083,-0.067,1
45,64,32,3,15.35,0.291,-0.436,0.028,0.071,0
46,11,6,1,0.023,-0.32,-0.204,0.152,0.261,1
47,9,5,2,4.241,-0.32,-0.153,0.051,-0.067,1
48,114,46,14,16.719,-0.178,0.212,-0.038,-0.044,1
49,157,42,12,28.589,-0.054,-0.193,0.024,-0.04,0
50,61,36,9,27.704,-0.143,-0.019,0.008,0.097,0
51,10,7,2,0.456,-0.32,0.073,0.057,-0.067,1
52,128,54,9,27.163,0.333,-0.416,0.036,0.207,0
53,55,27,8,24.261,0.195,-0.436,0.007,0.111,0
54,46,23,4,20.407,0.032,0.117,-0.046,0.016,0
55,126,61,11,27.222,-0.042,0.19,-0.044,0.023,0
56,61,20,4,7.553,-0.121,-0.311,0.107,-0.018,0
57,213,74,10,23.304,0.123,0.114,-0.053,-0.013,0
58,51,22,8,27.176,-0.241,-0.236,0.038,-0.067,0
59,182,77,16,25.316,0.117,0.068,-0.05,-0.0,0
60,171,60,14,26.308,0.058,-0.242,0.06,0.036,0
61,20,13,5,25.649,-0.05,-0.054,0.032,0.063,1
62,134,56,17,24.098,0.173,0.058,-0.035,0.044,1
63,26,14,2,0.577,0.458,0.054,-0.009,0.141,1
64,214,66,15,28.286,0.045,-0.317,0.083,-0.01,0
65,108,39,14,27.329,-0.22,0.295,-0.042,-0.058,0
66,83,37,7,22.375,0.476,-0.16,-0.08,0.02,0
67,10,6,2,16.595,-0.32,0.073,0.007,-0.067,1
68,7,4,1,0.002,0.258,-0.436,-0.036,0.105,1
69,60,24,6,28.346,0.039,-0.054,-0.035,0.016,0
70,197,41,21,27.064,-0.231,0.468,-0.089,-0.058,0
71,16,15,1,0.052,0.017,0.359,-0.112,-0.017,1
72,30,16,4,17.173,0.084,0.243,-0.11,-0.02,1
73,125,57,7,24.573,-0.223,0.317,-0.058,-0.04,1
74,100,46,10,28.583,-0.023,-0.054,0.017,0.007,0
75,129,55,16,28.344,0.15,-0.396,0.01,-0.01,0
76,142,59,15,28.051,0.364,-0.328,0.015,-0.007,0
77,58,13,8,13.506,-0.32,0.135,-0.006,-0.067,0
78,65,16,5,7.557,-0.237,0.269,-0.032,-0.049,1
79,181,92,5,28.085,0.246,0.098,-0.084,-0.004,0
80,231,46,16,28.34,-0.087,-0.226,0.098,-0.023,0
81,147,59,18,28.61,0.019,-0.02,-0.036,-0.052,0
82,166,76,10,22.582,0.184,0.07,-0.092,-0.007,0
83,49,19,3,11.28,0.12,-0.228,0.137,0.088,0
84,78,45,7,19.136,-0.113,0.119,0.004,-0.011,0
85,79,51,11,22.453,-0.201,0.08,-0.007,-0.044,0
86,200,71,18,28.573,0.28,0.086,-0.071,0.011,0
87,6,3,1,0.001,-0.32,-0.436,0.107,-0.067,1
88,83,30,4,13.184,-0.093,0.269,-0.038,-0.024,0
89,110,32,8,27.53,0.219,-0.297,0.016,-0.016,0
90,121,66,11,25.317,0.003,0.048,-0.03,0.009,0
91,21,8,2,1.368,-0.32,-0.436,0.155,-0.01,0
92,166,88,7,28.111,0.411,0.024,-0.08,0.01,1
93,86,55,13,23.025,-0.242,0.304,-0.051,-0.042,0
94,225,52,20,27.983,0.004,0.062,-0.029,-0.03,0
95,31,13,5,10.319,-0.32,0.303,-0.039,-0.067,1
96,64,30,12,28.297,0.059,-0.356,0.013,-0.052,0
97,30,13,4,20.267,-0.32,0.497,-0.077,-0.067,1
98,45,15,7,10.131,-0.11,-0.323,0.129,-0.009,1
99,147,65,15,26.22,-0.082,0.153,-0.026,0.051,0
100,74,28,5,27.932,0.063,-0.057,-0.029,0.448,1
101,79,48,6,21.226,0.09,0.144,-0.02,0.017,1
102,85,34,9,26.461,-0.13,-0.106,0.178,0.044,0
103,107,31,10,21.594,-0.244,0.397,-0.081,-0.067,0
104,67,22,6,21.076,0.143,-0.284,0.129,0.073,1
105,14,9,2,0.282,-0.32,0.291,-0.036,-0.067,1
106,90,22,14,28.129,0.189,-0.436,0.118,0.066,0
107,80,45,9,23.213,0.084,0.137,-0.075,-0.005,1
108,276,69,11,27.008,0.051,0.246,-0.08,-0.034,0
109,132,60,9,27.415,0.078,0.258,-0.11,-0.038,0
110,23,16,2,3.537,-0.32,0.228,-0.024,-0.067,1
111,221,52,18,26.342,-0.021,0.013,0.041,-0.016,0
112,52,24,8,28.208,-0.035,-0.24,0.01,-0.052,1
113,76,31,7,24.108,-0.125,0.066,-0.018,-0.025,1
114,40,25,4,26.966,0.455,-0.245,-0.018,0.485,1
115,105,46,11,27.565,0.373,-0.266,-0.041,-0.002,0
116,67,35,8,17.356,-0.119,0.21,0.025,0.056,1
117,80,36,10,21.323,-0.32,0.01,0.032,-0.065,1
118,114,39,7,25.05,0.449,-0.391,0.058,0.005,0
119,22,10,4,11.02,0.048,-0.204,0.016,-0.003,1
120,208,51,12,27.56,0.062,0.054,-0.035,-0.031,0
121,81,27,7,21.284,-0.17,0.224,0.008,-0.023,1
122,82,36,9,21.051,-0.172,0.34,-0.083,0.006,1
123,22,10,3,9.42,-0.32,-0.204,0.061,-0.067,1
124,8,6,2,3.041,-0.32,-0.436,0.107,-0.067,1
125,19,10,4,12.554,-0.036,-0.436,0.028,-0.067,1
126,6,3,2,4.262,-0.32,-0.436,0.19,-0.0,1
127,24,11,3,4.006,0.017,-0.436,0.149,0.434,1
128,121,46,12,24.223,0.115,-0.225,0.007,-0.013,0
129,31,15,2,22.071,0.071,-0.272,-0.023,-0.054,1
130,180,65,15,28.118,-0.073,0.257,-0.044,-0.045,0
131,77,28,10,27.524,-0.057,-0.204,0.029,0.397,1
132,249,81,19,28.234,-0.158,0.147,-0.048,-0.029,0
133,62,22,12,18.02,-0.037,-0.354,0.066,0.033,0
134,42,18,5,20.045,0.161,-0.436,0.023,-0.015,1
135,35,13,5,6.246,-0.32,0.509,-0.051,-0.05,1
136,97,48,6,20.177,-0.209,0.246,0.019,-0.047,0
137,71,25,6,27.946,0.439,-0.436,0.001,0.063,0
138,12,7,2,0.56,-0.32,-0.436,0.149,0.05,1
139,227,54,17,28.581,-0.118,-0.335,0.162,-0.012,0
140,60,29,8,28.061,0.197,-0.436,-0.01,-0.044,0
141,144,57,6,22.602,0.186,-0.1,0.002,0.002,0
142,147,59,13,28.273,0.239,-0.332,0.025,0.005,0
143,102,55,8,27.255,0.05,-0.136,0.004,0.007,0
144,58,30,5,8.271,-0.227,0.003,0.185,0.047,0
145,4,3,1,0.001,-0.32,-0.436,0.107,-0.067,1
146,88,42,6,28.592,0.002,-0.06,-0.001,0.001,0
147,241,78,10,28.246,0.122,-0.298,-0.012,-0.041,0
148,40,25,5,25.002,-0.084,-0.245,0.019,-0.062,1
149,5,4,1,0.001,-0.32,-0.436,0.307,0.374,1
150,19,2,13,21.007,-0.32,-0.436,0.423,0.133,1
151,39,16,2,6.0,-0.147,0.347,-0.086,-0.067,1
152,12,8,2,10.105,-0.32,0.2,-0.018,-0.067,1
153,25,9,2,2.099,-0.32,0.48,-0.013,0.053,1
154,16,16,4,11.167,-0.32,-0.436,0.107,-0.067,1
155,11,6,3,12.436,-0.32,-0.436,0.107,-0.067,1
156,48,29,7,12.068,-0.208,0.253,-0.06,-0.013,1
157,72,24,6,28.075,0.279,-0.4,-0.018,0.053,0
158,88,47,5,16.959,-0.197,0.258,-0.07,-0.06,1
159,23,11,4,2.999,0.09,-0.325,0.063,0.02,1
160,113,25,11,24.106,-0.236,-0.03,0.12,0.05,1
161,4,4,1,0.008,-0.32,0.2,-0.018,-0.067,1
162,88,50,6,15.439,0.323,0.229,-0.127,-0.015,1
163,29,10,3,9.041,0.098,-0.436,0.038,0.002,0
164,5,5,1,0.001,-0.32,0.073,0.007,-0.067,1
165,209,89,20,28.274,0.132,0.136,-0.078,-0.025,0
166,112,42,9,27.274,0.426,-0.368,-0.018,0.017,1
167,13,9,5,12.299,-0.32,-0.044,0.107,0.01,1
168,99,30,7,19.502,-0.184,0.078,0.051,0.01,1
169,106,55,6,23.542,0.125,-0.124,0.026,-0.026,0
170,13,8,1,0.011,0.302,-0.436,-0.009,0.01,1
171,36,16,2,1.512,-0.17,0.059,-0.032,-0.056,1
172,12,6,4,14.276,-0.32,-0.436,0.107,-0.067,1
173,95,37,8,20.995,-0.107,0.127,-0.046,-0.065,0
174,20,10,2,0.304,-0.32,0.328,-0.044,-0.067,1
175,68,26,8,12.246,-0.221,0.275,-0.063,-0.067,1
176,14,5,3,13.321,0.354,-0.436,-0.072,-0.053,0
177,119,61,10,28.079,-0.003,0.206,-0.07,-0.047,0
178,13,9,2,3.252,0.302,-0.24,-0.009,0.35,1
179,22,9,4,7.241,0.17,-0.089,-0.053,0.115,1
180,42,23,7,18.497,-0.063,-0.375,0.047,-0.043,0
181,214,71,17,23.506,-0.03,0.159,-0.071,-0.049,0
182,14,5,2,0.547,-0.32,0.291,-0.036,-0.067,1
183,119,16,11,27.268,-0.229,0.035,0.006,-0.012,1
184,33,15,5,7.021,-0.116,-0.05,0.016,-0.019,1
185,121,45,6,25.518,0.204,0.006,-0.088,-0.037,0
186,127,74,6,24.321,0.328,0.145,-0.075,0.02,0
187,91,49,11,26.562,0.05,-0.268,0.013,-0.019,0
188,11,9,1,0.024,0.17,-0.436,-0.03,-0.067,1
189,189,69,15,24.253,0.015,0.13,-0.071,-0.018,0
190,129,43,6,18.299,-0.205,0.215,-0.041,-0.024,0
191,67,23,6,21.007,-0.079,-0.398,0.069,-0.055,0
192,138,50,8,27.942,-0.066,-0.362,0.063,0.016,0
193,160,69,16,26.097,0.303,-0.102,-0.056,-0.02,0
194,19,11,4,6.253,0.248,-0.436,-0.051,-0.067,0
195,28,22,3,28.907,-0.224,0.291,-0.054,-0.067,0
196,35,18,4,9.296,-0.166,-0.436,0.078,-0.044,1
197,86,36,7,24.179,0.84,-0.406,-0.021,0.049,0
198,157,76,6,24.501,0.281,0.034,-0.085,-0.028,0
199,192,62,16,28.555,0.333,-0.21,-0.037,0.018,0
200,128,51,14,25.236,0.133,0.101,-0.042,0.025,0
201,124,63,6,28.004,0.495,-0.025,-0.107,0.025,0
202,12,7,4,8.077,-0.32,-0.012,0.065,-0.067,1
203,36,17,7,25.135,0.129,-0.436,0.037,-0.023,0
204,166,61,11,23.957,0.102,0.101,-0.041,-0.006,0
205,182,93,10,28.488,0.11,0.026,-0.064,-0.045,0
206,44,19,7,14.079,-0.106,-0.378,0.073,0.001,1
207,25,13,5,10.323,0.057,-0.13,-0.013,0.109,1
208,55,27,5,27.531,0.195,-0.251,-0.039,-0.034,0
209,89,33,12,25.942,-0.047,-0.436,0.073,-0.029,0
210,99,41,11,21.256,0.252,-0.359,0.001,0.002,0
211,121,50,13,24.118,0.103,0.006,-0.042,-0.016,0
212,111,44,17,28.263,0.02,-0.298,0.017,-0.009,0
213,48,17,4,9.317,-0.264,0.359,0.002,-0.059,1
214,115,27,12,27.531,0.254,-0.214,-0.002,0.048,0
215,110,33,13,27.226,-0.136,-0.089,-0.007,-0.02,1
216,109,51,10,26.248,0.249,-0.319,0.001,-0.018,0
217,59,27,7,13.378,-0.16,0.211,-0.063,-0.067,1
218,117,43,8,23.529,0.049,-0.392,0.025,-0.047,0
219,105,53,8,23.268,-0.127,0.146,-0.07,-0.063,0
220,71,26,7,15.371,-0.187,-0.257,0.064,-0.05,1
221,11,7,2,0.159,-0.32,0.721,-0.121,-0.067,1
222,77,39,3,26.282,0.625,-0.337,-0.056,0.034,0
223,73,38,6,27.96,-0.061,-0.192,0.134,0.045,0
224,67,42,9,22.213,0.042,-0.436,0.032,-0.058,1
225,21,10,3,3.149,-0.192,-0.436,0.202,-0.067,1
226,8,8,1,0.068,-0.32,0.518,-0.081,-0.067,1
227,43,20,8,21.414,-0.101,-0.317,0.142,0.04,0
228,50,28,6,10.393,-0.023,0.277,-0.084,-0.063,1
229,143,42,9,27.62,-0.103,-0.365,0.089,0.164,1
230,7,6,3,4.272,0.065,-0.072,-0.036,0.019,1
231,102,47,7,19.266,-0.069,0.238,-0.07,0.007,0
232,394,60,14,25.983,-0.077,-0.384,0.145,-0.032,0
233,70,21,12,26.424,-0.32,0.509,-0.079,-0.067,1
234,22,8,5,19.04,-0.32,-0.204,0.198,-0.022,1
235,33,21,3,8.097,0.007,0.104,-0.075,-0.049,1
236,233,40,24,26.555,-0.256,-0.043,0.04,-0.057,0
237,94,38,5,17.258,0.34,-0.436,-0.016,-0.003,0
238,160,49,14,26.383,-0.236,0.328,-0.044,-0.051,0
239,95,47,8,21.437,0.12,0.154,-0.099,-0.012,0
240,140,40,11,21.182,-0.021,-0.345,0.103,-0.017,0
241,13,10,1,0.036,-0.32,0.151,-0.009,-0.067,1
242,8,6,2,0.135,-0.32,-0.118,0.044,-0.067,1
243,115,53,13,24.021,0.137,-0.259,-0.006,-0.017,0
244,61,17,8,18.253,-0.232,-0.436,0.09,-0.048,1
245,55,42,8,27.406,-0.32,0.304,-0.003,-0.053,0
246,69,33,6,27.987,-0.027,-0.436,0.114,-0.032,0
247,48,17,7,27.995,0.186,-0.436,0.023,-0.013,0
248,64,15,6,12.27,0.017,-0.356,0.028,0.027,0
249,7,5,2,0.366,1.028,-0.436,-0.108,0.133,1
250,130,54,14,28.294,0.012,-0.377,-0.001,-0.055,0
251,151,68,16,26.904,0.251,0.205,-0.112,-0.018,0
252,92,47,6,27.332,0.12,-0.297,-0.008,-0.048,0
253,46,14,4,11.971,-0.261,-0.436,0.085,-0.067,1
254,84,44,6,24.177,-0.16,0.231,-0.06,-0.046,0
255,61,22,11,26.183,-0.187,-0.311,0.041,-0.054,0
256,86,49,10,24.559,0.37,-0.436,-0.01,-0.016,0
257,44,16,6,6.417,-0.259,0.143,-0.03,-0.067,1
258,47,16,3,5.012,-0.234,0.539,-0.096,-0.059,0
259,53,40,4,18.212,-0.32,0.38,-0.035,-0.052,0
260,106,70,13,24.995,0.125,0.188,-0.111,-0.048,0
261,84,34,6,28.003,0.081,-0.042,-0.042,-0.017,0
262,28,11,5,26.362,-0.079,-0.436,0.125,0.126,1
263,55,21,7,24.47,0.366,-0.436,-0.075,-0.056,0
264,78,44,7,28.253,0.199,-0.403,-0.009,-0.029,0
265,5,4,1,0.011,-0.32,-0.436,0.107,-0.067,1
266,18,9,5,7.964,-0.32,-0.294,0.107,-0.067,1
267,121,49,9,28.503,-0.041,0.09,-0.026,-0.019,0
268,35,17,4,25.356,-0.127,0.291,-0.079,-0.056,1
269,164,52,12,27.028,0.412,-0.436,-0.015,0.024,0
270,20,17,3,14.207,-0.05,0.2,-0.119,-0.067,1
271,34,18,5,19.174,-0.241,-0.286,0.063,-0.067,0
272,33,16,6,21.019,-0.32,0.104,0.001,-0.067,0
273,178,65,12,28.379,0.445,-0.193,-0.051,0.0,0
274,13,8,3,7.217,-0.32,-0.044,0.145,0.041,1
275,189,61,16,23.389,0.272,-0.153,-0.013,0.172,0
276,122,38,9,26.173,0.354,-0.227,-0.029,0.081,0
277,83,36,10,28.074,-0.141,0.177,-0.05,-0.058,0
278,13,7,1,0.005,-0.32,-0.436,0.184,0.087,1
279,161,69,9,28.105,-0.027,0.054,-0.033,-0.035,0
280,19,10,3,8.926,-0.32,-0.034,0.028,-0.067,1
281,98,55,9,24.979,0.093,-0.124,-0.001,-0.01,0
282,121,56,13,28.061,0.037,-0.289,0.028,-0.026,0
283,54,23,5,12.075,-0.195,0.035,0.014,-0.056,1
284,273,88,17,28.237,0.085,0.068,-0.036,-0.006,0
285,78,29,7,14.248,-0.113,0.315,-0.086,-0.044,1
286,77,37,9,28.035,0.153,-0.304,-0.01,0.045,0
287,17,14,2,0.127,-0.32,0.163,0.018,0.027,1
288,39,16,4,9.225,-0.113,0.217,-0.047,-0.042,0
289,104,61,12,26.092,-0.087,0.176,-0.038,-0.004,0
290,216,73,17,25.119,0.03,0.153,-0.035,-0.012,0
291,16,7,4,23.422,-0.32,0.041,0.107,-0.03,1
292,41,20,3,13.209,-0.188,-0.25,0.156,-0.004,1
293,161,66,13,27.927,-0.086,0.196,-0.046,-0.039,1
294,90,45,7,25.404,-0.125,0.13,0.046,0.046,1
295,24,21,2,15.134,0.017,0.306,-0.123,-0.067,1
296,123,71,6,28.029,0.294,0.123,-0.097,-0.038,0
297,68,27,5,26.431,0.096,0.013,0.026,-0.011,1
298,9,6,3,8.467,-0.32,0.13,-0.005,-0.067,1
299,13,10,2,25.982,-0.32,0.543,-0.086,-0.067,0
300,204,68,15,28.237,-0.227,0.437,-0.075,-0.051,0
301,46,28,7,26.204,-0.056,0.228,-0.078,-0.05,0
302,12,9,2,0.143,-0.32,0.2,-0.018,-0.067,1
303,85,49,9,27.904,0.108,0.073,-0.105,-0.006,0
304,33,19,3,22.054,-0.32,-0.359,0.168,-0.055,1
305,125,42,13,27.139,-0.18,-0.334,0.139,0.087,0
306,134,55,13,23.315,0.052,-0.227,0.01,-0.039,0
307,50,21,6,21.341,-0.077,-0.283,0.107,0.125,1
308,17,12,4,11.273,-0.161,-0.136,0.018,-0.032,1
309,31,16,3,4.178,-0.016,0.303,-0.039,0.133,1
310,13,4,3,10.488,-0.32,0.543,-0.086,-0.067,1
311,40,17,5,26.936,0.657,-0.436,-0.106,0.028,0
312,9,6,2,1.083,0.279,-0.436,-0.06,-0.067,1
313,88,37,12,27.008,0.186,-0.349,-0.013,-0.04,0
314,46,20,6,10.442,0.149,-0.436,0.009,-0.063,0
315,288,82,19,28.203,-0.03,0.121,-0.045,-0.025,0
316,169,64,13,28.184,0.342,-0.074,-0.044,0.038,0
317,238,95,11,28.18,-0.059,0.238,-0.072,-0.056,0
318,16,14,1,0.054,0.017,0.359,-0.081,0.02,1
319,201,61,16,28.503,0.109,-0.334,0.039,-0.034,0
320,4,3,2,1.033,-0.32,-0.436,0.232,-0.067,1
321,43,16,5,6.438,-0.163,0.038,-0.033,-0.067,1
322,38,16,4,10.431,-0.178,-0.302,0.107,-0.041,0
323,162,55,16,28.215,-0.154,0.287,-0.076,-0.055,0
324,122,26,8,19.374,-0.221,-0.144,0.119,-0.029,0
325,76,29,11,23.961,-0.196,-0.235,0.041,-0.046,0
326,6,5,2,6.985,-0.32,-0.436,0.274,0.066,1
327,98,49,6,23.36,0.409,-0.41,-0.036,-0.012,0
328,166,79,20,27.949,0.248,-0.16,-0.056,-0.042,0
329,15,8,2,15.346,-0.32,0.243,-0.027,-0.067,1
330,246,74,16,28.271,0.244,-0.27,-0.001,0.018,0
331,17,8,3,11.194,-0.32,0.462,-0.011,-0.067,1
332,49,14,4,5.908,-0.32,-0.28,0.137,0.039,1
333,120,54,10,27.108,-0.028,0.052,0.011,0.06,0
334,64,34,10,24.048,-0.173,-0.356,0.068,-0.042,0
335,103,50,17,28.467,-0.071,-0.139,-0.005,0.005,0
336,184,54,14,26.257,0.134,-0.007,-0.051,-0.031,0
337,50,26,7,27.331,-0.104,-0.181,0.007,-0.043,0
338,204,80,14,28.276,0.103,0.013,-0.033,-0.008,0
339,173,71,11,28.208,0.085,0.138,-0.07,-0.012,0
340,5,3,1,0.001,-0.32,-0.436,0.107,-0.067,1
341,5,3,1,0.002,-0.32,-0.436,0.207,0.093,1
342,48,31,5,21.403,-0.151,0.2,-0.06,-0.059,0
343,41,22,6,17.982,-0.188,0.495,-0.089,-0.048,1
344,47,21,7,26.954,-0.148,-0.057,0.064,-0.012,1
345,12,7,1,0.038,-0.32,-0.436,0.149,-0.067,1
346,118,45,4,19.047,0.068,0.082,-0.033,0.021,0
347,39,17,5,12.976,0.095,-0.436,0.081,0.092,1
348,137,67,9,28.373,-0.153,0.177,-0.043,-0.031,0
349,175,50,11,28.469,-0.066,-0.407,0.092,-0.021,0
350,203,66,10,21.338,-0.041,0.141,0.092,-0.04,0
351,9,8,2,0.083,-0.32,-0.153,0.051,-0.067,1
352,36,17,4,7.51,-0.133,-0.012,0.037,0.022,1
353,11,6,4,9.907,-0.32,-0.204,0.061,-0.067,1
354,94,51,9,21.269,-0.205,-0.003,0.0,-0.054,0
355,40,17,5,21.244,0.051,-0.181,-0.031,-0.037,0
356,6,5,1,0.001,-0.32,-0.012,0.023,-0.067,1
357,80,45,8,25.263,0.202,-0.213,-0.012,-0.015,0
358,49,29,10,23.968,-0.072,-0.228,0.015,-0.047,0
359,106,42,15,22.122,-0.117,0.116,-0.03,-0.037,0
360,161,48,10,28.513,-0.086,0.07,-0.002,-0.037,0
361,88,42,12,25.442,0.216,-0.32,-0.036,-0.049,0
362,95,28,12,13.001,-0.121,-0.088,0.022,-0.034,1
363,9,6,1,0.011,-0.32,-0.153,0.051,-0.067,1
364,11,11,2,0.123,-0.32,0.49,-0.075,-0.067,1
365,56,19,5,9.512,-0.248,0.155,-0.027,0.022,0
366,259,80,15,28.245,0.096,0.124,-0.019,0.03,0
367,151,50,6,28.386,-0.052,-0.014,-0.033,-0.033,0
368,149,44,11,28.464,0.006,-0.231,0.006,-0.046,0
369,14,10,2,0.096,0.065,-0.436,-0.001,-0.067,1
370,8,5,2,0.091,-0.32,-0.118,0.044,-0.067,1
371,13,7,6,23.256,-0.32,0.347,-0.047,-0.067,0
372,135,67,7,27.966,0.229,0.13,-0.105,-0.038,1
373,44,28,6,28.268,-0.106,-0.031,-0.03,-0.013,1
374,112,44,6,25.37,0.234,-0.072,0.044,0.012,0
375,88,32,8,20.065,0.293,-0.349,0.141,0.22,0
376,47,26,4,7.009,-0.091,0.16,-0.064,-0.025,1
377,18,14,2,0.101,-0.095,0.412,-0.116,-0.045,1
378,88,47,7,28.101,0.323,0.316,-0.144,-0.019,0
379,7,4,1,0.005,-0.32,-0.072,0.035,-0.067,1
380,6,3,2,0.967,-0.32,-0.436,0.19,0.033,1
381,198,61,14,27.071,0.231,-0.269,0.051,0.001,0
382,4,2,1,0.0,-0.32,-0.436,0.107,-0.067,1
383,4,4,2,0.089,-0.32,0.2,-0.018,-0.067,1
384,20,10,2,0.091,-0.32,0.073,0.007,-0.067,1
385,46,12,4,6.257,-0.203,-0.436,0.248,-0.028,1
386,18,10,2,0.948,-0.32,-0.012,0.079,-0.0,1
387,175,53,15,25.153,0.212,-0.043,-0.002,0.04,0
388,161,56,12,26.006,0.166,0.038,-0.018,0.006,1
389,6,3,3,4.127,-0.32,-0.012,0.023,-0.067,1
390,14,10,1,0.037,-0.32,0.473,-0.036,-0.067,1
391,5,4,2,26.165,-0.32,-0.436,0.107,-0.067,1
392,21,12,7,21.374,-0.063,-0.072,-0.036,-0.067,0
393,39,17,3,5.964,-0.147,0.086,0.03,0.108,1
394,159,70,6,27.473,0.028,0.172,-0.085,-0.048,0
395,7,4,2,1.41,-0.32,0.291,-0.036,-0.067,1
396,86,59,6,28.428,0.025,0.304,-0.103,0.047,0
397,137,64,6,27.285,0.202,0.047,-0.076,-0.039,0
398,85,35,8,22.166,-0.177,0.283,-0.023,-0.025,0
399,11,9,3,2.948,-0.197,-0.436,0.061,-0.067,1
400,46,34,4,20.486,-0.027,0.228,-0.089,-0.05,1
401,42,29,7,15.89,-0.16,0.231,-0.06,-0.029,1
402,153,50,13,17.041,-0.082,0.23,-0.063,-0.021,0
403,124,48,9,26.987,0.115,0.139,-0.01,0.103,0
404,11,8,3,19.956,-0.32,0.258,-0.03,-0.067,1
405,7,7,1,0.052,-0.32,0.291,-0.036,-0.067,1
406,232,75,20,26.432,0.081,0.069,-0.047,-0.035,0
407,102,37,9,25.373,-0.148,-0.086,0.058,-0.02,1
408,110,65,7,23.865,0.084,0.189,-0.103,-0.047,0
409,128,41,10,26.389,0.122,-0.098,0.056,0.002,0
410,190,83,9,28.525,0.106,-0.034,-0.028,-0.017,0
411,11,8,3,5.037,-0.32,0.49,-0.075,-0.067,1
412,71,26,7,23.447,0.231,-0.4,0.022,0.083,0
413,109,52,5,23.269,0.533,-0.436,0.01,0.043,0
414,5,4,1,0.004,-0.32,-0.436,0.107,-0.067,1
415,83,42,8,27.926,0.248,-0.282,0.004,0.008,0
416,65,23,12,23.442,-0.258,0.151,-0.024,-0.052,0
417,34,10,5,14.25,0.156,-0.436,0.063,0.122,1
418,234,57,14,28.429,0.158,-0.294,0.038,-0.017,0
419,5,4,1,0.003,-0.32,-0.436,0.207,0.013,1
420,7,4,1,0.01,-0.32,-0.436,0.107,-0.067,1
421,161,67,9,27.93,0.065,0.181,-0.092,-0.05,0
422,29,15,2,18.955,0.331,-0.436,-0.049,0.002,1
423,48,21,4,12.194,-0.095,0.306,-0.018,0.117,1
424,12,7,2,0.418,-0.32,0.2,0.023,-0.0,1
425,164,64,13,27.434,0.099,0.154,-0.089,-0.01,0
426,13,6,1,0.019,-0.32,-0.24,0.068,-0.067,1
427,126,36,6,17.424,0.012,-0.153,-0.013,-0.051,0
428,150,61,14,28.397,-0.203,0.379,-0.087,-0.058,0
429,33,11,4,10.359,0.293,-0.436,-0.015,-0.019,1
430,30,16,3,18.06,-0.23,0.073,0.007,-0.047,1
431,98,37,10,22.013,-0.086,-0.176,0.005,-0.063,1
432,10,4,1,0.038,-0.32,0.328,-0.044,-0.067,1
433,94,37,9,25.344,-0.091,-0.3,0.144,0.005,0
434,27,12,5,14.886,-0.32,-0.153,0.162,0.081,1
435,92,36,12,23.093,-0.056,0.173,-0.067,-0.056,1
436,6,4,2,5.23,0.579,-0.436,-0.144,-0.067,1
437,74,45,8,25.497,-0.047,0.286,-0.083,-0.016,0
438,13,7,2,4.323,-0.32,-0.436,0.299,-0.052,1
439,154,62,8,24.469,0.135,-0.122,-0.01,-0.006,0
440,15,8,3,2.374,-0.32,-0.266,0.073,-0.067,1
441,125,73,8,28.13,0.316,-0.09,-0.066,-0.032,0
442,21,10,2,0.169,0.065,-0.436,0.059,-0.0,1
443,223,74,8,23.018,0.478,0.055,-0.12,-0.028,0
444,112,47,15,26.275,-0.127,0.2,-0.054,-0.044,0
445,39,28,9,21.608,-0.251,-0.24,0.055,-0.031,0
446,125,45,7,26.33,-0.061,-0.354,0.055,-0.016,1
447,28,15,3,9.062,-0.079,0.11,-0.072,-0.046,1
448,42,23,4,7.027,-0.127,0.17,0.059,0.033,1
449,57,28,12,28.228,-0.225,-0.168,0.089,0.077,1
450,22,17,3,1.353,-0.197,0.143,-0.053,-0.067,1
451,23,14,2,0.05,0.032,0.228,-0.133,-0.067,1
452,109,53,10,25.009,-0.209,-0.016,-0.008,-0.038,0
453,57,23,7,22.898,-0.107,0.189,-0.016,-0.053,1
454,16,9,2,26.223,-0.32,-0.277,0.075,-0.067,1
455,205,68,8,26.923,0.002,-0.001,0.029,-0.012,0
456,40,21,5,16.43,-0.151,-0.308,0.082,-0.057,1
457,106,26,10,18.867,-0.295,0.308,-0.049,-0.067,1
458,51,19,7,20.383,-0.135,0.163,-0.05,-0.063,0
459,152,54,6,28.402,-0.054,0.083,-0.065,-0.067,0
460,5,5,1,0.0,-0.32,0.073,0.007,-0.067,1
461,82,34,9,28.36,0.042,0.123,-0.095,-0.055,0
462,157,74,10,25.366,0.161,0.067,-0.081,-0.046,0
463,85,46,7,28.16,-0.003,0.283,-0.105,-0.051,1
464,148,55,8,25.026,-0.074,0.252,-0.049,-0.017,0
465,107,38,10,28.282,-0.081,-0.174,0.065,-0.037,0
466,116,43,7,14.148,-0.134,0.244,-0.049,-0.019,0
467,12,6,3,6.366,-0.32,0.2,-0.018,-0.067,1
468,219,66,17,25.163,-0.025,0.215,-0.069,-0.037,0
469,139,63,9,28.383,-0.116,-0.015,-0.001,-0.038,0
470,195,70,15,27.885,0.067,-0.07,-0.019,-0.003,0
471,140,51,7,25.522,0.133,0.055,0.053,0.095,0
472,91,50,10,27.323,0.199,-0.324,0.002,-0.021,0
473,72,35,5,22.176,-0.283,0.024,0.058,-0.017,1
474,5,4,1,0.005,-0.32,-0.436,0.107,-0.067,1
475,58,17,4,19.284,0.005,0.003,-0.014,-0.019,1
476,52,30,6,13.171,-0.061,0.347,-0.096,-0.021,0
477,94,13,5,12.87,-0.263,-0.246,0.075,-0.042,1
478,6,4,2,0.322,-0.32,-0.012,0.023,-0.067,1
479,261,55,25,27.567,-0.072,0.11,-0.043,0.05,0
480,13,9,4,17.391,-0.113,0.347,-0.047,-0.067,1
481,102,61,11,26.909,-0.056,0.313,-0.09,-0.014,0
482,9,7,2,0.288,-0.32,-0.436,0.329,0.022,1
483,118,64,6,27.363,-0.012,0.103,-0.042,-0.037,1
484,15,6,3,4.0,0.039,-0.436,0.04,0.013,1
485,12,8,1,0.003,-0.32,-0.436,0.19,-0.017,1
486,7,4,1,0.001,-0.32,-0.436,0.107,-0.067,0
487,107,28,9,24.783,0.033,-0.436,0.06,0.056,0
488,152,86,6,28.286,0.443,0.234,-0.124,0.055,0
489,7,4,3,1.25,-0.32,0.291,-0.036,-0.067,1
490,8,6,3,8.978,0.017,-0.436,-0.018,-0.067,1
491,5,4,1,0.001,-0.32,0.073,0.007,-0.067,1
492,6,6,1,0.002,-0.32,-0.012,0.023,-0.067,0
493,94,61,7,28.354,-0.076,0.322,-0.106,-0.054,0
494,7,3,2,0.937,-0.32,-0.436,0.107,-0.067,1
495,4,2,2,0.028,-0.32,-0.436,0.107,-0.067,1
496,222,76,20,27.278,0.202,-0.023,-0.053,-0.028,0
497,19,9,3,6.011,0.035,0.1,-0.051,0.133,0
498,56,15,3,1.155,-0.176,0.428,-0.072,0.019,1
499,31,19,5,17.975,-0.233,0.221,-0.023,-0.067,0
500,38,11,6,14.432,-0.249,-0.369,0.12,-0.046,0
501,79,43,11,25.118,0.209,-0.178,-0.052,-0.042,0
502,20,8,2,0.361,-0.32,0.582,-0.044,-0.067,1
503,22,16,2,14.232,0.477,-0.32,-0.075,0.033,0
504,161,37,9,28.251,-0.077,-0.341,0.104,-0.035,0
505,229,73,11,28.124,0.157,0.264,-0.086,-0.003,0
506,160,58,14,25.034,0.084,-0.34,0.007,-0.027,0
507,29,9,5,12.353,0.145,-0.348,0.055,-0.033,1
508,94,50,9,28.098,0.497,0.052,-0.117,0.01,0
509,59,16,5,16.381,-0.0,-0.306,-0.004,-0.057,0
510,152,58,11,25.302,0.363,-0.285,-0.032,0.038,0
511,48,16,4,6.076,-0.123,0.094,-0.029,-0.034,1
512,4,3,2,0.048,-0.32,-0.436,0.107,-0.067,1
513,184,64,11,27.269,-0.1,0.311,-0.087,-0.053,0
514,10,5,3,27.057,-0.32,0.073,0.007,-0.067,0
515,7,7,2,0.042,-0.32,0.291,-0.036,-0.067,1
516,6,6,1,0.009,-0.32,-0.012,0.023,-0.067,1
517,14,5,3,1.476,-0.32,-0.254,0.143,-0.01,1
518,14,7,3,3.43,-0.32,0.11,0.071,-0.024,1
519,50,22,5,26.888,0.084,-0.029,-0.084,-0.047,1
520,115,52,7,26.508,0.102,-0.391,0.068,0.259,0
521,145,70,14,26.229,0.154,0.021,0.02,0.053,0
522,20,12,4,7.988,-0.05,0.2,-0.069,-0.037,1
523,79,34,8,23.39,0.141,0.337,-0.122,-0.027,0
524,169,75,13,27.393,0.31,0.106,-0.104,-0.002,0
525,179,68,8,21.122,0.154,0.275,-0.092,-0.022,0
526,23,13,2,13.319,0.032,-0.325,0.063,0.194,1
527,88,57,7,20.823,-0.228,0.403,-0.07,-0.067,0
528,65,29,7,26.893,-0.071,-0.436,0.076,0.041,0
529,5,3,1,0.007,-0.32,0.073,0.107,0.013,1
530,287,74,20,28.136,-0.066,-0.143,0.03,-0.018,0
531,39,17,4,20.946,0.026,-0.305,0.043,0.082,1
532,80,34,7,22.113,-0.067,-0.086,0.038,-0.005,1
533,5,4,1,0.001,-0.32,-0.436,0.107,-0.067,1
534,31,11,2,2.971,0.115,0.221,-0.119,-0.035,1
535,6,4,1,0.009,-0.32,-0.012,0.023,-0.067,1
536,4,2,1,0.0,-0.32,-0.436,0.107,-0.067,1
537,29,10,4,18.018,-0.32,0.266,-0.031,-0.067,1
538,18,10,1,0.293,-0.32,-0.012,0.023,-0.067,1
539,126,42,8,21.898,-0.085,-0.254,0.115,-0.016,0
540,191,51,11,28.157,-0.136,0.017,0.07,-0.011,1
541,91,47,7,27.955,-0.157,-0.072,0.008,-0.043,0
542,12,3,4,13.156,-0.32,-0.436,0.107,-0.067,1
543,163,66,8,28.406,0.003,0.267,-0.102,-0.059,0
544,6,6,1,0.019,-0.32,-0.012,0.023,-0.067,1
545,8,6,1,0.002,-0.32,0.2,0.107,-0.017,1
546,103,36,10,24.08,-0.241,-0.065,0.121,-0.038,0
547,111,45,8,23.394,0.117,-0.092,-0.042,0.019,1
548,72,32,5,16.181,0.916,-0.294,-0.053,0.092,0
549,32,10,4,18.362,-0.32,-0.197,0.075,-0.055,1
550,40,18,6,12.075,-0.118,-0.372,0.057,-0.062,1
551,6,4,2,3.355,-0.32,-0.012,0.023,-0.067,1
552,143,49,15,28.265,0.048,-0.115,0.047,-0.001,0
553,12,8,2,1.289,-0.32,-0.012,0.065,-0.0,1
554,193,75,7,23.102,0.183,0.184,-0.085,-0.027,0
555,9,5,1,0.021,-0.32,-0.436,0.107,-0.067,1
556,139,36,14,26.978,-0.213,0.223,-0.052,-0.049,0
557,22,10,4,6.242,-0.32,0.143,-0.007,-0.067,1
558,128,53,12,28.335,0.207,0.041,-0.015,0.039,0
559,37,17,4,5.89,-0.065,0.114,-0.042,-0.013,1
560,97,36,8,25.977,-0.098,0.194,-0.059,-0.051,1
561,4,2,2,4.092,-0.32,-0.436,0.107,-0.067,1
562,19,11,2,2.34,-0.32,0.234,-0.025,-0.067,1
563,38,16,7,9.947,-0.214,-0.168,0.041,0.012,1
564,54,22,7,12.028,-0.22,0.365,-0.07,-0.056,1
565,44,34,6,27.984,-0.167,0.143,-0.03,-0.035,0
566,9,6,2,9.371,-0.32,-0.153,0.051,-0.067,1
567,81,38,6,27.358,-0.07,-0.341,0.039,-0.038,0
568,98,40,10,26.987,-0.072,-0.358,0.143,0.127,0
569,127,49,8,26.221,-0.086,0.105,-0.047,-0.034,0
570,185,67,23,27.994,0.066,-0.408,0.039,-0.033,0
571,13,7,1,0.142,-0.32,0.151,-0.009,-0.067,1
572,140,57,18,28.029,-0.099,-0.254,0.092,0.05,0
573,292,74,14,28.092,-0.098,0.261,-0.029,-0.006,0
574,171,59,10,27.971,0.208,-0.168,0.004,-0.014,0
575,156,65,9,28.003,0.069,-0.224,0.02,-0.006,0
576,82,32,9,25.352,-0.057,-0.125,0.003,-0.06,0
577,89,41,5,28.23,0.013,0.165,-0.09,-0.056,0
578,55,14,5,17.137,-0.099,0.119,-0.03,0.013,1
579,8,3,1,0.002,-0.32,-0.436,0.107,-0.067,1
580,145,47,10,28.381,0.024,-0.208,0.027,0.001,0
581,70,31,9,26.083,-0.147,-0.363,0.057,-0.027,0
582,10,8,1,0.029,-0.32,0.073,0.057,-0.067,1
583,54,28,6,11.075,-0.17,0.271,-0.07,-0.056,1
584,370,61,13,24.32,-0.174,-0.374,0.137,-0.036,0
585,177,54,11,28.217,-0.008,-0.278,0.002,-0.051,0
586,89,47,6,26.332,0.104,0.079,-0.056,-0.002,0
587,22,11,2,0.996,0.415,-0.436,0.016,0.051,1
588,173,61,16,26.131,0.194,-0.274,-0.003,0.008,0
589,101,33,10,23.867,0.241,-0.133,-0.052,-0.028,0
590,8,7,1,0.226,-0.32,-0.436,0.107,-0.067,1
591,243,83,15,28.314,-0.043,0.067,-0.042,-0.041,0
592,13,9,1,0.033,0.095,-0.436,-0.009,-0.067,1
593,117,58,7,27.032,0.199,0.086,-0.094,0.015,0
594,4,3,1,0.001,-0.32,-0.436,0.107,-0.067,1
595,55,29,4,24.04,0.244,-0.019,-0.057,0.028,1
596,115,49,10,23.899,0.008,-0.303,0.041,-0.02,0
597,197,67,13,27.149,-0.06,0.094,-0.033,-0.039,0
598,127,50,6,23.021,0.211,0.005,-0.055,0.015,0
599,155,64,7,22.298,0.158,0.024,-0.039,0.005,0
600,58,29,9,15.279,-0.041,0.047,-0.031,0.036,0
601,58,29,5,10.784,-0.111,0.266,-0.075,-0.06,1
602,27,15,5,24.941,1.178,-0.436,-0.042,-0.023,0
603,13,7,1,0.018,-0.32,0.347,0.03,-0.021,1
604,65,26,8,26.013,-0.071,-0.318,0.022,-0.046,0
605,13,7,2,4.104,-0.32,-0.044,0.068,-0.021,1
606,188,76,13,28.352,0.024,0.011,-0.048,-0.013,0
607,107,40,9,21.261,-0.32,0.04,0.022,-0.058,1
608,9,6,3,28.401,-0.32,-0.153,0.051,-0.067,0
609,74,16,7,8.932,-0.192,-0.229,0.1,0.066,1
610,18,6,3,11.011,-0.32,-0.436,0.302,-0.067,1
611,180,50,17,27.222,-0.215,-0.167,0.04,-0.06,0
612,4,1,1,0.0,-0.32,-0.436,0.107,-0.067,1
613,52,25,4,17.067,-0.19,0.2,-0.028,-0.048,1
614,15,12,1,0.843,-0.32,0.243,0.04,-0.067,1
615,86,30,7,22.249,-0.242,0.452,-0.08,-0.058,1
616,6,6,2,2.925,-0.32,0.412,0.107,-0.034,1
617,10,5,2,3.231,-0.05,-0.436,0.007,-0.067,1
618,17,8,1,0.007,0.156,-0.136,0.018,0.004,1
619,28,16,2,5.715,-0.079,0.11,0.035,-0.003,1
620,45,27,10,27.854,0.129,-0.266,-0.038,-0.009,1
621,159,41,11,27.356,-0.074,-0.036,-0.01,-0.04,0
622,170,90,6,28.202,0.402,0.178,-0.132,-0.041,0
623,142,71,6,24.002,-0.064,0.263,-0.091,-0.062,0
624,22,5,3,7.883,-0.32,-0.436,0.221,0.07,1
625,39,14,6,7.897,-0.216,0.086,-0.022,-0.006,1
626,81,32,7,26.078,-0.17,0.255,-0.042,-0.033,1
627,17,9,1,0.028,-0.32,0.313,0.048,-0.056,1
628,31,12,2,1.018,-0.32,0.549,0.01,-0.054,1
629,110,30,8,20.376,-0.234,0.235,-0.016,-0.058,1
630,156,72,10,25.92,0.25,0.07,-0.092,0.015,0
631,155,56,8,23.027,0.689,0.008,-0.139,0.021,0
632,52,31,7,28.253,-0.035,-0.436,0.059,-0.036,0
633,4,2,1,0.003,-0.32,-0.436,0.107,-0.067,1
634,90,34,10,19.249,-0.125,-0.012,0.062,-0.003,0
636,42,16,4,7.9,-0.192,0.17,0.071,-0.048,0
637,22,13,2,20.853,-0.32,0.143,0.13,0.015,1
638,158,60,9,28.217,0.192,0.176,-0.093,-0.029,1
639,163,55,17,27.202,-0.08,-0.077,0.045,-0.012,0
640,11,9,2,0.933,-0.32,0.027,0.016,-0.067,1
641,38,15,3,26.75,0.531,-0.436,0.08,0.281,0
642,6,5,1,0.012,-0.32,-0.436,0.107,-0.067,1
643,19,15,1,0.051,-0.107,0.234,-0.104,-0.067,1
644,100,47,14,27.995,-0.064,-0.258,0.042,-0.057,0
645,115,41,11,25.804,-0.191,-0.17,0.124,0.069,0
646,12,6,1,0.298,-0.32,-0.436,0.107,-0.067,1
647,37,20,2,9.826,0.117,-0.023,-0.056,-0.008,0
648,115,46,6,26.998,0.055,-0.325,0.089,0.006,0
649,208,55,11,28.11,0.043,-0.056,0.022,0.004,0
650,10,8,3,8.101,-0.32,0.073,0.007,-0.067,1
651,14,9,2,3.006,-0.031,-0.436,-0.001,-0.067,1
652,20,14,1,0.079,-0.05,0.328,-0.094,-0.057,1
653,95,41,7,26.844,0.148,0.1,-0.073,-0.002,1
654,32,22,5,20.377,-0.151,0.121,-0.05,-0.061,1
655,181,63,13,27.204,-0.156,0.506,-0.112,-0.042,0
656,164,33,19,23.348,-0.254,-0.25,0.092,-0.018,1
657,74,38,7,28.332,-0.029,-0.195,-0.002,-0.04,0
658,45,20,3,11.259,-0.02,-0.266,0.029,-0.009,1
659,146,53,11,27.981,-0.283,-0.366,0.121,0.01,0
660,31,17,5,25.007,-0.059,-0.189,0.091,0.101,1
661,129,43,10,26.946,-0.069,0.038,-0.025,-0.042,0
662,7,5,2,4.184,-0.32,-0.436,0.107,-0.067,1
663,52,16,7,19.83,0.043,-0.24,0.03,0.041,1
664,8,6,2,8.773,-0.32,-0.118,0.044,-0.067,1
665,29,16,5,12.165,-0.274,0.091,-0.014,-0.067,1
666,37,18,3,23.824,-0.247,0.183,-0.029,-0.067,1
667,8,4,2,2.077,-0.32,-0.436,0.107,-0.067,1
668,132,47,10,28.087,-0.157,0.065,-0.026,-0.061,0
669,64,28,4,16.067,0.017,-0.237,0.005,-0.036,0
670,164,49,10,28.087,-0.197,0.2,-0.018,-0.054,0
671,82,27,8,12.215,-0.238,0.061,0.119,0.004,0
672,78,46,6,23.168,-0.182,0.151,-0.015,-0.029,0
673,268,91,13,28.301,0.017,0.238,-0.082,-0.04,0
674,32,16,3,15.77,-0.194,0.2,-0.003,0.046,0
675,139,64,12,26.173,-0.107,0.205,-0.016,-0.034,0
676,69,28,10,25.099,-0.222,0.044,-0.017,-0.061,0
677,132,51,16,28.256,-0.085,0.162,0.069,0.015,0
678,75,33,3,24.788,0.381,-0.368,0.06,0.075,0
679,127,51,11,20.867,0.158,0.045,-0.043,-0.007,1
680,97,40,8,25.033,0.292,-0.121,-0.059,-0.001,0
681,218,56,13,28.283,-0.11,0.346,-0.075,-0.055,0
682,4,3,1,0.001,-0.32,-0.436,0.107,-0.067,1
683,77,42,8,21.798,0.013,-0.337,0.022,-0.036,0
684,114,49,11,27.956,-0.273,-0.302,0.164,-0.057,0
685,6,5,1,0.019,-0.32,-0.436,0.19,-0.067,1
686,206,71,9,28.023,0.112,0.207,-0.093,-0.022,0
687,161,73,9,21.123,0.107,0.086,-0.089,-0.044,0
688,147,53,8,28.08,-0.008,-0.263,0.093,0.068,0
689,135,61,8,22.024,0.109,-0.021,-0.06,-0.041,0
690,232,65,15,28.085,0.255,-0.359,0.025,0.032,0
691,82,31,5,18.273,-0.09,0.154,-0.052,-0.053,1
692,23,12,4,11.912,0.442,-0.325,-0.046,-0.024,1
693,121,66,7,28.328,0.415,-0.373,-0.046,0.042,0
694,31,15,2,0.992,-0.016,0.221,-0.087,-0.054,1
695,146,48,11,28.207,0.132,0.087,-0.072,-0.026,0
696,57,31,5,10.268,-0.178,0.234,-0.06,-0.053,1
697,153,65,8,27.063,0.121,0.18,-0.073,-0.032,0
698,55,20,7,26.156,-0.271,0.212,0.007,-0.02,1
699,7,5,1,0.001,-0.32,-0.436,0.107,-0.067,1
700,61,44,5,27.224,-0.011,0.232,-0.107,0.018,1
701,64,34,7,23.373,-0.025,-0.197,-0.011,-0.058,0
702,134,57,5,25.034,0.253,-0.341,0.025,-0.012,0
703,36,15,3,2.178,-0.095,-0.012,0.009,0.011,1
704,32,15,2,4.739,0.228,0.2,-0.065,0.096,1
705,81,43,5,25.977,0.246,-0.027,-0.06,0.034,0
706,48,30,6,27.844,-0.208,-0.33,0.065,-0.055,0
707,5,5,1,0.024,-0.32,0.073,0.007,-0.067,1
708,14,11,1,0.038,-0.32,0.473,-0.072,-0.067,1
709,12,7,3,2.128,-0.32,0.2,0.023,0.317,1
710,46,19,9,25.723,-0.115,-0.104,-0.002,-0.006,0
711,42,18,6,25.77,0.547,-0.436,-0.108,0.009,0
712,63,34,9,27.084,0.001,-0.355,0.019,-0.0,0
713,7,5,2,3.75,-0.32,-0.072,0.25,0.162,1
714,93,41,5,17.928,-0.117,0.111,-0.012,-0.026,0
715,129,55,10,28.297,-0.017,0.077,-0.049,-0.038,1
716,84,45,7,21.024,0.161,-0.436,-0.001,-0.053,0
717,5,2,1,0.009,-0.32,-0.436,0.207,-0.027,1
718,134,54,10,26.139,0.394,-0.36,-0.02,-0.004,0
719,5,5,1,0.011,-0.32,-0.436,0.107,-0.067,1
720,5,5,1,0.015,-0.32,0.073,0.007,-0.067,0
721,10,6,2,1.235,-0.32,0.073,0.007,-0.067,1
722,198,48,12,25.71,-0.143,0.065,0.023,-0.002,0
723,33,12,3,1.981,0.007,-0.436,0.046,-0.043,1
724,177,73,8,23.181,0.046,0.211,-0.103,-0.058,0
725,7,5,2,5.863,-0.32,-0.436,0.178,-0.067,1
726,36,16,3,5.243,0.054,-0.082,-0.046,-0.062,0
727,35,14,6,20.077,0.181,-0.363,-0.079,-0.062,0
728,53,36,7,27.884,0.011,0.332,-0.111,-0.056,0
729,11,7,3,3.724,-0.32,-0.436,0.107,-0.067,1
730,118,34,9,25.847,-0.114,0.211,-0.055,-0.061,0
731,216,80,18,28.098,0.117,0.142,-0.093,-0.032,0
732,51,29,6,10.922,-0.056,0.213,-0.041,-0.036,0
733,26,12,2,1.207,-0.216,-0.142,0.068,-0.06,1
734,25,14,4,25.015,0.111,-0.334,0.027,-0.019,1
735,169,79,11,28.003,0.438,0.061,0.045,-0.016,0
736,145,62,14,27.109,-0.171,0.178,-0.045,-0.049,0
737,4,3,1,0.001,-0.32,-0.436,0.107,-0.067,1
738,86,47,5,17.942,0.041,0.186,-0.12,-0.058,1
739,30,14,2,1.754,-0.32,0.158,-0.01,-0.067,0
740,143,58,14,26.749,0.067,-0.062,0.023,-0.01,0
741,27,7,3,5.265,0.329,-0.247,-0.06,0.014,0
742,104,48,8,16.021,-0.048,0.151,-0.043,-0.029,0
743,140,80,7,28.137,0.075,0.2,-0.079,-0.009,0
744,44,24,5,23.067,0.017,-0.147,0.038,-0.003,1
745,41,12,3,8.892,0.075,-0.063,-0.077,-0.067,1
746,29,12,2,2.765,-0.041,-0.172,0.02,0.078,1
747,102,21,9,23.043,-0.294,-0.236,0.072,-0.057,0
748,120,54,11,28.621,-0.05,0.031,-0.052,-0.064,0
749,21,10,2,3.316,-0.063,0.049,0.011,0.133,1
750,292,69,21,28.126,-0.126,-0.314,0.055,-0.045,0
751,30,15,3,6.244,0.039,-0.012,-0.06,-0.067,1
752,25,14,3,14.754,0.543,-0.334,-0.114,0.053,1
753,6,5,1,0.707,-0.32,-0.012,0.023,-0.067,1
754,98,37,9,25.143,-0.251,-0.176,0.035,-0.065,1
755,125,33,7,19.73,0.111,-0.273,0.059,0.019,0
756,100,52,6,21.905,-0.212,0.506,-0.089,-0.045,1
757,305,83,16,27.895,0.095,-0.119,0.056,0.004,0
758,23,11,2,1.006,-0.32,0.117,0.085,0.046,1
759,8,5,3,7.0,-0.32,-0.118,0.044,-0.067,1
760,6,3,1,0.733,-0.32,0.412,-0.06,-0.067,1
761,41,26,2,7.964,-0.188,0.247,-0.003,0.055,1
762,26,7,1,0.129,-0.32,0.249,-0.009,-0.06,1
763,32,13,3,16.211,0.059,-0.277,-0.05,-0.067,1
764,33,15,1,0.123,-0.238,0.412,-0.06,-0.061,1
765,30,9,2,10.087,-0.32,-0.181,0.073,-0.054,1
766,146,53,9,19.196,0.096,0.07,-0.072,-0.044,0
767,116,49,6,21.757,0.075,-0.282,0.007,0.035,0
768,39,17,6,18.728,0.406,-0.37,-0.009,0.01,0
769,128,60,9,23.931,0.259,0.002,-0.077,-0.045,0
770,4,2,1,0.015,-0.32,-0.436,0.107,-0.067,1
771,50,31,5,12.054,-0.077,0.073,-0.034,0.061,1
772,38,24,10,18.992,-0.107,0.1,-0.025,-0.041,0
773,105,40,8,27.653,0.078,-0.096,0.021,0.065,0
774,123,50,4,22.022,0.118,0.247,-0.105,-0.009,0
775,112,46,9,27.221,-0.091,0.45,-0.103,-0.053,0
776,17,7,2,13.112,-0.32,0.013,0.018,-0.067,1
777,18,15,2,1.017,-0.245,0.271,-0.005,-0.023,1
778,56,24,4,21.18,0.089,-0.118,-0.045,-0.067,0
779,111,26,7,28.017,-0.004,-0.252,0.026,-0.028,0
780,128,70,10,23.655,0.059,0.141,-0.097,-0.059,0
781,7,5,1,0.098,-0.32,-0.436,0.178,-0.067,1
782,60,24,10,21.106,-0.32,-0.054,0.032,-0.067,0
783,4,4,1,0.006,-0.32,0.2,-0.018,-0.067,1
784,9,5,3,18.217,-0.02,-0.436,0.051,-0.067,1
785,61,34,7,20.851,-0.209,-0.019,0.008,-0.015,0
786,261,73,14,25.977,0.057,-0.017,-0.037,-0.03,0
787,115,54,9,25.012,0.348,0.272,-0.124,-0.001,0
788,9,7,1,0.001,-0.32,-0.436,0.162,-0.045,1
789,4,3,1,0.0,-0.32,-0.436,0.107,-0.067,1
790,5,2,2,1.971,-0.32,-0.436,0.107,-0.067,1
791,94,36,7,27.044,0.024,0.024,-0.058,-0.048,0
792,150,66,6,21.162,-0.131,0.345,-0.077,-0.045,0
793,12,6,2,10.642,-0.32,-0.012,0.023,-0.067,1
794,187,55,9,25.085,-0.082,0.027,0.01,-0.054,0
795,53,30,4,10.28,-0.142,0.188,-0.073,-0.067,0
796,240,95,16,28.167,0.186,-0.012,-0.025,-0.02,0
797,112,64,14,28.128,-0.007,0.087,-0.054,-0.035,0
798,103,55,4,21.908,0.387,-0.04,-0.088,-0.032,0
799,104,43,7,22.886,-0.164,0.396,-0.091,-0.058,0
800,117,57,13,24.195,-0.205,0.282,-0.065,-0.066,1
801,115,54,7,22.322,0.243,-0.347,-0.028,-0.043,0
802,51,21,7,18.735,-0.267,-0.236,0.067,-0.063,1
803,31,21,7,15.946,-0.19,0.057,-0.039,-0.067,0
804,70,31,5,12.234,-0.204,0.037,-0.001,-0.033,1
805,462,73,22,28.234,-0.11,-0.298,0.05,-0.038,0
806,36,10,4,5.959,-0.32,-0.365,0.176,-0.067,0
807,107,52,10,27.237,0.26,-0.055,-0.062,-0.017,0
808,171,69,8,23.963,0.263,0.174,-0.098,-0.025,0
809,59,24,10,21.34,-0.069,-0.004,0.013,0.011,1
810,43,22,5,17.057,0.119,-0.436,0.142,0.096,1
811,122,45,13,25.163,0.078,-0.311,0.004,-0.056,0
812,7,6,1,0.001,-0.32,-0.072,0.25,0.219,1
813,37,28,4,25.904,-0.32,0.458,-0.069,-0.067,1
814,25,15,3,13.181,-0.32,0.175,0.007,0.005,1
815,140,33,18,25.246,-0.079,0.019,0.039,-0.001,0
816,19,8,1,0.165,0.106,-0.168,-0.051,-0.067,1
817,39,20,5,13.976,0.06,-0.37,0.081,0.082,1
818,67,23,12,13.015,-0.199,0.286,-0.005,-0.055,0
819,124,68,4,21.589,0.126,0.098,-0.075,-0.028,0
820,8,7,2,15.042,-0.32,-0.436,0.107,-0.067,1
821,50,29,6,18.172,-0.239,0.328,-0.074,-0.067,1
822,5,5,1,0.039,-0.32,0.073,0.007,-0.067,1
823,13,7,1,0.016,-0.32,0.347,0.338,0.164,1
824,240,95,12,28.185,0.202,0.073,-0.089,-0.032,0
825,35,16,5,13.063,0.142,-0.29,0.05,0.03,0
826,172,68,12,28.247,0.119,0.052,-0.013,0.35,0
827,7,5,1,0.077,-0.32,0.291,-0.036,-0.067,1
828,127,61,14,25.162,-0.193,0.025,-0.008,-0.052,0
829,9,7,2,12.894,-0.32,-0.436,0.218,0.133,1
830,6,5,2,5.059,-0.32,0.412,0.023,-0.0,1
831,74,23,4,22.941,0.299,-0.367,-0.083,-0.046,1
832,102,58,6,25.755,-0.122,0.263,-0.075,-0.038,0
833,133,23,6,21.943,-0.259,-0.034,0.035,-0.028,1
834,51,20,8,7.917,-0.188,-0.136,0.009,-0.063,1
835,77,29,7,12.203,-0.005,0.159,-0.082,-0.067,1
836,120,39,15,28.009,-0.151,0.031,-0.027,-0.049,0
837,142,50,5,23.082,-0.092,0.066,0.022,-0.022,0
838,158,45,16,28.162,-0.235,0.337,-0.042,-0.047,0
839,125,45,8,25.181,-0.072,-0.008,0.063,0.026,0
840,120,54,10,25.107,-0.174,0.455,-0.098,-0.062,0
841,53,43,5,22.885,0.087,0.332,-0.073,0.016,0
842,161,50,13,27.223,0.04,-0.372,0.11,-0.034,0
843,124,55,9,28.043,-0.168,-0.046,0.03,-0.058,0
844,59,30,5,17.958,-0.023,0.039,-0.055,-0.04,0
845,95,44,8,21.695,0.233,-0.436,0.028,-0.019,0
846,11,9,2,3.951,-0.32,-0.204,0.061,-0.067,1
847,63,26,5,27.026,0.172,-0.234,-0.02,-0.042,0
848,4,3,1,0.002,-0.32,0.2,-0.018,-0.067,1
849,38,18,4,7.236,-0.107,-0.034,0.028,-0.009,0
850,83,41,5,27.027,0.216,-0.344,-0.002,-0.036,0
851,74,25,8,28.184,0.117,-0.436,-0.002,0.06,0
852,154,49,15,27.945,-0.119,0.06,0.061,-0.04,0
853,26,10,2,0.924,0.147,-0.436,0.01,-0.052,1
854,224,74,17,27.754,-0.061,0.178,-0.059,-0.061,1
855,46,23,5,19.103,0.061,-0.27,-0.002,-0.024,0
856,9,9,2,25.023,0.279,-0.436,-0.005,-0.067,0
857,7,4,1,0.001,-0.32,-0.436,0.107,-0.067,1
858,62,34,8,22.754,0.028,0.098,-0.071,-0.054,1
859,8,6,2,1.04,-0.32,-0.118,0.044,-0.067,1
860,4,3,1,0.001,-0.32,-0.436,0.107,-0.067,1
861,17,12,2,5.075,-0.32,0.313,-0.011,-0.056,0
862,29,14,1,0.167,0.098,0.178,-0.049,0.023,1
863,180,64,13,26.78,-0.133,0.087,-0.016,-0.031,0
864,47,24,5,21.106,0.082,-0.382,-0.021,-0.067,1
865,13,7,2,1.024,-0.32,-0.436,0.107,-0.067,1
866,67,44,6,28.162,0.022,0.134,-0.08,-0.037,0
867,124,35,23,28.136,-0.211,-0.128,0.139,-0.024,0
868,158,55,11,27.015,0.141,-0.355,0.015,0.033,0
869,7,3,1,0.005,-0.32,-0.436,0.322,-0.067,1
870,128,66,6,23.084,0.038,0.081,-0.081,-0.061,0
871,102,35,5,14.702,0.195,-0.386,0.013,0.005,0
872,34,19,5,13.651,-0.161,0.013,-0.026,-0.067,1
873,27,13,2,0.961,-0.07,-0.059,0.088,0.148,0
874,95,28,8,23.673,-0.036,-0.329,0.075,-0.012,0
875,106,48,4,15.905,-0.015,0.092,-0.073,-0.05,0
876,69,57,5,25.902,0.012,0.302,-0.097,-0.021,0
877,135,49,9,22.906,0.059,-0.379,0.055,-0.012,0
878,77,28,7,27.109,-0.022,-0.403,0.016,-0.067,0
879,183,74,8,22.272,0.085,0.037,-0.047,0.05,0
880,190,66,8,27.026,-0.029,-0.021,0.146,0.002,0
881,94,34,12,26.561,0.268,-0.436,-0.01,-0.02,0
882,49,30,6,20.095,-0.1,0.135,-0.067,-0.059,1
883,7,4,1,0.068,-0.32,-0.436,0.25,0.105,1
884,85,43,7,17.008,-0.098,0.103,-0.029,-0.02,1
885,75,34,5,17.131,-0.158,0.141,0.027,-0.062,0
886,5,5,1,0.011,-0.32,0.073,0.007,-0.067,1
887,14,7,3,16.011,-0.32,0.473,-0.072,-0.067,1
888,90,49,7,22.834,-0.065,-0.068,0.118,0.033,0
889,159,58,14,27.204,-0.015,0.06,-0.041,-0.031,0
890,103,45,8,27.651,-0.084,0.182,-0.054,-0.032,0
891,106,41,7,23.738,0.189,-0.436,0.022,-0.054,0
892,63,22,13,27.863,-0.192,-0.315,0.067,-0.058,0
893,8,4,1,0.122,-0.32,-0.436,0.107,-0.067,1
894,4,3,1,0.008,-0.32,-0.436,0.107,-0.067,1
895,46,19,4,20.031,0.149,-0.38,0.063,0.046,0
896,88,49,5,24.084,-0.044,0.229,-0.053,-0.056,1
897,8,5,2,0.791,-0.32,-0.436,0.169,-0.042,1
898,244,64,12,23.128,-0.16,0.107,0.014,-0.02,0
899,205,73,6,24.132,0.015,0.135,-0.081,-0.043,0
900,99,57,6,22.015,0.007,0.104,-0.05,-0.021,0
901,32,16,2,2.559,-0.151,0.121,-0.018,-0.005,1
902,99,43,6,24.043,0.252,-0.436,-0.01,-0.037,1
903,80,44,6,26.994,-0.034,0.169,-0.037,-0.03,0
904,233,86,8,27.805,0.311,-0.075,-0.044,0.006,0
905,16,9,1,0.046,-0.32,0.359,-0.018,-0.055,1
906,76,43,6,24.051,-0.054,0.234,-0.091,-0.028,0
907,59,18,5,8.991,-0.274,0.384,-0.021,-0.043,1
908,54,19,10,16.025,-0.245,-0.106,0.051,-0.004,1
909,53,29,4,20.081,-0.117,0.092,0.022,-0.041,1
910,123,43,13,25.733,0.25,-0.436,-0.036,-0.062,0
911,24,15,2,7.061,0.017,0.2,-0.102,-0.067,1
912,56,38,4,28.146,0.017,0.246,-0.108,-0.067,0
913,109,29,4,9.858,-0.283,0.381,-0.059,-0.064,1
914,7,5,1,0.012,-0.32,-0.436,0.178,-0.067,1
915,21,10,3,6.098,0.129,-0.436,-0.013,-0.067,1
916,114,63,7,23.819,0.106,0.189,-0.082,-0.039,0
917,72,32,7,28.041,-0.189,0.165,-0.053,-0.053,0
918,137,59,15,26.788,0.29,-0.287,-0.007,0.009,0
919,158,54,7,24.803,0.081,-0.259,0.091,0.027,0
920,66,34,7,25.11,0.231,-0.397,0.023,-0.037,1
921,18,11,4,25.858,-0.32,0.271,-0.032,-0.067,1
922,139,51,7,27.001,0.233,0.022,-0.045,-0.005,0
923,5,4,1,0.0,-0.32,-0.436,0.107,-0.067,1
924,140,58,16,26.026,-0.137,0.273,-0.061,-0.049,0
925,9,6,1,0.025,-0.32,0.412,-0.06,-0.067,0
926,39,26,4,7.533,-0.32,0.282,0.004,-0.031,1
927,66,21,13,24.579,-0.218,0.412,-0.068,-0.04,1
928,79,29,3,18.618,0.09,-0.371,0.031,-0.022,1
929,192,49,7,25.15,-0.102,0.293,-0.078,-0.058,0
930,35,18,6,23.022,-0.243,0.0,0.021,0.191,1
931,84,41,9,26.659,-0.16,0.291,-0.06,-0.024,0
932,90,47,10,27.159,0.069,0.073,-0.06,-0.018,0
933,5,5,1,0.022,-0.32,0.073,0.007,-0.067,1
934,58,18,5,16.77,-0.064,-0.26,0.064,-0.015,1
935,103,40,4,25.082,0.073,-0.287,0.034,-0.024,0
936,56,27,6,21.156,-0.103,0.064,-0.045,-0.057,0
937,159,68,12,28.068,0.664,-0.148,-0.158,-0.022,0
938,12,9,1,0.051,-0.32,-0.224,0.107,-0.017,1
939,12,8,2,1.579,-0.32,-0.012,0.107,0.05,1
940,43,31,7,28.142,0.15,0.038,-0.103,-0.067,0
941,19,11,2,1.845,-0.32,-0.034,0.028,-0.067,1
942,86,21,6,13.138,-0.101,-0.347,0.066,-0.002,0
943,7,5,1,0.007,-0.32,-0.072,0.035,-0.067,1
944,8,5,1,0.021,-0.32,0.2,0.044,0.008,1
945,7,6,2,4.714,-0.32,-0.072,0.035,-0.067,1
946,30,11,1,0.065,-0.32,-0.181,0.224,-0.034,1
947,79,29,8,19.971,-0.047,0.176,-0.02,0.004,0
948,65,30,4,17.091,0.344,-0.436,-0.024,-0.046,0
949,10,6,1,0.032,-0.32,-0.436,0.107,-0.067,1
950,85,40,4,27.174,0.441,-0.346,-0.023,0.181,0
951,24,12,6,22.051,-0.32,0.306,-0.039,-0.067,0
952,175,61,11,27.053,0.027,0.32,-0.082,0.011,0
953,124,57,6,21.107,0.376,0.016,-0.107,-0.02,0
954,6,5,1,0.003,-0.095,-0.012,-0.06,-0.067,1
955,18,15,1,0.076,-0.17,0.271,-0.088,-0.067,1
956,105,45,14,28.134,-0.05,-0.193,0.007,-0.05,0
957,172,61,14,27.902,0.252,-0.347,0.002,0.012,0
958,151,53,12,21.629,0.082,-0.031,-0.026,0.062,0
959,23,9,3,1.735,-0.32,0.117,0.02,0.605,1
960,6,6,1,0.053,-0.32,0.412,-0.06,-0.067,0
961,4,4,1,0.001,-0.32,-0.436,0.107,-0.067,1
962,97,32,10,28.045,-0.223,-0.383,0.138,-0.024,0
963,20,13,3,3.656,-0.05,-0.054,0.007,-0.027,0
964,163,66,7,24.024,0.325,0.189,-0.118,-0.022,0
965,331,69,12,24.108,-0.104,0.064,-0.023,0.001,0
966,46,19,3,10.105,0.032,-0.436,0.02,-0.05,1
967,58,16,6,27.043,0.052,-0.304,0.003,-0.029,1
968,4,3,1,0.0,-0.32,-0.436,0.107,-0.067,1
969,240,81,9,27.797,-0.005,-0.086,-0.023,-0.031,0
970,102,33,12,28.129,-0.029,-0.211,0.004,-0.054,1
971,89,33,8,24.022,-0.169,-0.035,0.005,-0.065,1
972,43,21,7,21.078,-0.069,0.038,-0.056,-0.067,1
973,7,4,1,0.016,-0.32,-0.072,0.035,-0.067,1
974,16,6,3,8.174,-0.067,-0.436,0.201,1.225,1
975,242,63,16,27.932,0.081,-0.352,0.041,-0.017,0
976,90,34,7,20.049,0.01,-0.379,0.04,-0.041,0
977,17,11,2,1.976,-0.003,-0.286,-0.011,-0.067,1
978,18,16,1,0.16,-0.17,0.271,-0.088,-0.067,1
979,30,11,6,15.97,-0.05,-0.436,0.023,-0.067,0
980,10,7,1,0.034,-0.32,-0.436,0.107,-0.067,1
981,14,6,3,4.035,-0.32,-0.436,0.178,-0.067,1
982,59,20,4,18.064,0.206,-0.306,0.022,-0.05,1
983,17,9,5,7.967,-0.082,-0.286,0.018,-0.056,1
984,160,50,8,23.682,0.068,0.232,-0.078,-0.028,0
985,94,36,6,21.979,-0.105,0.295,-0.026,-0.033,0
986,8,6,1,0.008,0.017,-0.118,-0.018,-0.042,1
987,31,11,2,1.035,-0.146,-0.436,0.236,0.114,1
988,37,20,3,12.059,-0.174,-0.436,0.093,-0.029,0
989,6,3,1,0.001,-0.095,-0.436,0.023,-0.067,1
990,114,43,15,26.868,0.07,-0.123,-0.038,-0.051,0
991,67,35,5,27.066,-0.159,-0.17,0.039,-0.064,0
992,50,18,5,28.0,0.462,-0.334,-0.064,-0.059,0
993,81,43,5,17.016,-0.27,0.381,-0.073,-0.067,1
994,96,37,4,27.827,0.396,-0.436,-0.05,-0.051,0
995,30,16,3,19.067,-0.05,-0.012,0.04,0.08,0
996,113,58,8,23.037,0.098,-0.301,0.014,-0.023,0
997,29,15,6,10.91,0.098,-0.348,0.038,-0.005,0
998,33,14,4,17.066,-0.32,0.49,-0.075,-0.067,1
999,122,44,5,26.1,0.663,-0.415,0.0,0.035,0
1000,102,36,5,28.11,0.235,-0.386,-0.016,-0.048,0
1001,229,75,14,24.875,-0.12,0.064,0.002,-0.058,0
1002,296,77,10,21.634,0.099,0.209,-0.073,-0.017,0
1003,56,21,8,19.623,-0.2,-0.436,0.125,0.051,0
1004,28,11,6,10.556,-0.127,-0.345,0.035,-0.053,1
1005,121,57,14,27.9,0.226,-0.225,0.007,0.142,0
1006,177,68,15,28.128,-0.084,-0.148,0.016,-0.002,0
1007,27,15,1,0.05,0.03,0.035,-0.079,-0.067,1
1008,25,13,1,0.012,-0.212,-0.029,0.067,-0.027,1
1009,56,43,11,24.106,-0.031,-0.209,-0.027,-0.067,0
1010,37,14,4,19.051,-0.174,-0.436,0.147,-0.046,1
1011,220,81,13,28.134,-0.063,0.004,-0.037,-0.055,0
1012,117,54,10,20.86,0.129,-0.044,-0.035,-0.023,0
1013,29,15,4,12.99,-0.041,0.003,0.038,-0.005,1
1014,86,33,5,14.033,-0.069,-0.317,0.165,-0.044,1
1015,140,52,5,22.894,0.498,-0.254,-0.018,-0.039,0
1016,138,48,12,26.81,0.11,-0.288,0.027,-0.05,0
1017,45,25,7,17.022,-0.2,0.017,-0.016,-0.067,1
1018,49,21,3,9.014,-0.155,0.291,-0.047,-0.022,1
1019,7,5,2,6.005,-0.32,-0.436,0.107,-0.067,1
1020,63,37,12,27.979,-0.085,-0.234,0.067,-0.039,0
1021,98,40,9,24.11,0.216,-0.098,-0.077,-0.047,0
1022,114,50,6,14.886,0.023,0.1,-0.056,-0.039,1
1023,32,16,3,4.008,0.186,-0.038,-0.097,-0.061,1
1024,133,38,11,24.995,0.167,-0.13,0.024,0.035,0
1025,108,54,4,19.097,0.504,-0.012,-0.065,0.018,0
1026,203,70,15,24.47,-0.061,0.216,-0.073,-0.039,0
1027,96,46,9,26.839,0.157,0.28,-0.097,-0.0,0
1028,14,5,4,16.769,-0.32,-0.436,0.107,-0.067,0
1029,74,30,5,14.069,-0.065,-0.229,0.005,-0.027,1
1030,36,28,3,18.103,-0.133,0.342,-0.088,-0.062,1
1031,124,78,5,28.073,-0.016,0.221,-0.103,-0.056,1
1032,66,18,6,26.134,0.048,-0.436,0.031,0.009,0
1033,160,54,10,26.107,-0.042,-0.038,-0.012,-0.045,0
1034,13,10,2,6.078,-0.32,0.151,-0.009,-0.067,1
1035,151,33,11,26.171,0.055,-0.419,0.027,-0.026,0
1036,182,81,5,28.084,0.258,0.165,-0.152,-0.024,0
1037,88,38,6,20.057,0.247,-0.378,-0.013,-0.042,1
1038,154,55,12,27.945,0.144,-0.419,0.064,0.003,0
1039,9,7,2,3.986,-0.32,-0.153,0.051,-0.067,1
1040,94,52,9,22.79,-0.062,0.187,-0.069,-0.054,0
1041,287,77,18,27.838,-0.001,0.132,-0.038,-0.038,1
1042,63,20,6,28.059,-0.149,0.009,-0.013,0.009,0
1043,15,8,2,2.014,-0.32,-0.266,0.073,-0.067,0
1044,4,3,1,0.023,-0.32,-0.436,0.107,-0.067,1
1045,57,30,10,15.876,-0.013,0.145,-0.078,-0.046,1
1046,5,2,2,0.954,-0.32,-0.436,0.107,-0.067,1
1047,71,43,3,24.065,0.098,0.245,-0.133,-0.042,0
1048,61,21,7,22.005,-0.033,-0.394,0.082,-0.057,0
1049,24,12,2,7.024,0.129,-0.436,-0.018,-0.067,1
1050,49,35,5,19.08,0.12,-0.124,-0.047,-0.063,0
1051,110,63,9,28.097,-0.124,0.281,-0.062,-0.049,0
1052,117,35,11,25.03,-0.067,-0.001,0.013,-0.043,0
1053,135,68,7,21.049,-0.04,0.318,-0.094,-0.064,0
1054,5,4,1,0.001,-0.32,-0.436,0.107,-0.067,1
1055,37,15,5,25.029,0.044,0.183,-0.083,-0.056,1
1056,85,36,9,21.043,0.901,-0.376,-0.082,0.011,0
1057,86,33,4,16.648,-0.101,0.186,-0.016,-0.046,1
1058,391,77,20,26.026,-0.044,0.059,-0.043,-0.052,0
1059,59,19,8,20.991,-0.274,0.427,-0.063,-0.054,1
1060,60,39,3,26.036,-0.118,0.328,-0.069,-0.064,1
1061,9,6,1,0.017,-0.32,0.412,-0.06,-0.067,1
1062,17,9,2,0.958,0.156,-0.436,0.018,-0.056,0
1063,31,20,4,7.872,-0.146,0.057,-0.039,-0.061,1
1064,123,52,7,15.817,0.118,0.247,-0.105,-0.025,1
1065,64,30,8,15.891,-0.046,0.121,-0.065,-0.058,0
1066,40,12,2,15.021,0.287,-0.436,-0.018,0.033,1
1067,116,36,9,27.777,-0.157,0.244,-0.049,-0.017,1
1068,108,36,10,28.056,-0.058,-0.177,0.0,-0.052,0
1069,8,5,2,13.923,-0.32,-0.436,0.107,-0.067,1
1070,111,51,9,23.102,0.166,0.252,-0.02,-0.037,0
1071,11,9,1,0.03,-0.32,0.258,-0.03,-0.067,1
1072,97,33,8,22.571,-0.0,-0.252,0.071,-0.007,0
1073,100,37,5,22.906,-0.131,-0.003,0.102,-0.013,1
1074,152,75,9,28.061,-0.027,0.167,-0.075,-0.058,0
1075,19,13,3,23.007,-0.178,-0.168,0.107,-0.057,0
1076,104,48,7,22.915,-0.035,0.323,-0.11,-0.056,0
1077,67,28,7,22.846,0.364,-0.436,-0.028,-0.055,0
1078,85,36,10,25.762,-0.035,-0.226,0.066,0.063,0
1079,131,53,9,28.021,0.411,-0.416,-0.012,-0.029,0
1080,5,3,1,0.001,-0.32,-0.436,0.307,0.053,1
1081,47,27,3,16.967,-0.263,0.376,-0.042,-0.054,0
1082,11,9,2,4.852,-0.32,0.721,-0.121,-0.067,1
1083,179,45,6,27.023,0.365,-0.137,0.009,-0.009,0
1084,8,6,2,15.064,-0.32,-0.436,0.107,-0.067,1
1085,192,74,4,24.082,0.221,0.081,-0.092,-0.009,0
1086,93,45,6,27.1,-0.103,0.358,-0.082,-0.048,0
1087,110,33,10,23.077,-0.161,0.235,-0.03,-0.045,0
1088,26,15,3,10.999,-0.113,-0.338,0.145,0.002,1
1089,36,23,5,24.666,-0.17,0.271,-0.06,-0.045,0
1090,133,40,11,28.035,-0.036,0.138,-0.025,-0.011,0
1091,65,35,6,14.501,0.012,0.151,-0.009,0.007,1
1092,64,14,6,12.954,-0.194,-0.436,0.091,-0.048,0
1093,10,6,2,3.102,-0.32,-0.181,0.057,-0.067,1
1094,26,10,3,7.566,-0.32,0.151,0.01,-0.036,1
1095,187,67,11,26.737,-0.01,0.204,-0.051,-0.022,0
1096,74,29,6,23.829,0.208,-0.229,-0.029,-0.032,0
1097,22,8,2,1.733,0.293,-0.32,-0.03,0.215,1
1098,43,22,6,17.982,-0.163,-0.14,0.014,-0.067,1
1099,34,16,4,12.092,-0.042,-0.361,0.136,0.068,1
1100,66,13,2,14.908,-0.32,-0.397,0.19,0.003,1
1101,33,10,4,5.967,-0.034,-0.436,0.122,-0.043,1
1102,216,49,14,22.879,-0.02,-0.094,0.042,-0.028,1
1103,38,23,4,28.094,-0.32,0.502,-0.078,-0.067,1
1104,105,39,7,21.953,-0.012,0.025,0.011,-0.016,0
1105,41,29,3,20.088,-0.156,0.185,-0.04,-0.038,1
1106,58,29,4,15.095,-0.181,0.178,-0.049,-0.067,1
1107,224,72,10,25.655,0.21,0.132,-0.061,-0.008,0
1108,14,8,1,0.024,-0.32,-0.072,0.071,-0.053,1
1109,238,54,15,27.665,-0.167,-0.211,0.029,-0.045,0
1110,10,9,2,4.468,-0.32,0.328,-0.044,-0.067,1
1111,5,5,1,0.011,-0.32,0.582,-0.094,-0.067,1
1112,49,20,3,20.955,0.423,-0.02,-0.149,-0.018,1
1113,7,3,1,0.001,-0.32,-0.436,0.107,-0.067,1
1114,123,50,9,25.947,-0.068,0.102,0.009,-0.022,0
1115,81,46,5,27.923,-0.07,-0.436,0.088,-0.065,0
1116,4,3,1,0.002,-0.32,-0.436,0.107,-0.067,1
1117,172,46,6,24.025,0.064,0.038,0.019,0.018,1
1118,98,47,10,24.962,-0.127,0.213,-0.077,-0.065,1
1119,87,26,6,23.093,-0.227,-0.406,0.09,-0.053,1
1120,35,15,2,3.943,-0.243,-0.072,0.15,-0.021,0
1121,34,17,4,8.95,-0.32,0.088,0.004,-0.067,1
1122,55,27,6,17.054,-0.075,0.212,-0.039,-0.064,1
1124,203,68,7,26.933,0.304,0.178,-0.113,0.004,0
1125,8,6,1,0.019,-0.32,0.2,0.044,-0.067,1
1126,11,8,2,1.048,-0.32,0.027,0.653,0.042,0
1127,157,55,11,28.068,0.221,-0.047,-0.062,-0.058,0
1128,149,56,19,28.047,-0.266,-0.145,0.046,-0.066,0
1129,6,5,1,0.011,-0.32,-0.436,0.19,-0.067,1
1130,46,19,2,8.0,0.178,-0.436,0.074,0.024,1
1131,119,37,7,20.023,0.043,-0.372,0.048,-0.039,0
1132,214,55,6,22.052,0.48,-0.352,-0.01,0.028,0
1133,23,9,6,20.954,-0.027,-0.214,-0.024,-0.067,0
1134,111,47,9,20.612,-0.101,-0.046,-0.006,-0.046,0
1135,93,38,17,27.461,-0.19,-0.299,0.074,-0.044,0
1136,169,52,9,25.885,-0.049,-0.21,0.021,-0.015,0
1137,84,40,7,28.115,-0.16,-0.436,0.137,-0.015,0
1138,22,9,1,0.016,-0.32,0.027,0.016,-0.067,1
1139,102,42,7,21.038,-0.32,0.213,0.077,-0.059,0
1140,12,5,1,0.01,-0.32,0.2,0.023,-0.034,1
1141,106,47,10,24.029,-0.206,0.164,-0.044,-0.065,0
1142,187,69,10,27.682,0.545,-0.408,-0.006,-0.017,0
1143,321,47,16,26.995,-0.202,0.08,0.004,-0.025,0
1144,27,11,2,2.968,-0.07,-0.059,-0.042,-0.067,1
1145,34,16,3,7.621,-0.161,0.088,-0.041,-0.067,1
1146,19,13,4,10.06,0.248,-0.436,0.001,0.028,0
1147,30,19,5,25.009,-0.23,-0.012,0.007,-0.067,1
1148,51,29,6,8.896,-0.241,0.412,-0.09,-0.067,1
1149,55,23,5,10.602,-0.026,-0.297,0.007,-0.042,0
1150,76,32,7,19.645,0.035,-0.369,0.034,-0.025,0
1151,196,53,14,28.001,0.01,-0.384,0.043,-0.027,0
1152,114,59,13,23.034,-0.001,0.189,-0.095,-0.064,0
1153,103,37,9,23.022,0.007,-0.263,0.005,-0.048,0
1154,18,2,7,5.962,-0.32,-0.436,0.107,-0.067,1
1155,5,5,2,1.036,-0.32,-0.436,0.107,-0.067,1
1156,9,6,1,0.012,-0.32,-0.153,0.051,-0.067,1
1157,28,14,5,28.018,0.258,-0.436,-0.018,-0.053,0
1158,100,34,13,27.885,-0.091,-0.308,0.032,-0.003,0
1159,66,33,3,19.954,0.231,-0.436,-0.022,-0.049,0
1160,154,43,11,28.089,-0.285,0.44,-0.072,-0.057,0
1161,20,14,1,0.019,-0.32,0.2,-0.018,-0.067,1
1162,9,8,1,0.01,-0.32,-0.436,0.107,-0.067,1
1163,59,28,9,17.078,-0.16,0.168,-0.046,-0.057,1
1164,87,42,6,23.817,0.005,-0.085,-0.02,-0.035,0
1165,8,5,1,0.004,-0.32,-0.118,0.107,-0.042,1
1166,50,28,3,8.571,-0.05,0.226,0.007,0.057,1
1167,80,40,6,27.155,0.354,-0.404,0.038,0.169,0
1168,13,7,2,2.009,-0.113,-0.24,-0.009,-0.067,1
1169,66,29,4,21.041,-0.238,0.22,-0.03,-0.064,1
1170,120,48,9,16.963,0.118,0.264,-0.102,-0.014,0
1171,39,18,8,19.893,-0.113,-0.37,0.043,-0.067,1
1172,206,68,11,22.109,-0.104,0.281,-0.073,-0.033,0
1173,76,27,5,17.965,0.727,-0.302,-0.117,-0.025,0
1174,172,53,9,21.041,-0.155,0.215,0.11,-0.043,0
1175,153,59,6,25.471,0.077,0.18,-0.067,-0.027,0
1176,199,54,7,23.459,-0.117,0.152,-0.014,-0.034,0
1177,51,20,9,23.684,-0.029,-0.286,-0.001,-0.056,1
1178,5,4,1,0.004,0.219,-0.436,-0.094,-0.067,1
1179,216,68,5,25.996,-0.064,0.083,-0.025,0.007,0
1180,198,50,12,25.026,0.204,-0.333,0.011,-0.012,0
1181,504,74,17,24.053,-0.077,0.009,0.005,-0.02,0
1182,7,6,1,0.015,-0.32,0.291,-0.036,-0.067,1
1183,156,64,7,27.662,0.328,-0.224,-0.041,0.001,0
1184,194,68,18,28.037,-0.049,-0.016,-0.012,-0.04,0
1185,26,16,3,2.045,-0.32,0.151,-0.009,-0.067,1
1186,114,51,12,28.003,0.023,0.256,-0.087,-0.036,0
1187,92,46,8,25.017,0.134,0.062,-0.018,0.002,0
1188,67,35,8,26.562,0.042,-0.246,0.002,0.032,0
1189,20,10,2,1.522,-0.32,0.073,0.007,-0.067,1
1190,153,58,7,20.61,-0.073,0.313,-0.077,-0.023,0
1191,63,27,8,25.661,0.151,-0.032,-0.005,0.019,0
1192,163,31,19,26.981,-0.246,-0.404,0.141,0.019,0
1193,33,16,2,0.828,-0.075,0.258,-0.075,-0.043,1
1194,195,71,13,27.949,-0.064,0.112,-0.055,-0.057,0
1195,15,10,1,0.008,0.219,-0.436,-0.06,-0.067,0
1196,28,12,2,2.058,-0.224,-0.345,0.214,-0.039,1
1197,105,59,9,21.842,-0.102,0.243,-0.075,-0.054,0
1198,42,21,9,27.576,-0.32,-0.072,0.059,-0.063,0
1199,187,75,10,24.838,-0.01,0.041,-0.046,-0.028,0
1200,9,8,1,0.014,-0.32,0.412,-0.06,-0.067,1
1201,63,29,6,8.945,-0.106,0.372,-0.1,-0.067,0
1202,113,33,6,22.718,0.384,-0.413,0.009,0.014,0
1203,138,53,11,24.684,-0.173,-0.03,0.009,-0.059,0
1204,6,4,1,0.002,-0.32,-0.436,0.107,-0.067,1
1205,10,8,2,21.041,-0.05,0.073,-0.094,-0.067,0
1206,117,42,6,17.353,-0.216,0.325,-0.043,-0.054,1
1207,116,64,9,27.802,0.122,0.069,-0.088,-0.053,0
1208,11,5,1,0.003,-0.32,-0.204,0.061,-0.067,1
1209,66,26,7,25.968,-0.136,-0.359,0.076,-0.003,0
1210,22,9,2,10.892,0.048,-0.32,0.221,-0.04,1
1211,174,37,14,28.045,0.036,0.105,-0.063,-0.041,0
1212,21,11,1,0.002,-0.32,-0.072,0.035,-0.067,1
1213,16,8,4,16.998,-0.32,-0.277,0.107,-0.055,1
1214,107,41,9,27.898,0.26,-0.317,-0.02,-0.019,0
1215,12,9,2,7.537,-0.32,0.412,-0.06,-0.067,1
1216,23,10,3,1.672,-0.32,-0.104,0.085,-0.05,1
1217,119,56,11,21.797,-0.32,0.505,-0.078,-0.067,0
1218,31,13,2,0.89,0.028,-0.354,0.01,-0.022,1
1219,95,42,11,27.943,-0.164,0.046,-0.015,-0.059,0
1220,38,18,3,9.014,-0.107,0.301,-0.091,-0.067,1
1221,55,23,8,27.0,-0.05,-0.204,0.016,-0.056,1
1222,160,64,8,24.749,-0.042,0.391,-0.097,0.014,0
1223,5,4,1,0.0,-0.32,-0.436,0.107,-0.067,1
1224,36,29,3,20.759,0.054,0.271,-0.088,-0.023,0
1225,70,19,9,18.072,-0.127,-0.072,-0.008,-0.042,0
1226,99,29,6,12.58,-0.184,0.027,0.056,-0.043,0
1227,64,26,11,21.743,-0.025,-0.277,-0.003,-0.058,0
1228,88,30,6,19.025,0.017,0.085,-0.041,-0.026,1
1229,140,48,7,26.846,-0.147,0.237,-0.058,-0.003,0
1230,182,74,15,23.762,0.058,0.012,-0.045,-0.017,0
1231,97,34,13,19.959,0.027,-0.357,0.019,-0.028,0
1232,5,3,1,0.004,-0.32,-0.436,0.107,-0.067,1
1233,161,57,11,24.97,0.007,0.228,-0.08,-0.037,1
1234,11,9,2,1.042,-0.32,0.027,0.107,-0.067,1
1235,20,17,2,16.617,-0.185,0.2,-0.018,-0.007,1
1236,27,12,2,7.527,-0.07,-0.059,-0.005,-0.038,1
1237,6,4,1,0.014,-0.32,-0.012,0.023,-0.067,1
1238,141,63,9,24.959,-0.071,-0.003,0.032,-0.012,1
1239,102,44,5,22.053,0.05,0.163,-0.026,-0.028,0
1240,6,3,1,0.002,0.803,-0.436,-0.227,-0.067,1
1241,6,5,1,0.011,-0.32,-0.012,0.023,-0.067,1
1242,111,37,7,27.627,0.032,-0.321,0.035,-0.033,0
1243,5,2,1,0.007,-0.32,-0.436,0.207,-0.027,1
1244,15,8,1,0.015,-0.32,0.243,0.04,-0.067,1
1245,94,35,8,27.063,0.168,-0.354,-0.005,0.024,0
1246,8,6,2,8.862,-0.32,-0.118,0.044,-0.067,1
1247,8,5,1,0.025,-0.32,-0.436,0.232,0.058,1
1248,90,52,8,27.516,0.219,0.073,-0.121,-0.061,0
1249,137,65,12,27.98,0.438,-0.399,-0.032,-0.01,0
1250,7,3,1,0.001,-0.32,-0.436,0.178,-0.01,1
1251,114,47,14,25.793,0.236,-0.346,0.014,0.042,0
1252,6,6,1,0.015,-0.32,0.412,-0.06,-0.067,1
1253,7,6,1,0.016,-0.32,-0.436,0.107,-0.067,1
1254,124,50,7,26.085,-0.124,-0.005,0.022,-0.027,0
1255,18,9,4,25.82,-0.02,0.13,-0.088,-0.067,1
1256,145,60,12,22.653,0.005,0.336,-0.104,-0.049,0
1257,111,55,10,28.011,0.239,0.023,-0.105,-0.035,0
1258,30,23,4,27.675,-0.23,0.328,-0.06,-0.027,0
1259,29,17,2,13.941,-0.088,0.266,0.003,-0.067,1
1260,5,5,1,0.006,-0.32,-0.436,0.107,-0.067,1
1261,75,16,6,7.765,-0.068,-0.3,0.127,-0.006,0
1262,5,5,1,0.01,-0.32,0.073,0.007,-0.067,1
1263,54,30,5,20.906,-0.22,0.46,-0.107,-0.067,0
1264,158,53,9,22.906,0.03,0.096,0.008,-0.027,0
1265,20,9,4,14.671,-0.32,0.328,-0.044,-0.067,1
1266,203,55,9,18.844,0.072,0.053,-0.059,-0.014,0
1267,31,12,9,21.675,-0.146,-0.436,0.042,-0.067,0
1268,159,58,12,24.02,-0.006,-0.196,0.041,0.063,0
1269,23,17,3,14.751,-0.086,-0.325,0.02,-0.067,0
1270,58,34,4,22.971,-0.32,0.222,-0.023,-0.067,0
1271,101,55,13,27.902,-0.08,0.018,-0.017,-0.016,0
1272,10,5,2,4.045,-0.32,-0.436,0.207,-0.027,0
1273,68,29,5,11.527,-0.082,-0.099,0.004,-0.047,1
1274,4,4,1,0.0,-0.32,0.2,-0.018,-0.067,1
1275,223,68,10,26.916,-0.211,0.123,0.057,0.002,0
1276,25,13,7,14.555,-0.158,-0.232,0.007,-0.067,1
1277,76,23,3,11.994,-0.178,-0.067,0.278,-0.046,1
1278,127,42,8,27.993,-0.118,0.065,-0.019,-0.048,0
1279,15,7,3,14.946,-0.32,-0.266,0.073,-0.067,1
1280,16,10,3,10.969,-0.32,-0.277,0.075,-0.067,1
1281,185,43,18,27.743,-0.152,0.059,-0.031,-0.06,0
1282,79,34,9,27.995,0.192,-0.114,-0.026,-0.039,0
1283,38,17,4,9.503,-0.143,0.1,0.014,-0.057,1
1284,64,24,7,26.4,0.249,-0.436,0.068,0.174,0
1285,177,56,9,28.021,0.053,-0.191,-0.001,-0.029,0
1286,53,18,5,9.014,-0.269,-0.436,0.154,-0.056,1
1287,44,16,4,6.435,-0.075,-0.32,0.027,-0.067,1
1288,63,17,2,1.114,-0.213,-0.153,0.091,0.041,1
1289,112,57,5,22.046,0.342,-0.095,-0.063,-0.015,0
1290,97,36,11,25.784,0.027,-0.436,0.029,-0.047,0
1291,153,67,8,22.953,0.499,0.113,-0.122,-0.015,0
1292,36,15,6,9.898,0.204,-0.436,0.093,0.128,1
1293,47,24,3,17.867,-0.119,0.214,-0.042,-0.046,0
1294,183,60,7,26.916,-0.217,0.482,-0.096,-0.056,1
1295,109,49,7,27.987,0.051,0.311,-0.123,-0.049,0
1296,5,4,2,0.848,-0.32,-0.436,0.107,-0.067,1
1297,96,31,11,26.688,-0.081,-0.33,0.075,-0.015,0
1298,84,33,14,27.954,-0.111,0.049,-0.042,-0.048,0
1299,65,24,12,17.483,-0.175,-0.123,0.114,0.346,1
1300,127,53,11,28.017,-0.224,0.225,-0.051,-0.066,0
1301,14,7,3,14.481,0.354,-0.436,-0.072,-0.01,0
1302,13,7,4,6.958,0.095,-0.436,0.03,-0.021,1
1303,11,9,2,0.893,-0.32,-0.204,0.107,-0.049,1
1304,155,65,11,24.81,0.063,-0.075,0.233,0.031,0
1305,109,66,11,25.826,0.101,0.171,-0.095,-0.008,0
1306,27,9,4,5.698,-0.32,0.13,-0.005,-0.067,1
1307,54,11,4,11.975,-0.32,-0.341,0.227,-0.052,0
1308,62,29,7,25.56,-0.19,0.385,-0.071,0.007,0
1309,12,6,3,8.99,-0.32,-0.436,0.107,-0.067,1
1310,12,6,1,0.017,-0.32,-0.436,0.107,-0.067,1
1311,86,35,7,15.74,-0.179,0.126,-0.004,-0.016,0
1312,203,75,13,24.728,0.052,0.229,-0.078,0.067,0
1313,113,42,7,26.025,0.133,-0.188,-0.017,-0.002,0
1314,92,36,8,21.556,0.032,-0.021,-0.04,-0.045,1
1315,79,31,5,27.971,-0.03,0.273,-0.09,-0.06,0
1316,81,40,7,23.984,0.046,-0.404,0.008,-0.057,0
1317,75,51,4,23.914,0.291,0.107,-0.134,-0.054,0
1318,53,13,7,14.536,-0.066,-0.436,0.201,0.092,0
1319,4,2,1,0.001,-0.32,-0.436,0.107,-0.067,1
1320,34,19,10,26.41,-0.161,0.013,-0.011,-0.05,0
1321,63,28,5,15.013,0.044,0.17,-0.1,0.079,1
1322,11,5,1,0.005,-0.32,-0.436,0.152,-0.067,1
1323,101,42,7,21.521,-0.173,0.421,-0.082,-0.032,1
1324,39,13,9,16.59,-0.32,0.347,-0.035,-0.052,1
1325,132,60,15,24.958,0.027,0.258,-0.091,-0.029,0
1326,189,54,10,27.985,-0.092,0.009,-0.013,-0.039,0
1327,161,52,10,26.044,0.032,0.133,-0.064,-0.026,0
1328,143,55,5,20.905,0.5,0.045,-0.04,0.07,0
1329,217,82,12,27.952,-0.19,0.233,0.017,-0.028,0
1330,24,8,2,3.038,-0.32,0.624,-0.102,-0.067,1
1331,7,6,1,0.002,-0.32,-0.072,0.035,-0.067,1
1332,49,23,3,19.914,-0.017,-0.384,0.097,0.207,0
1333,7,7,2,20.096,-0.32,0.291,0.035,0.334,1
1334,73,20,12,26.293,0.049,-0.436,0.031,-0.021,0
1335,23,14,1,0.048,0.032,0.117,0.02,0.16,1
1336,21,7,3,16.964,0.45,-0.436,-0.084,-0.048,0
1337,54,20,4,7.906,0.005,-0.389,0.125,-0.038,1
1338,48,22,3,15.891,-0.264,-0.33,0.169,-0.059,1
1339,13,6,2,8.944,0.095,-0.436,-0.009,-0.052,1
1340,8,6,1,0.56,-0.32,-0.436,0.107,-0.067,1
1341,50,14,2,26.927,1.001,-0.436,-0.134,0.017,1
1342,90,29,7,13.042,-0.125,0.186,0.079,0.116,1
1343,157,76,16,23.92,0.101,0.083,-0.075,-0.061,0
1344,73,31,15,26.865,0.123,-0.122,-0.044,-0.054,0
1345,51,19,5,20.878,0.05,-0.386,0.018,-0.012,1
1346,28,10,3,8.844,0.065,-0.436,0.053,0.004,1
1347,99,32,10,28.109,-0.157,0.284,-0.025,0.125,0
1348,56,22,4,18.967,0.065,-0.072,-0.045,-0.046,0
1349,67,37,6,16.666,0.404,-0.36,-0.02,0.011,0
1350,32,13,4,3.91,-0.067,-0.197,0.013,-0.036,1
1351,132,54,13,22.123,0.129,-0.204,0.004,0.006,0
1352,163,72,12,25.736,0.102,0.126,-0.078,-0.043,0
1353,49,12,3,1.966,0.093,-0.332,0.056,0.006,0
1354,6,5,1,0.086,-0.32,-0.012,0.023,-0.067,1
1355,7,5,2,24.464,-0.32,-0.072,0.035,-0.067,1
1356,234,75,14,24.979,0.06,0.195,-0.065,-0.022,0
1357,47,19,2,7.07,-0.119,0.106,0.0,0.133,1
1358,31,21,4,9.98,0.158,0.057,-0.087,-0.022,1
1359,104,29,10,27.612,-0.268,0.249,-0.028,-0.063,0
1360,29,11,3,1.935,0.145,-0.348,0.141,0.417,1
1361,139,77,9,27.371,-0.078,0.168,-0.045,0.05,0
1362,76,24,3,20.972,-0.089,0.033,-0.012,-0.028,0
1363,82,49,6,19.003,0.091,0.154,-0.095,0.004,0
1364,9,7,2,6.761,0.279,-0.153,-0.116,0.156,1
1365,46,19,9,22.706,-0.32,-0.214,0.161,0.037,1
1366,73,26,6,10.922,-0.228,0.122,0.148,0.326,0
1367,7,4,3,27.5,-0.32,-0.436,0.107,-0.067,1
1368,81,56,6,25.038,0.512,0.098,-0.122,0.042,0
1369,6,5,1,0.012,-0.32,-0.012,0.107,0.033,1
1370,55,34,6,18.79,-0.099,0.304,-0.075,-0.053,0
1371,73,23,7,27.904,0.216,-0.296,-0.072,-0.065,0
1372,5,2,3,27.852,-0.32,-0.436,0.107,-0.067,1
1373,60,22,6,11.916,-0.118,-0.351,0.057,0.05,0
1374,10,8,2,5.656,-0.185,0.073,0.007,-0.047,1
1375,114,35,6,26.833,-0.214,0.033,0.098,-0.05,0
1376,70,26,6,26.916,0.123,-0.181,-0.008,0.022,0
1377,85,41,9,23.881,0.172,-0.436,0.03,-0.048,1
1378,151,68,9,27.975,0.68,-0.284,-0.046,-0.002,0
1379,191,47,12,26.943,0.012,0.057,0.057,0.102,0
1380,163,88,18,28.003,0.267,0.048,-0.056,0.348,0
1381,21,13,3,26.664,0.001,0.17,-0.06,-0.02,1
1382,13,7,3,1.938,-0.32,0.151,-0.009,-0.067,1
1383,8,7,2,4.521,-0.32,0.518,-0.081,-0.067,1
1384,10,8,2,1.754,0.354,-0.436,0.007,0.214,1
1385,32,15,5,16.103,-0.067,-0.436,0.06,-0.036,1
1386,5,5,1,0.006,2.646,-0.436,0.107,3.304,1
1387,52,17,7,16.371,0.406,-0.436,-0.047,0.064,0
1388,101,54,10,26.742,-0.026,0.194,-0.082,-0.026,0
1389,53,31,3,26.625,-0.218,-0.052,0.022,-0.056,0
1390,112,46,12,27.028,-0.019,0.11,-0.054,-0.044,0
1391,22,11,3,8.085,-0.32,-0.32,0.107,-0.067,1
1392,51,20,9,14.246,-0.188,0.313,-0.05,0.011,0
1393,5,3,1,0.001,-0.32,-0.436,0.107,-0.067,1
1394,9,7,2,12.471,-0.32,-0.153,0.162,-0.0,1
1395,77,39,2,16.526,-0.092,0.49,-0.095,0.024,1
1396,86,44,9,24.569,-0.21,0.304,-0.045,-0.063,0
1397,49,24,6,16.298,0.065,0.187,-0.067,0.019,0
1398,22,10,5,25.174,-0.075,-0.32,0.061,-0.013,1
1399,14,5,1,0.015,-0.32,-0.254,0.071,-0.067,1
1400,58,25,7,21.264,-0.018,-0.392,0.046,0.03,0
1401,5,4,1,0.001,-0.32,-0.436,0.407,0.174,1
1402,143,72,12,27.541,0.038,0.045,-0.037,-0.039,0
1403,48,17,8,17.243,-0.208,-0.012,0.002,-0.055,0
1404,17,10,1,0.009,-0.082,-0.136,0.048,-0.02,1
1405,109,46,10,26.355,-0.023,0.078,-0.045,-0.012,0
1406,39,18,6,12.015,-0.216,0.412,-0.086,-0.042,1
1407,67,23,6,14.364,-0.199,0.172,-0.02,-0.031,1
1408,6,4,1,0.015,0.579,-0.436,-0.06,0.267,1
1409,83,42,5,26.425,-0.093,-0.129,0.01,-0.036,0
1410,85,33,9,24.11,-0.13,0.163,-0.029,-0.015,0
1411,112,39,10,25.555,0.354,-0.254,0.16,0.128,0
1412,61,26,6,22.466,-0.099,0.065,0.033,0.005,1
1413,173,76,8,24.17,-0.055,0.05,-0.047,-0.023,0
1414,44,20,4,20.518,-0.259,0.143,-0.007,-0.063,1
1415,133,37,14,27.586,0.025,-0.244,0.05,-0.06,0
1416,24,5,3,1.611,0.073,-0.436,0.169,0.368,1
1417,63,40,4,23.033,-0.106,0.332,-0.068,0.06,1
1418,6,4,1,0.001,-0.32,-0.436,0.107,-0.067,1
1419,24,11,5,27.281,-0.32,0.624,-0.081,-0.067,1
1420,139,66,16,27.195,-0.184,0.315,-0.084,-0.064,0
1421,164,63,11,27.478,0.033,-0.017,-0.043,-0.02,0
1422,17,8,4,24.098,-0.32,-0.136,0.195,0.063,0
1423,15,8,2,3.002,-0.32,-0.096,0.14,0.053,1
1424,83,56,8,26.284,-0.109,0.3,-0.092,-0.043,1
1425,186,90,11,27.43,0.042,0.166,-0.058,0.127,0
1426,25,15,2,2.024,-0.158,0.379,-0.094,-0.067,1
1427,110,27,10,25.541,-0.197,-0.366,0.098,0.13,1
1428,6,3,2,27.401,-0.32,-0.436,0.19,0.133,1
1429,11,6,1,0.036,-0.32,0.258,0.016,-0.031,1
1430,127,43,6,27.568,0.466,-0.336,-0.039,-0.028,0
1431,6,5,1,0.014,-0.32,-0.436,0.107,-0.067,1
1432,4,3,1,0.002,-0.32,0.2,-0.018,-0.067,1
1433,41,17,3,13.367,-0.221,0.433,-0.077,-0.009,1
1434,69,47,5,15.118,0.032,0.265,-0.082,0.005,0
1435,30,18,3,12.582,-0.005,-0.351,0.057,0.053,1
1436,25,9,4,6.286,-0.32,0.582,0.007,-0.011,1
1437,64,22,5,19.487,-0.278,-0.157,0.083,0.105,1
1438,33,16,2,1.97,-0.157,0.027,0.001,0.036,1
1439,42,22,4,25.077,0.611,-0.436,-0.084,0.052,0
1440,5,5,1,0.031,-0.32,0.073,0.007,-0.067,1
1441,31,16,2,1.517,-0.146,0.139,-0.055,-0.067,1
1442,26,16,2,10.293,0.043,0.054,-0.047,-0.029,0
1443,181,74,7,20.176,0.112,0.323,2.756,0.04,0
1444,50,20,9,24.579,-0.32,0.124,0.037,-0.039,0
1445,214,82,15,27.265,0.102,0.135,-0.062,-0.009,0
1446,99,30,12,26.471,-0.293,0.438,-0.07,-0.059,1
1447,11,6,1,0.02,-0.075,-0.436,0.107,-0.049,1
1448,49,23,5,17.332,0.313,-0.384,-0.036,-0.055,1
1449,6,3,1,0.002,-0.32,-0.012,0.023,-0.067,1
1450,12,9,2,0.191,0.129,-0.436,-0.018,-0.067,1
1451,90,50,4,23.215,0.639,-0.21,-0.055,0.071,0
1452,30,8,2,13.311,-0.32,-0.012,0.023,-0.067,1
1453,32,17,4,16.076,-0.236,-0.356,0.138,-0.061,1
1454,125,51,9,27.171,0.122,-0.415,0.023,-0.019,0
1455,104,43,9,24.283,-0.113,-0.362,0.208,-0.033,0
1456,13,7,1,0.024,0.406,-0.044,-0.124,-0.036,1
1457,58,30,4,6.329,-0.041,0.354,-0.075,0.009,1
1458,109,56,8,26.278,0.286,-0.272,0.038,0.036,0
1459,121,50,8,24.022,-0.019,0.027,-0.046,-0.016,0
1460,24,15,3,5.923,-0.208,0.094,0.002,-0.025,0
1461,41,24,2,20.066,-0.09,0.061,0.009,-0.058,1
1462,6,6,1,0.027,-0.32,0.412,0.023,-0.034,1
1463,156,72,12,22.102,0.026,0.021,-0.022,0.007,0
1464,76,45,5,24.055,0.035,0.2,-0.084,-0.054,1
1465,100,49,7,27.09,0.071,0.15,-0.034,-0.017,0
1466,161,75,6,27.48,0.392,0.007,-0.064,0.004,0
1467,56,33,6,18.207,0.041,0.246,-0.081,-0.003,0
1468,92,42,10,23.056,-0.027,0.2,-0.095,-0.067,1
1469,13,10,1,0.046,0.613,0.151,-0.163,0.056,1
1470,15,6,1,0.111,-0.32,-0.096,0.073,0.026,1
1471,118,48,8,27.232,-0.034,0.103,-0.012,-0.038,1
1472,10,5,3,10.236,-0.32,0.073,0.107,-0.007,1
1473,31,12,8,24.472,-0.059,-0.189,-0.023,-0.067,0
1474,122,59,9,24.485,-0.099,0.378,-0.09,-0.018,0
1475,103,32,12,27.506,-0.071,-0.263,0.029,-0.034,0
1476,34,15,2,0.336,-0.161,0.612,0.033,-0.014,1
1477,52,34,5,23.012,0.199,-0.387,-0.018,-0.025,0
1478,38,29,3,7.553,-0.107,0.368,-0.117,-0.067,1
1479,76,23,5,24.43,-0.178,-0.402,0.258,-0.046,0
1480,29,16,5,10.242,-0.134,-0.436,0.055,-0.067,1
1481,74,23,5,18.48,-0.174,0.321,0.046,-0.048,0
1482,5,4,1,0.009,-0.32,0.073,0.007,-0.067,1
1483,240,60,23,26.548,-0.095,-0.266,0.044,-0.008,0
1484,28,12,3,13.529,-0.079,-0.345,0.035,-0.01,1
1485,157,68,9,22.012,-0.097,-0.014,0.148,-0.024,0
1486,39,16,4,17.997,-0.182,0.282,-0.047,-0.031,1
1487,60,37,6,27.275,0.197,-0.436,0.007,0.016,0
1488,7,3,1,0.013,-0.32,-0.436,0.107,-0.067,1
1489,147,61,10,23.238,0.359,-0.176,-0.03,0.024,0
1490,47,21,7,13.938,-0.205,0.268,-0.042,-0.003,1
1491,43,21,10,26.152,-0.101,0.156,-0.056,-0.053,0
1492,170,65,12,26.246,-0.114,0.298,-0.085,-0.034,0
1493,181,60,12,20.527,-0.156,-0.028,0.004,0.014,0
1494,126,40,11,20.448,0.461,-0.375,-0.052,-0.031,0
1495,11,8,2,0.148,-0.32,0.258,-0.03,-0.067,1
1496,11,9,1,0.015,-0.32,0.49,-0.075,-0.067,1
1497,87,57,3,23.448,0.021,0.149,-0.066,-0.035,0
1498,11,9,2,8.146,0.293,-0.204,-0.075,0.042,1
1499,77,21,7,11.357,-0.145,-0.237,0.172,0.027,1
1500,22,16,2,25.516,-0.32,-0.436,0.175,-0.058,1
1501,73,28,7,26.432,0.216,-0.296,-0.017,-0.023,0
1502,95,51,5,23.091,0.361,-0.436,-0.036,-0.008,0
1503,13,6,2,17.222,0.717,-0.436,-0.163,-0.067,1
1504,16,15,2,0.108,0.017,0.359,-0.05,0.184,1
1505,38,33,4,18.205,-0.214,0.435,-0.104,-0.067,1
1506,37,18,6,18.346,-0.247,-0.161,0.026,-0.067,0
1507,98,60,8,24.97,0.065,0.343,-0.103,-0.01,1
1508,54,22,5,24.181,-0.095,-0.341,0.237,-0.012,1
1509,239,75,13,23.266,-0.072,0.299,-0.069,-0.03,0
1510,29,18,3,9.42,0.098,0.003,-0.101,-0.067,1
1511,69,22,7,19.193,0.149,-0.436,0.012,0.02,0
1512,62,35,8,25.067,-0.19,0.344,-0.079,-0.022,0
1513,38,12,6,13.394,-0.036,-0.436,0.054,-0.036,0
1514,55,34,5,19.034,0.121,-0.297,-0.003,-0.024,0
1515,198,92,7,27.463,-0.02,0.194,-0.07,-0.048,1
1516,54,19,8,27.409,0.254,-0.341,-0.032,-0.041,0
1517,203,88,7,27.525,0.251,-0.022,-0.073,-0.032,0
1518,168,61,15,27.235,0.153,-0.375,0.041,-0.025,0
1519,90,32,8,27.197,-0.005,-0.407,0.096,-0.043,1
1520,34,27,5,23.474,-0.003,0.313,-0.07,0.139,0
1521,275,72,14,24.231,0.057,-0.038,0.007,-0.021,0
1522,45,16,2,23.244,0.579,-0.096,-0.138,-0.018,0
1523,46,24,4,22.493,0.559,-0.159,-0.067,0.098,0
1524,90,47,5,26.013,0.444,-0.407,-0.021,0.011,0
1525,247,73,12,27.029,0.149,0.234,-0.082,0.002,0
1526,20,14,1,0.005,-0.32,0.2,-0.018,-0.067,1
1527,11,6,3,3.851,-0.32,-0.204,0.061,-0.067,1
1528,83,46,9,27.205,-0.06,0.3,-0.104,-0.043,0
1529,4,3,1,0.0,-0.32,-0.436,0.107,-0.067,1
1530,39,22,4,7.185,-0.251,0.347,-0.06,-0.062,1
1531,8,5,3,1.316,-0.32,-0.436,0.169,0.033,1
1532,11,6,2,0.15,-0.32,0.49,0.016,-0.031,1
1533,118,73,5,24.049,0.046,0.125,-0.063,0.009,0
1534,4,4,1,0.003,-0.32,0.2,-0.018,-0.067,1
1535,68,33,9,24.477,-0.122,-0.099,0.018,-0.05,0
1536,116,28,13,26.46,-0.076,-0.436,0.133,0.026,0
1537,34,15,3,9.904,-0.082,-0.361,0.033,-0.067,1
1538,22,16,4,13.237,0.231,-0.32,0.061,0.799,1
1539,6,6,2,6.371,-0.32,-0.012,0.023,-0.067,1
1540,78,37,6,25.989,-0.164,0.347,-0.073,-0.06,1
1541,14,9,2,7.006,-0.32,-0.072,0.536,0.176,1
1542,12,5,1,0.031,0.242,-0.436,-0.018,-0.067,1
1543,41,15,6,12.148,0.272,-0.436,0.095,0.354,0
1544,55,18,5,5.985,-0.148,-0.066,0.007,0.082,1
1545,26,13,3,2.194,-0.32,0.249,-0.028,-0.067,1
1546,13,9,1,0.007,-0.32,0.151,0.107,-0.021,1
1547,4,3,1,0.001,-0.32,-0.436,0.107,-0.067,1
1548,55,25,10,22.368,-0.173,-0.251,0.043,-0.067,1
1549,17,7,2,7.424,-0.32,-0.436,0.107,-0.067,1
1550,108,53,5,24.083,-0.308,0.271,0.084,-0.034,1
1551,56,38,9,22.954,-0.079,0.2,-0.054,0.019,1
1552,30,11,5,4.818,-0.23,-0.266,0.057,-0.047,1
1553,65,31,9,24.302,0.074,0.112,-0.078,-0.043,0
1554,75,32,8,27.468,-0.122,-0.13,0.053,-0.022,1
1555,206,52,12,26.354,-0.176,-0.176,0.102,0.044,0
1556,28,15,4,5.939,-0.32,0.291,-0.036,-0.067,1
1557,303,74,12,27.411,-0.026,-0.301,0.11,-0.026,0
1558,151,48,11,26.454,0.144,0.019,-0.066,0.027,0
1559,92,40,13,27.11,-0.32,-0.408,0.107,-0.043,0
1560,15,10,2,3.501,-0.32,-0.436,0.174,0.107,1
1561,52,35,4,22.247,0.302,0.054,-0.105,0.006,1
1562,28,10,4,6.219,-0.32,-0.345,0.089,-0.067,1
1563,12,6,1,0.018,-0.32,-0.436,0.149,-0.0,1
1564,21,15,2,0.224,-0.063,0.291,-0.084,0.009,1
1565,27,13,3,8.002,-0.22,0.035,0.014,0.052,1
1566,160,64,12,26.002,0.042,0.216,-0.078,-0.033,0
1567,114,33,10,24.114,0.094,-0.413,0.054,-0.016,0
1568,92,62,6,22.477,0.09,0.256,-0.106,-0.008,1
1569,39,14,3,5.138,-0.009,0.086,-0.047,-0.031,1
1570,8,6,2,2.339,-0.32,-0.118,0.044,-0.067,1
1571,9,6,1,0.003,0.729,-0.153,-0.06,0.178,1
1572,33,16,3,9.319,0.048,-0.127,-0.015,-0.0,0
1573,71,26,12,26.038,0.022,-0.149,-0.013,0.032,1
1574,52,39,4,26.125,-0.19,0.298,-0.076,-0.048,1
1575,74,39,7,23.215,0.7,-0.401,0.005,0.052,0
1576,67,19,8,25.998,0.163,-0.322,-0.013,-0.022,0
1577,63,34,15,25.42,-0.17,0.089,-0.005,0.025,0
1578,30,11,4,18.063,-0.23,-0.436,0.324,0.06,1
1579,217,74,10,23.988,0.04,-0.002,0.026,0.039,0
1580,25,19,3,17.052,0.004,0.277,-0.114,-0.067,1
1581,6,6,2,3.262,-0.32,0.412,-0.06,-0.067,1
1582,98,48,7,26.102,-0.045,0.187,0.01,-0.008,1
1583,217,53,16,23.051,0.04,-0.236,0.017,-0.028,0
1584,35,18,4,11.119,-0.204,-0.145,0.064,0.065,1
1585,82,27,4,13.023,0.206,-0.343,0.137,0.089,1
1586,78,23,9,21.151,0.199,-0.37,-0.015,-0.013,0
1587,64,30,3,17.06,-0.257,0.28,0.091,-0.042,1
1588,124,58,5,24.356,0.169,0.016,-0.087,-0.032,0
1589,31,25,3,22.363,-0.233,0.303,-0.055,-0.061,0
1590,17,8,1,0.063,0.156,-0.286,-0.041,-0.067,1
1591,198,56,7,25.072,-0.034,-0.294,0.074,0.146,0
1592,5,2,1,0.001,-0.32,-0.436,1.309,0.414,1
1593,77,52,6,24.007,-0.162,0.093,-0.03,-0.054,0
1594,41,12,1,0.22,-0.32,-0.001,0.217,0.055,1
1595,105,32,8,26.766,0.014,0.025,-0.013,0.04,0
1596,67,42,8,24.077,-0.079,-0.284,0.017,-0.034,1
1597,45,18,6,19.967,-0.26,0.243,-0.049,-0.067,1
1598,14,9,1,0.133,-0.32,-0.254,0.107,0.062,1
1599,8,5,1,0.042,-0.32,-0.436,0.107,-0.067,1
1600,109,29,6,20.333,-0.246,-0.272,0.102,0.012,1
1601,50,26,4,17.346,-0.185,-0.436,0.097,-0.047,1
1602,13,8,2,1.072,-0.32,-0.24,0.068,-0.067,1
1603,71,22,3,22.069,0.288,-0.436,0.001,-0.005,0
1604,15,5,3,3.009,-0.32,-0.436,0.24,0.053,1
1605,12,6,1,0.027,0.129,-0.436,-0.018,-0.067,1
1606,114,52,11,20.869,0.141,-0.413,0.063,0.216,0
1607,137,52,14,25.098,-0.104,0.27,-0.083,-0.067,0
1608,144,52,9,27.094,-0.18,0.236,-0.039,-0.009,0
1609,7,4,2,25.989,-0.32,-0.436,0.178,-0.039,1
1610,108,48,8,24.212,-0.008,0.365,-0.093,-0.008,0
1611,45,25,4,16.835,-0.32,-0.096,0.073,-0.045,0
1612,170,74,11,24.425,0.227,0.148,-0.079,-0.039,0
1613,6,4,1,0.019,-0.32,-0.436,0.107,-0.067,1
1614,32,29,4,16.053,-0.194,0.359,-0.097,-0.067,1
1615,43,20,5,23.084,-0.038,0.097,-0.01,-0.011,0
1616,48,30,5,13.099,-0.011,0.2,-0.039,0.008,1
1617,12,6,2,6.038,0.129,-0.224,-0.06,-0.0,1
1618,5,3,1,0.0,-0.32,-0.436,0.107,-0.067,1
1619,204,50,13,27.082,-0.049,0.113,-0.038,-0.023,0
1620,27,10,5,9.048,-0.32,-0.247,0.088,-0.052,1
1621,61,19,7,11.375,-0.011,-0.352,0.025,-0.031,1
1622,59,26,9,22.252,-0.16,0.254,-0.072,-0.054,1
1623,43,23,5,16.928,0.213,-0.436,0.072,0.143,0
1624,114,41,10,22.831,-0.202,0.412,-0.082,-0.018,0
1625,116,56,11,21.948,-0.181,0.047,-0.006,-0.036,0
1626,18,10,2,16.071,0.129,-0.436,-0.005,-0.067,1
1627,4,3,1,0.012,-0.32,-0.436,0.232,0.133,1
1628,78,47,7,17.279,-0.113,0.249,-0.073,-0.054,0
1629,9,4,2,25.01,-0.32,-0.436,0.162,-0.045,1
1630,60,25,9,27.067,-0.23,0.116,-0.01,-0.037,0
1631,41,17,5,8.155,-0.254,0.247,-0.028,-0.043,1
1632,66,28,6,9.228,-0.075,0.027,-0.053,-0.049,1
1633,21,12,2,1.984,-0.32,-0.315,0.226,-0.039,1
1634,87,35,6,25.072,0.238,-0.26,0.043,-0.0,1
1635,51,38,8,26.226,-0.029,0.213,-0.109,-0.063,1
1636,9,7,2,1.275,-0.32,-0.153,0.051,-0.067,1
1637,77,52,7,27.222,-0.092,0.159,-0.056,-0.062,0
1638,122,47,10,26.361,-0.121,0.148,-0.008,-0.002,0
1639,9,6,2,2.808,-0.32,-0.153,0.051,-0.067,1
1640,86,19,10,24.314,-0.038,-0.229,0.06,0.042,1
1641,92,48,11,27.034,0.002,-0.076,-0.002,-0.048,0
1642,16,6,2,26.039,-0.32,0.359,-0.018,-0.055,0
1643,5,4,1,0.002,-0.32,0.073,0.007,-0.067,1
1644,117,56,9,23.256,0.014,0.021,-0.03,-0.035,0
1645,88,45,7,27.317,0.124,-0.031,-0.024,0.133,0
1646,23,13,3,5.006,-0.203,0.117,-0.024,-0.05,1
1647,22,18,3,11.056,-0.075,-0.32,0.061,0.079,0
1648,46,26,5,19.034,0.032,-0.325,-0.013,-0.05,0
1649,5,4,1,0.019,-0.32,0.073,0.007,-0.067,1
1650,4,3,1,0.024,-0.32,-0.436,0.107,-0.067,1
1651,7,6,1,0.237,-0.32,0.291,-0.036,-0.067,1
1652,31,14,2,3.085,-0.19,0.303,-0.039,-0.054,1
1653,102,55,8,25.276,0.235,0.138,-0.104,-0.02,0
1654,106,52,4,21.321,0.189,-0.388,-0.011,-0.039,0
1655,50,24,7,18.911,-0.266,0.531,-0.094,-0.067,1
1656,52,27,3,16.054,0.069,-0.387,-0.018,-0.06,0
1657,59,29,4,17.989,-0.16,-0.349,0.047,-0.043,0
1658,111,52,9,20.172,0.263,0.16,-0.092,-0.002,0
1659,59,29,9,26.185,0.068,-0.177,-0.012,0.008,1
1660,22,16,3,19.981,0.048,-0.436,0.175,-0.003,0
1661,139,73,5,23.173,0.049,0.205,-0.088,-0.021,0
1662,17,9,3,5.113,-0.161,0.163,-0.041,0.063,1
1663,29,16,4,24.269,0.61,-0.436,-0.152,-0.047,1
1664,34,15,1,0.069,0.037,0.387,-0.114,-0.044,1
1665,17,13,1,0.055,0.077,0.313,-0.129,0.074,1
1666,11,8,1,0.073,-0.32,0.258,-0.03,-0.067,1
1667,24,10,1,0.22,0.073,-0.436,0.086,0.016,1
1668,9,6,1,0.011,-0.32,-0.153,0.162,0.111,1
1669,4,4,1,0.001,-0.32,0.2,0.232,0.485,1
1670,224,66,17,23.909,-0.127,0.075,-0.007,-0.038,0
1671,168,51,12,22.771,-0.103,0.14,0.011,-0.034,0
1672,14,11,1,0.037,0.065,0.291,-0.144,-0.053,1
1673,4,4,1,0.01,-0.32,0.2,-0.018,-0.067,1
1674,17,9,2,8.751,-0.32,0.313,-0.041,-0.067,1
1675,10,10,1,0.001,-0.32,0.328,0.007,-0.067,1
1676,69,28,7,18.729,0.208,-0.214,-0.031,-0.029,0
1677,110,56,6,23.194,0.207,-0.366,0.007,-0.025,0
1678,111,48,9,27.267,-0.016,0.069,-0.06,-0.056,0
1679,10,6,1,0.03,-0.32,-0.181,0.207,-0.007,1
1680,33,12,1,0.047,-0.32,0.567,-0.091,-0.067,1
1681,17,13,2,11.767,-0.32,0.163,-0.011,-0.067,1
1682,137,47,11,27.211,0.064,0.121,-0.076,-0.037,0
1683,197,72,17,27.023,-0.053,-0.074,-0.005,-0.014,0
1684,52,13,5,3.947,-0.19,-0.289,0.116,0.002,1
1685,83,24,8,21.122,-0.223,-0.252,0.071,0.003,0
1686,469,88,19,27.084,0.039,-0.219,0.058,-0.041,0
1687,34,15,3,19.202,0.473,-0.361,-0.011,0.063,1
1688,16,8,1,0.04,-0.32,0.518,-0.081,-0.067,1
1689,91,40,8,21.84,-0.172,0.263,-0.069,-0.041,0
1690,135,87,6,26.805,0.089,0.13,-0.064,-0.027,0
1691,128,38,4,24.105,0.091,-0.356,0.013,-0.009,0
1692,16,9,1,0.247,-0.32,0.359,0.013,-0.042,1
1693,65,45,4,23.107,0.095,0.308,-0.109,-0.03,1
1694,31,20,5,25.927,-0.059,-0.025,-0.055,-0.067,0
1695,32,11,2,9.097,-0.32,0.439,-0.065,-0.067,1
1696,7,6,1,0.003,0.065,-0.436,-0.036,-0.067,0
1697,43,21,5,23.805,-0.101,0.334,-0.103,-0.067,1
1698,62,35,5,27.191,0.093,-0.354,0.01,-0.019,1
1699,120,63,6,22.02,-0.028,0.306,-0.089,-0.054,0
1700,36,19,5,27.209,-0.32,0.059,0.009,-0.067,0
1701,19,12,2,19.013,0.673,-0.302,-0.157,-0.057,1
1702,18,10,4,16.935,0.354,-0.153,-0.116,-0.0,0
1703,102,57,10,25.219,0.195,0.013,-0.055,-0.042,0
1704,11,5,1,0.047,-0.32,-0.436,0.152,-0.067,1
1705,7,5,1,0.015,-0.32,-0.072,0.035,-0.067,0
1706,71,36,9,26.024,-0.13,-0.077,-0.013,-0.064,0
1707,17,14,2,1.838,0.156,0.163,-0.041,0.122,1
1708,58,30,4,23.04,0.168,0.003,0.02,-0.026,0
1709,43,17,4,22.067,0.119,-0.317,0.002,-0.053,0
1710,87,44,6,27.245,0.098,-0.436,0.003,-0.06,0
1711,135,50,6,21.183,-0.09,0.017,-0.008,-0.041,0
1712,111,50,10,25.192,0.275,-0.39,0.017,0.007,0
1713,5,4,1,0.008,-0.32,-0.436,0.407,0.374,1
1715,60,32,10,23.275,-0.185,0.158,-0.002,0.093,1
1716,143,30,7,20.597,-0.169,-0.24,0.142,-0.031,0
1717,104,41,11,25.974,0.393,-0.338,0.049,0.052,0
1718,7,3,1,0.009,-0.32,-0.436,0.107,-0.067,1
1719,124,31,13,27.137,-0.048,-0.415,0.127,0.059,0
1720,5,5,1,0.002,-0.05,-0.436,0.007,-0.067,1
1721,102,47,8,23.864,-0.042,0.138,-0.06,-0.046,0
1722,181,89,7,27.311,0.224,0.113,-0.043,0.011,0
1723,61,30,3,7.893,0.056,0.315,-0.107,-0.034,0
1724,32,12,1,0.14,-0.109,0.121,-0.018,-0.005,1
1725,19,12,3,16.119,0.035,-0.436,0.028,-0.025,1
1726,24,15,2,23.86,-0.095,-0.224,0.023,-0.009,1
1727,259,76,12,24.125,0.185,0.114,-0.048,0.001,0
1728,87,30,8,14.147,-0.196,0.295,0.061,-0.051,0
1729,9,6,1,0.011,-0.32,0.13,-0.005,-0.067,1
1730,53,17,3,6.115,-0.015,-0.052,0.022,-0.014,1
1731,7,5,1,0.003,-0.32,-0.072,0.035,-0.067,1
1732,200,64,13,27.203,0.192,-0.398,0.029,0.003,0
1733,70,29,4,24.715,-0.127,-0.327,0.214,0.113,0
1734,26,17,4,8.864,-0.113,-0.24,0.088,0.087,1
1735,149,73,18,26.975,-0.067,0.299,-0.082,-0.027,0
1736,44,24,6,27.211,-0.014,-0.147,-0.018,-0.063,0
1737,114,53,7,23.891,0.413,0.011,-0.091,0.026,0
1738,37,22,7,21.912,-0.101,-0.229,0.012,-0.056,0
1739,45,15,1,0.172,-0.32,-0.04,0.073,-0.032,1
1740,48,24,5,22.174,-0.292,0.253,-0.008,-0.063,1
1741,189,66,13,21.161,-0.035,0.009,-0.039,-0.037,0
1742,58,41,3,25.2,-0.041,0.31,-0.118,-0.067,0
1743,164,87,12,26.991,0.346,0.014,-0.11,-0.002,0
1744,45,25,3,25.177,0.129,-0.04,-0.049,-0.036,0
1745,6,2,2,3.979,0.354,-0.436,-0.06,-0.067,1
1746,130,63,8,23.908,0.084,0.21,-0.086,0.005,0
1747,122,51,10,24.844,0.155,0.107,-0.074,-0.048,0
1748,137,44,11,25.916,-0.015,-0.287,0.056,-0.02,0
1749,23,13,4,14.674,0.149,-0.214,0.063,0.264,1
1750,9,4,2,8.843,-0.32,-0.436,0.107,-0.067,1
1751,168,73,8,22.723,0.194,0.049,0.712,0.01,1
1752,17,11,2,17.548,-0.32,-0.286,0.107,-0.067,0
1753,7,2,1,0.71,-0.32,-0.436,0.107,-0.067,1
1754,63,26,4,8.18,-0.042,0.17,-0.068,-0.061,0
1755,6,3,1,0.0,-0.32,-0.436,0.357,-0.0,1
1756,111,50,22,27.049,-0.016,-0.206,0.035,0.023,0
1757,103,59,6,21.805,-0.045,0.305,-0.098,-0.04,1
1758,179,54,10,22.221,0.395,-0.336,-0.005,0.032,0
1759,5,4,1,0.005,-0.32,-0.436,0.107,-0.067,1
1760,148,57,8,21.988,0.072,0.011,-0.015,-0.004,0
1761,34,12,5,11.029,-0.042,-0.436,0.151,-0.056,1
1762,40,28,7,6.14,-0.118,0.2,-0.056,0.023,1
1763,133,51,6,14.998,-0.026,0.138,-0.044,-0.028,1
1764,7,3,1,0.001,-0.32,-0.436,0.25,-0.01,1
1765,103,50,9,24.274,-0.058,0.083,-0.029,-0.042,1
1766,13,6,4,22.71,-0.32,0.151,-0.009,-0.067,1
1767,88,44,4,15.115,-0.075,0.287,-0.098,-0.058,0
1768,44,17,2,2.167,-0.136,0.027,-0.03,-0.067,0
1769,120,24,9,14.878,-0.062,0.179,-0.056,-0.037,1
1770,25,10,5,10.179,-0.32,-0.029,0.187,0.045,1
1771,13,7,1,0.017,-0.32,-0.436,0.107,-0.067,1
1772,229,74,17,27.14,0.139,0.153,-0.064,-0.025,0
1773,13,8,2,2.118,-0.32,-0.044,0.03,-0.067,0
1774,33,19,6,22.098,-0.157,0.027,0.001,0.006,1
1775,59,24,8,25.167,-0.069,-0.393,0.047,-0.067,0
1776,15,9,3,4.109,-0.32,-0.096,0.04,-0.067,1
1777,28,14,3,4.87,-0.176,0.11,-0.018,-0.024,1
1778,63,30,4,19.228,0.429,-0.355,-0.013,0.044,0
1779,34,26,5,25.158,-0.003,-0.286,0.033,-0.032,0
1780,196,58,15,24.17,0.024,0.2,-0.054,-0.015,0
1781,182,68,11,22.178,-0.12,-0.03,0.057,-0.004,0
1782,340,72,17,24.176,-0.042,0.103,-0.01,-0.008,0
1783,196,74,17,27.417,0.196,-0.254,0.061,1.626,0
1784,50,18,6,16.861,-0.023,-0.436,0.027,-0.063,1
1785,73,32,7,20.218,0.068,0.052,-0.072,-0.065,0
1786,11,3,4,15.111,-0.32,-0.436,0.107,-0.067,1
1787,19,10,4,14.243,-0.32,-0.168,0.08,-0.025,1
1788,40,23,3,15.102,-0.118,-0.308,0.069,-0.022,0
1789,106,45,7,26.66,-0.078,0.212,-0.059,-0.039,0
1790,35,18,3,7.147,-0.166,0.364,-0.079,-0.05,1
1791,20,10,2,8.29,-0.32,0.2,-0.018,-0.067,1
1792,217,78,6,26.977,0.096,-0.002,0.141,0.029,0
1793,5,2,1,0.001,-0.32,-0.436,0.608,0.214,1
1794,7,5,1,0.024,-0.32,-0.436,0.107,-0.067,1
1795,47,19,3,21.199,-0.004,-0.219,0.085,-0.046,1
1796,25,11,2,6.112,-0.32,0.277,-0.013,-0.051,1
1797,18,13,1,0.089,-0.245,0.412,-0.06,-0.067,1
1798,8,5,1,0.009,-0.32,-0.118,0.044,-0.067,1
1799,156,54,5,20.181,-0.0,0.005,0.033,-0.042,0
1800,4,4,2,8.753,-0.32,-0.436,0.107,-0.067,1
1801,27,15,1,0.087,-0.27,0.13,0.088,-0.015,1
1802,126,52,9,24.007,0.14,0.049,-0.092,-0.034,0
1803,256,75,11,23.089,0.117,-0.128,0.001,-0.014,0
1804,35,15,2,17.693,-0.166,-0.072,0.035,0.093,1
1805,42,15,5,21.921,-0.192,-0.315,0.107,-0.043,0
1806,116,47,7,23.052,0.435,-0.392,-0.04,-0.028,1
1807,83,48,4,21.118,0.313,-0.374,-0.014,-0.017,0
1808,40,24,4,20.765,-0.05,-0.308,0.019,-0.047,1
1809,115,61,7,27.101,0.208,0.25,-0.142,-0.045,0
1810,26,12,3,3.066,-0.32,0.543,-0.086,-0.067,1
1811,17,11,1,0.033,-0.241,0.163,-0.041,-0.067,1
1812,12,8,1,0.733,-0.32,-0.224,0.065,-0.067,1
1813,45,16,3,7.222,-0.26,0.469,-0.06,-0.023,1
1814,4,4,1,0.001,-0.32,-0.436,0.107,-0.067,1
1815,42,20,3,17.154,0.354,-0.315,-0.036,-0.005,0
1816,35,15,2,3.619,-0.127,0.219,-0.008,-0.05,1
1817,20,5,2,14.659,-0.32,0.073,0.007,-0.067,1
1818,42,20,5,18.642,0.161,-0.072,-0.084,-0.063,0
1819,28,9,2,0.827,-0.32,-0.436,0.16,-0.06,1
1820,10,5,1,0.012,0.893,0.073,-0.144,0.153,1
1821,37,19,3,14.662,0.299,-0.229,-0.096,-0.062,1
1822,18,7,3,13.125,-0.32,-0.153,0.135,-0.034,1
1823,10,7,1,0.023,-0.32,0.582,-0.094,-0.067,1
1824,37,15,3,5.053,-0.065,0.252,-0.083,-0.046,1
1825,25,15,1,0.049,-0.104,0.48,-0.094,-0.027,1
1826,31,19,3,7.785,-0.016,0.221,-0.087,-0.041,1
1827,68,25,7,14.007,0.057,-0.323,0.077,-0.035,1
1828,31,12,2,16.901,-0.32,0.139,-0.006,-0.067,1
1829,181,62,9,27.089,-0.186,0.464,-0.07,-0.048,0
1830,13,7,2,9.937,0.302,-0.24,-0.047,0.087,1
1831,71,25,10,19.021,-0.168,-0.041,0.015,0.094,0
1832,16,10,2,6.167,0.017,-0.436,-0.018,-0.067,1
1833,106,30,8,25.873,-0.193,0.38,-0.082,-0.067,0
1834,85,46,3,16.934,-0.066,0.283,-0.082,-0.037,1
1835,75,30,10,26.214,-0.14,-0.198,0.027,-0.067,0
1836,166,62,9,22.079,-0.198,0.239,0.025,-0.043,0
1837,15,8,1,0.022,-0.32,0.412,-0.06,-0.067,1
1838,62,27,3,8.994,-0.103,0.508,-0.119,-0.045,1
1839,83,59,2,21.061,-0.288,0.423,-0.038,-0.031,1
1840,171,73,7,20.074,0.098,0.055,-0.066,-0.047,0
1841,53,16,3,20.224,-0.295,0.524,-0.092,-0.067,1
1842,10,8,1,0.131,-0.32,0.073,0.007,-0.067,1
1843,31,15,4,6.084,-0.19,0.303,-0.071,-0.061,0
1844,126,50,9,24.88,0.204,-0.355,-0.013,-0.05,0
1845,8,5,1,0.064,-0.32,-0.118,0.044,-0.067,1
1846,100,48,7,16.699,-0.037,0.022,-0.008,-0.023,0
1847,20,12,1,0.009,-0.32,0.582,-0.044,-0.067,1
1848,278,68,15,27.043,0.005,-0.033,-0.025,-0.021,0
1849,251,39,8,26.654,-0.266,0.274,-0.041,-0.034,0
1850,177,75,8,21.895,0.145,0.067,-0.063,-0.033,0
1851,23,12,1,0.175,-0.144,-0.214,0.02,-0.05,1
1852,33,18,4,17.171,-0.197,-0.127,0.001,-0.067,0
1853,219,60,12,26.472,-0.228,0.064,0.072,-0.037,0
1854,45,21,7,18.938,-0.14,-0.153,0.04,-0.054,0
1855,10,5,1,0.001,-0.32,-0.181,0.057,-0.067,1
1856,133,48,11,21.132,-0.036,0.062,-0.04,-0.033,0
1857,18,14,1,0.055,-0.245,0.554,-0.116,-0.067,1
1858,19,8,1,0.015,-0.036,-0.034,-0.025,0.059,1
1859,120,38,3,14.701,0.051,-0.33,0.015,-0.034,0
1860,12,9,1,0.053,-0.32,0.412,-0.06,-0.067,1
1861,57,18,5,5.825,-0.178,0.011,0.019,0.024,1
1862,4,3,1,0.002,-0.32,-0.436,0.232,-0.017,1
1863,9,6,3,10.582,-0.32,-0.153,0.162,-0.0,1
1864,112,35,7,17.542,-0.091,0.019,0.107,-0.023,1
1865,8,4,1,0.002,0.186,-0.436,-0.081,-0.067,1
1866,16,5,5,15.845,0.27,-0.436,-0.05,-0.067,1
1867,154,28,7,12.839,-0.215,0.076,0.071,0.029,0
1868,9,8,1,0.014,-0.32,0.13,-0.005,-0.067,1
1869,107,45,6,23.777,0.499,0.04,-0.109,0.021,0
1870,127,44,14,27.118,0.243,-0.255,0.012,0.012,0
1871,75,33,4,15.743,-0.104,0.277,-0.047,-0.006,1
1872,36,14,1,0.676,-0.32,0.554,-0.088,-0.067,1
1873,35,15,3,7.89,-0.127,0.291,-0.036,0.099,1
1874,18,8,2,0.995,-0.32,-0.436,0.274,-0.067,1
1875,8,3,1,0.014,-0.32,-0.436,0.295,-0.067,1
1876,132,53,8,27.157,-0.034,0.104,-0.064,-0.061,0
1877,161,51,13,26.079,-0.044,-0.357,0.206,-0.042,0
1878,137,35,9,20.992,-0.182,0.27,0.048,-0.038,1
1879,44,17,3,17.078,-0.289,0.143,0.004,-0.049,1
1880,107,63,5,21.068,0.247,0.135,-0.123,-0.03,0
1881,5,4,1,0.001,-0.32,0.073,0.007,-0.067,1
1882,138,60,12,27.045,-0.037,0.173,-0.049,-0.037,0
1883,7,5,3,9.859,-0.32,-0.436,0.107,-0.067,1
1884,5,4,1,0.009,-0.32,0.073,0.007,-0.067,1
1885,83,27,6,22.048,0.297,0.116,-0.08,0.027,0
1886,7,4,1,0.009,-0.32,-0.436,0.107,-0.067,1
1887,204,71,19,23.029,-0.003,0.051,-0.065,-0.052,0
1888,110,32,9,19.686,0.097,-0.204,0.007,0.07,0
1889,190,47,17,26.82,-0.242,-0.288,0.199,0.007,0
1890,109,35,12,23.575,-0.159,-0.389,0.098,-0.056,1
1891,11,7,1,0.04,-0.32,0.49,-0.075,-0.067,1
1892,22,7,5,21.141,-0.32,0.258,-0.03,-0.067,0
1893,72,32,7,27.163,-0.114,-0.33,0.323,0.239,0
1894,24,10,3,13.99,0.523,-0.012,-0.144,0.1,1
1895,39,16,4,4.015,-0.251,0.086,0.004,-0.042,1
1896,4,3,2,3.031,-0.32,-0.436,0.357,0.133,1
1897,16,13,1,0.128,0.186,0.359,-0.112,-0.067,0
1898,107,25,5,14.849,-0.257,0.04,0.027,-0.037,0
1899,18,9,2,12.98,0.279,-0.436,-0.06,-0.067,1
1900,50,30,4,8.099,-0.023,0.277,-0.104,-0.031,0
1901,31,21,2,6.088,-0.277,0.303,-0.055,-0.067,1
1902,19,7,2,2.111,-0.32,-0.436,0.291,0.059,1
1903,52,18,5,17.047,-0.268,0.151,0.001,-0.067,1
1904,75,38,9,27.057,-0.122,-0.334,0.053,-0.008,0
1905,25,19,2,6.272,-0.05,0.175,-0.094,-0.067,0
1906,4,4,1,0.011,-0.32,0.2,-0.018,-0.067,1
1907,39,18,4,21.029,-0.113,-0.109,-0.022,-0.067,1
1908,87,28,6,23.975,-0.258,0.149,0.003,-0.049,1
1909,7,5,1,0.001,-0.32,-0.072,0.035,-0.067,1
1910,12,8,2,1.293,-0.32,-0.224,0.107,0.1,1
1911,84,37,8,27.062,0.113,-0.315,0.011,-0.031,0
1912,267,61,9,26.857,-0.108,0.212,-0.07,-0.044,0
1913,58,48,4,26.084,0.005,0.266,-0.118,-0.057,0
1914,306,58,18,26.967,-0.205,-0.086,0.056,-0.037,0
1915,78,37,6,19.012,0.544,-0.403,-0.028,-0.039,0
1916,155,62,6,25.772,0.08,-0.091,-0.029,0.027,1
1917,98,25,6,20.888,-0.1,0.006,0.035,-0.03,1
1918,9,3,4,2.947,-0.32,-0.436,0.107,-0.067,1
1919,5,5,1,0.035,-0.32,0.073,0.007,-0.067,1
1920,100,52,6,15.848,-0.05,0.277,-0.084,-0.055,0
1921,10,6,1,0.003,0.354,-0.181,-0.144,-0.067,1
1922,6,6,1,0.016,-0.32,-0.012,0.023,-0.067,1
1923,49,33,5,23.064,-0.017,-0.332,-0.006,-0.063,0
1924,4,3,2,4.924,-0.32,-0.436,0.107,-0.067,1
1925,69,24,4,21.551,-0.164,0.154,-0.002,-0.024,1
1926,73,39,5,24.543,0.16,-0.122,-0.079,-0.054,0
1927,50,15,9,25.021,-0.05,-0.13,-0.003,-0.011,0
1928,5,5,1,0.013,-0.32,0.073,0.007,-0.067,1
1929,7,4,2,0.844,-0.32,-0.436,0.465,0.363,1
1930,22,12,1,0.119,-0.075,-0.204,0.038,-0.058,1
1931,15,14,2,6.689,-0.32,0.412,-0.06,-0.067,1
1932,25,12,4,18.709,-0.32,0.175,0.007,-0.027,1
1933,4,2,1,0.0,-0.32,-0.436,0.232,-0.067,1
1934,19,11,1,0.038,0.035,0.1,-0.078,0.038,0
1935,49,26,3,26.124,0.23,0.084,-0.006,-0.03,0
1936,14,6,1,0.043,-0.32,-0.436,0.143,-0.039,1
1937,133,49,7,16.14,-0.036,0.272,-0.082,-0.058,0
1938,61,28,4,13.726,-0.077,-0.394,0.049,-0.051,0
1939,27,11,2,15.929,0.579,-0.436,-0.079,0.007,1
1940,77,39,13,23.691,0.048,-0.006,-0.036,-0.015,0
1941,143,53,19,25.779,0.104,-0.098,-0.047,-0.043,0
1942,6,2,1,0.007,-0.32,-0.436,0.107,-0.067,1
1943,42,19,3,20.674,-0.192,0.412,-0.084,-0.067,1
1944,8,7,1,0.009,-0.32,-0.118,0.044,-0.067,1
1945,101,40,6,26.739,0.08,-0.108,-0.042,-0.051,1
1946,9,5,1,0.014,-0.32,0.13,-0.005,-0.067,1
1947,98,46,8,27.004,0.051,-0.41,0.061,-0.051,0
1948,59,22,8,25.033,-0.0,-0.306,0.124,0.042,1
1949,8,6,1,0.001,-0.32,-0.118,0.044,-0.067,1
1950,98,46,5,16.969,0.106,0.187,-0.087,-0.014,0
1951,76,59,4,21.027,0.106,0.334,-0.157,-0.062,0
1952,69,25,4,13.864,-0.261,0.449,-0.067,-0.044,1
1953,28,13,1,0.028,-0.079,0.019,-0.018,-0.031,1
1954,77,46,8,24.825,-0.092,0.291,-0.062,0.006,1
1955,138,62,7,19.829,0.012,-0.012,-0.038,-0.034,0
1956,14,8,4,20.96,-0.32,0.11,-0.001,-0.067,0
1957,11,5,1,0.037,-0.32,-0.436,0.426,-0.031,1
1958,31,17,5,18.095,0.071,-0.354,0.091,0.101,0
1959,47,25,3,6.794,-0.205,0.376,-0.074,-0.029,1
1960,7,5,1,0.052,-0.32,0.291,-0.036,-0.067,1
1961,85,35,7,25.911,0.124,-0.436,0.024,-0.058,1
1962,28,11,4,9.656,-0.32,0.019,0.089,-0.053,1
1963,20,16,3,14.997,-0.185,-0.054,0.007,-0.067,1
1964,4,3,1,0.009,-0.32,-0.436,0.107,-0.067,1
1965,8,4,2,1.998,-0.32,0.2,-0.018,-0.067,1
1966,47,14,4,4.714,-0.234,0.106,0.0,-0.016,1
1967,13,8,2,8.018,0.302,-0.436,-0.047,-0.067,1
1968,193,46,11,24.996,-0.257,0.197,0.003,-0.04,0
1969,32,21,2,9.775,-0.194,0.041,-0.034,-0.067,1
1970,47,12,4,7.683,-0.205,-0.436,0.096,-0.012,1
1971,130,48,8,26.792,-0.206,0.386,-0.086,-0.064,0
1972,16,9,1,0.011,0.101,-0.436,0.013,-0.042,1
1973,8,4,1,0.008,-0.32,-0.436,0.232,0.008,1
1974,81,35,8,25.016,0.462,-0.341,-0.073,-0.008,0
1975,8,6,1,0.002,-0.32,0.2,-0.018,-0.067,1
1976,82,38,7,25.844,0.502,-0.063,-0.083,0.016,0
1977,28,21,3,19.003,0.113,-0.254,-0.001,0.076,1
1978,27,17,3,8.761,-0.32,0.601,-0.079,-0.052,1
1979,89,36,7,21.817,-0.184,0.222,-0.04,-0.043,1
1980,29,16,2,0.941,0.005,0.091,-0.049,0.002,1
1981,12,9,2,2.706,-0.32,-0.012,0.023,-0.067,1
1982,6,4,1,0.013,-0.32,-0.012,0.023,-0.067,1
1983,63,28,2,7.617,-0.063,0.453,-0.108,0.028,1
1984,21,8,4,6.412,-0.32,-0.193,0.083,-0.02,1
1985,5,4,2,1.01,-0.32,0.073,0.007,-0.067,1
1986,4,1,1,0.0,-0.32,-0.436,0.107,-0.067,1
1987,31,16,2,6.663,-0.016,-0.272,-0.023,-0.067,1
1988,34,15,2,10.086,-0.32,0.163,0.048,-0.038,0
1989,189,53,9,21.14,0.129,-0.422,0.162,0.197,0
1990,199,76,12,26.705,-0.029,0.344,-0.082,-0.031,0
1991,11,5,3,2.904,-0.32,-0.436,0.107,-0.067,1
1992,77,34,7,17.028,-0.215,-0.006,0.035,-0.028,0
1993,44,24,5,26.742,-0.106,-0.031,-0.041,-0.067,1
1994,33,15,3,8.028,-0.157,0.335,-0.091,-0.067,1
1995,5,2,1,0.001,-0.32,-0.436,0.107,-0.067,1
1996,5,3,2,2.06,-0.32,-0.436,0.107,-0.067,1
1997,60,27,3,24.039,-0.185,0.285,-0.069,-0.067,0
1998,6,5,1,0.009,-0.32,-0.436,0.107,-0.067,1
1999,49,31,5,21.873,-0.072,-0.176,-0.016,-0.067,0
2000,78,26,5,19.581,0.147,-0.175,-0.035,-0.018,0
2001,105,42,6,23.04,0.142,0.0,-0.041,-0.041,0
2002,8,5,2,0.718,-0.32,-0.118,0.044,-0.067,1
2003,9,6,1,0.001,-0.32,-0.153,0.218,-0.067,1
2004,15,7,2,25.861,-0.32,-0.266,0.107,-0.0,1
2005,106,47,7,26.961,-0.218,-0.22,0.074,-0.014,1
2006,12,7,1,0.525,0.242,-0.436,-0.018,0.117,1
2007,58,14,3,8.462,-0.32,0.354,-0.04,-0.067,1
2008,105,43,8,24.412,0.129,0.122,-0.07,0.521,0
2009,4,2,1,0.0,-0.32,-0.436,0.107,-0.067,1
2010,29,15,3,5.028,0.005,0.003,0.003,-0.012,1
2011,40,17,8,23.938,0.657,-0.436,-0.069,0.048,0
2012,15,11,3,13.8,-0.14,0.073,-0.027,-0.067,0
2013,33,19,3,11.06,-0.075,-0.359,0.031,-0.055,0
2014,184,46,10,27.076,0.2,-0.284,-0.032,-0.039,0
2015,122,59,7,21.819,0.255,0.169,-0.131,-0.034,0
2016,20,10,3,7.657,-0.32,0.328,-0.044,-0.067,1
2017,16,8,2,2.484,-0.32,0.041,0.044,-0.067,1
2018,4,3,1,0.0,-0.32,-0.436,0.232,-0.067,0
2019,97,48,8,22.037,-0.07,0.115,-0.053,0.001,0
2020,43,22,5,17.894,-0.163,-0.021,0.014,-0.063,1
2021,106,43,6,23.626,0.138,-0.316,0.012,-0.005,1
2022,37,29,4,18.058,-0.174,0.046,-0.029,-0.067,1
2023,30,12,4,19.949,-0.05,-0.096,-0.027,-0.007,1
2024,56,34,6,26.977,0.161,-0.436,-0.001,-0.046,0
2025,13,9,2,10.0,0.406,-0.24,-0.124,-0.021,0
2026,65,31,5,27.017,0.116,-0.005,-0.078,-0.067,0
2027,7,5,2,0.914,-0.32,-0.072,0.035,-0.067,1
2028,7,3,1,0.001,-0.32,-0.072,0.035,-0.067,1
2029,26,22,3,7.927,-0.113,0.347,-0.086,-0.036,1
2030,15,11,2,6.577,-0.32,0.243,-0.027,-0.067,1
2031,121,69,4,21.05,0.025,0.195,-0.092,-0.036,0
2032,45,15,2,9.026,0.01,0.13,-0.071,-0.058,1
2033,223,75,11,21.597,0.2,0.26,-0.086,-0.006,0
2034,17,10,4,23.458,0.394,-0.436,-0.07,-0.02,0
2035,45,27,4,9.815,0.159,0.186,-0.105,-0.032,0
2036,8,6,2,0.671,-0.32,-0.118,0.044,-0.067,1
2037,133,63,12,24.749,-0.127,0.023,-0.033,-0.055,0
2038,56,18,15,25.675,-0.176,-0.436,0.08,0.026,0
2039,35,12,2,15.978,0.181,-0.436,0.007,-0.033,0
2040,85,43,6,22.009,0.029,-0.286,0.066,0.039,0
2041,153,68,13,26.609,0.367,-0.402,-0.001,-0.028,0
2042,28,15,2,18.745,0.258,-0.345,-0.072,-0.067,0
2043,118,52,6,21.071,0.274,-0.349,-0.025,-0.023,0
2044,37,20,2,22.001,-0.247,0.046,-0.002,-0.051,0
2045,17,7,4,2.789,-0.32,-0.136,0.048,-0.067,1
2046,91,19,6,19.919,0.332,-0.436,0.013,0.085,0
2047,38,20,6,16.533,-0.107,-0.369,0.067,-0.062,1
2048,72,42,3,20.963,0.092,-0.365,0.002,-0.031,0
2049,90,41,13,27.061,-0.11,-0.238,0.062,-0.036,0
2050,199,74,11,24.694,0.269,-0.103,-0.022,0.051,0
2051,118,62,8,26.03,-0.103,0.103,-0.038,-0.054,0
2052,14,4,1,0.023,-0.32,0.11,-0.001,-0.067,0
2053,137,72,6,20.809,0.3,-0.046,-0.065,-0.023,0
2054,149,46,11,26.996,-0.293,0.094,0.056,-0.026,0
2055,9,5,1,0.027,-0.32,-0.436,0.162,-0.067,1
2056,23,12,2,5.069,-0.32,0.228,0.041,-0.067,1
2057,23,10,1,0.005,0.149,-0.104,-0.024,0.037,0
2058,396,76,17,26.935,0.116,0.11,-0.048,-0.024,0
2059,18,13,3,12.98,0.129,-0.294,0.023,0.033,1
2060,125,57,14,26.934,-0.061,0.094,-0.054,-0.054,0
2061,57,26,3,20.428,-0.131,-0.123,0.072,0.031,1
2062,20,15,1,0.486,0.084,0.328,-0.119,0.033,1
2063,109,46,4,26.86,-0.073,0.171,-0.063,-0.025,0
2064,9,5,1,0.012,-0.32,0.13,-0.005,-0.067,1
2065,58,22,3,6.907,-0.157,-0.304,0.193,-0.005,1
2066,270,50,11,26.977,-0.1,-0.304,0.114,0.052,0
2067,4,4,1,0.001,-0.32,-0.436,0.107,-0.067,1
2068,8,6,1,0.002,-0.32,0.2,0.169,-0.017,1
2069,123,69,6,21.076,0.458,-0.063,-0.04,0.135,0
2070,4,2,1,0.001,-0.32,-0.436,0.107,-0.067,1
2071,38,16,4,22.898,0.212,-0.369,-0.038,-0.03,0
2072,40,21,2,10.929,0.017,0.264,-0.044,0.038,1
2073,6,5,1,0.001,-0.32,-0.012,0.023,-0.067,1
2074,30,18,2,13.549,0.039,-0.351,0.14,-0.034,1
2075,5,4,1,0.001,-0.32,-0.436,0.107,-0.067,1
2076,23,16,3,8.576,-0.261,0.228,-0.024,-0.015,0
2077,9,6,1,0.016,-0.32,0.412,-0.06,-0.067,1
2078,179,64,9,26.92,-0.117,0.147,-0.019,-0.046,0
2079,86,36,9,23.875,0.025,-0.14,-0.01,0.005,0
2080,5,4,1,0.01,-0.32,0.073,0.007,-0.067,0
2081,34,13,3,11.932,-0.082,-0.286,0.004,-0.067,1
2082,20,9,1,0.036,-0.32,0.582,0.007,-0.067,1
2083,41,16,2,1.019,-0.09,0.061,-0.04,-0.058,1
2084,237,65,15,26.987,-0.195,0.144,0.022,-0.003,1
2085,7,7,2,14.743,-0.32,-0.072,0.035,-0.067,1
2086,34,17,3,6.005,-0.082,0.088,-0.011,-0.026,1
2087,83,31,6,12.944,-0.06,-0.436,0.046,-0.062,1
2088,176,68,18,27.081,-0.06,0.258,-0.055,-0.021,0
2089,13,11,1,0.035,-0.32,0.347,-0.047,-0.067,1
2090,102,33,10,24.679,0.222,-0.411,0.018,0.004,0
2091,6,4,1,0.0,-0.32,-0.436,0.107,-0.067,1
2092,6,2,1,0.002,-0.32,-0.436,0.19,-0.034,1
2093,108,44,11,25.869,-0.195,-0.224,0.037,-0.038,0
2094,172,49,7,14.933,-0.179,0.274,-0.045,-0.049,0
2095,97,50,7,24.484,0.055,0.01,-0.048,-0.03,0
2096,171,68,6,21.834,-0.044,-0.093,0.174,-0.024,0
2097,5,3,1,0.008,-0.32,-0.436,0.107,-0.067,1
2098,49,22,7,22.939,-0.32,0.084,0.025,-0.035,0
2099,35,12,3,5.947,-0.281,-0.072,0.107,0.185,0
2100,150,73,12,26.908,0.174,0.107,-0.094,-0.019,0
2101,33,19,5,17.51,-0.32,-0.281,0.076,-0.067,1
2102,45,15,7,22.671,0.669,-0.436,-0.116,-0.032,0
2103,58,22,10,22.024,0.308,-0.392,-0.04,0.002,0
2104,180,86,7,27.032,0.01,0.172,-0.066,-0.054,0
2105,9,5,1,0.002,0.279,-0.153,-0.06,-0.045,1
2106,7,3,2,1.758,-0.32,-0.436,0.107,-0.067,1
2107,101,42,7,22.518,0.307,-0.36,0.022,0.036,0
2108,69,45,10,26.901,0.051,-0.325,-0.017,-0.064,0
2109,31,16,10,20.639,-0.19,-0.272,0.026,-0.067,0
2110,46,30,2,13.041,-0.027,0.339,-0.089,-0.045,0
2111,21,9,3,7.796,-0.32,-0.315,0.083,-0.067,1
2112,239,56,15,26.031,-0.106,0.214,-0.05,0.002,0
2113,69,29,5,11.513,-0.066,0.302,-0.104,-0.061,0
2114,19,12,1,0.142,-0.32,0.502,-0.051,1.264,1
2115,44,25,5,7.869,-0.259,0.374,-0.075,-0.067,1
2116,6,6,1,0.009,-0.32,-0.012,0.023,-0.067,1
2117,12,7,2,7.867,-0.095,-0.436,0.023,-0.067,1
2118,121,50,9,25.924,0.337,0.069,-0.088,-0.014,0
2119,122,31,12,16.595,-0.165,-0.436,0.086,-0.062,1
2120,12,9,2,1.001,0.579,-0.012,0.065,0.334,1
2121,42,19,7,15.007,-0.16,0.049,0.011,0.023,1
2122,36,17,7,11.902,-0.208,-0.082,0.037,-0.006,1
2123,55,25,4,26.997,0.317,-0.436,-0.03,-0.056,0
2124,46,21,2,6.555,-0.086,0.062,0.052,-0.054,0
2125,60,28,11,19.932,-0.163,0.116,0.007,0.01,1
2126,11,7,1,0.043,-0.075,-0.436,0.061,0.152,1
2127,141,48,16,26.982,-0.071,0.178,-0.053,-0.05,0
2128,51,22,7,14.459,-0.109,-0.386,0.038,-0.052,0
2129,8,6,1,0.053,-0.32,-0.118,0.044,-0.067,0
2130,198,68,14,26.61,-0.191,-0.037,0.011,-0.039,0
2131,18,12,2,4.949,-0.32,0.412,-0.06,-0.067,1
2132,24,9,2,6.932,0.017,-0.33,0.065,-0.059,0
2133,63,14,13,12.035,-0.32,0.695,-0.092,-0.061,1
2134,46,13,6,26.972,0.208,-0.436,-0.002,-0.024,0
2135,4,3,1,0.006,-0.32,0.2,-0.018,-0.067,1
2136,290,74,9,25.887,0.038,0.108,0.005,0.003,0
2137,102,50,10,24.66,0.235,-0.361,-0.011,-0.044,0
2138,63,43,2,23.059,-0.32,0.574,-0.076,0.022,0
2139,103,55,7,25.993,0.321,0.058,-0.093,0.003,0
2140,18,6,2,5.554,-0.32,0.554,-0.088,-0.067,1
2141,5,4,1,0.001,-0.32,-0.436,0.107,-0.067,1
2142,7,6,1,0.01,-0.32,-0.436,0.107,-0.067,1
2143,11,7,1,0.065,-0.32,0.258,-0.03,-0.067,1
2144,4,4,1,0.008,-0.32,0.2,0.107,0.434,1
2145,6,4,1,0.309,-0.32,-0.012,0.942,1.839,1
2146,92,44,4,16.466,0.017,0.173,-0.051,0.105,1
2147,83,49,7,23.986,0.119,0.177,-0.08,-0.019,0
2148,193,82,8,26.625,0.015,-0.053,0.016,-0.009,1
2149,10,6,2,0.559,-0.32,-0.436,0.157,-0.047,0
2150,16,13,1,0.052,-0.151,0.518,-0.144,-0.067,1
2151,52,28,8,22.942,-0.061,0.005,0.068,0.087,1
2152,16,8,6,13.942,-0.32,0.2,-0.018,-0.067,1
2153,37,17,3,9.856,-0.32,-0.367,0.093,-0.067,1
2154,172,59,10,26.595,0.009,-0.332,0.031,-0.024,0
2155,101,36,7,22.5,0.147,-0.083,0.022,-0.004,1
2156,229,90,10,26.823,-0.008,0.298,-0.105,-0.06,0
2157,30,10,3,1.552,-0.32,-0.012,0.09,0.107,1
2158,8,5,3,12.059,0.017,-0.436,0.044,0.158,1
2159,32,19,4,8.568,-0.151,-0.197,0.013,-0.061,1
2160,46,24,4,15.411,-0.261,0.283,0.052,0.129,1
2161,52,15,9,25.491,0.199,-0.436,0.039,0.045,0
2162,168,70,6,21.882,0.041,-0.042,0.014,0.645,0
2163,28,10,4,15.59,0.161,-0.436,0.017,-0.003,1
2164,54,19,5,5.583,-0.195,-0.2,0.088,0.066,1
2165,107,21,12,24.006,-0.295,0.492,-0.081,-0.067,1
2166,163,69,5,20.19,0.06,0.329,-0.068,0.257,0
2167,137,47,13,25.079,-0.064,0.251,-0.091,-0.051,0
2168,115,67,13,25.666,0.02,0.073,-0.041,-0.029,0
2169,135,46,8,19.081,0.01,-0.078,0.021,-0.012,0
2170,17,8,2,5.499,0.711,-0.436,0.077,0.724,1
2171,37,13,4,5.219,-0.211,0.114,-0.015,-0.029,1
2172,64,35,7,21.971,0.333,-0.436,0.068,0.221,0
2173,54,18,6,9.564,-0.145,0.035,0.051,0.066,1
2174,71,31,6,25.949,0.193,-0.006,-0.006,0.631,0
2175,147,29,10,21.265,-0.247,0.066,0.008,-0.052,0
2176,51,22,6,14.457,-0.003,-0.286,0.018,-0.044,1
2177,36,13,7,26.929,0.054,-0.436,0.023,0.089,0
2178,92,38,8,24.584,-0.1,0.117,-0.057,-0.065,1
2179,92,63,5,24.676,0.149,0.311,-0.133,0.011,0
2180,94,53,9,26.302,-0.019,-0.03,-0.042,-0.02,0
2181,4,4,1,0.135,-0.32,0.2,-0.018,-0.067,1
2182,51,16,7,18.496,-0.294,0.313,0.038,-0.067,0
2183,60,31,5,15.98,0.017,0.37,-0.085,0.033,1
2184,103,51,6,26.573,-0.084,0.182,-0.068,-0.063,0
2185,111,69,7,20.527,0.178,0.092,-0.087,-0.047,0
2186,27,15,2,1.995,-0.07,0.224,-0.042,0.133,1
2187,72,27,4,6.994,-0.189,0.165,0.03,-0.059,1
2188,21,11,3,26.337,-0.32,0.291,-0.036,-0.067,0
2189,43,13,3,14.275,0.464,-0.377,-0.126,-0.053,0
2190,100,41,14,25.439,-0.145,-0.385,0.102,0.061,0
2191,86,18,3,6.395,-0.21,-0.347,0.142,-0.051,1
2192,68,31,6,14.467,0.354,-0.136,-0.07,-0.002,0
2193,110,63,7,26.473,0.256,0.073,-0.098,0.022,0
2194,27,17,3,7.337,0.079,-0.153,-0.023,-0.008,1
2195,78,29,5,19.598,-0.095,0.151,-0.028,-0.008,0
2196,12,6,2,3.422,-0.32,-0.224,0.065,-0.067,1
2197,6,6,1,0.007,-0.32,-0.012,0.023,-0.067,1
2198,6,5,1,0.001,-0.32,-0.436,0.19,0.167,1
2199,67,23,4,18.159,-0.199,-0.208,0.137,0.076,1
2200,6,5,1,0.034,-0.32,-0.436,0.274,0.468,1
2201,16,7,1,0.041,0.186,0.041,-0.081,-0.055,1
2202,14,5,1,0.034,-0.32,-0.436,0.214,0.148,1
2203,20,15,2,2.487,-0.185,0.2,0.007,0.023,1
2204,4,4,1,0.008,-0.32,0.2,-0.018,-0.067,1
2205,104,29,8,23.441,-0.139,-0.338,0.068,0.05,0
2206,23,16,4,22.196,0.208,0.007,-0.067,0.212,1
2207,76,36,9,22.531,-0.143,0.502,-0.098,0.31,0
2208,231,75,10,21.515,0.153,-0.083,-0.002,0.007,0
2209,59,26,8,14.045,-0.092,-0.306,0.039,-0.026,1
2210,39,20,5,5.29,-0.182,-0.436,0.068,-0.067,1
2211,55,24,8,17.402,-0.173,-0.251,0.07,-0.042,0
2212,32,12,4,7.957,-0.32,0.598,-0.097,-0.067,1
2213,80,19,7,20.537,0.034,-0.404,0.007,0.013,0
2214,31,21,4,15.132,-0.103,-0.436,0.026,-0.067,1
2215,180,73,8,20.477,0.152,0.2,-0.102,-0.033,0
2216,194,52,5,21.137,0.292,-0.436,0.112,0.003,0
2217,186,31,15,20.056,-0.305,-0.231,0.118,-0.026,1
2218,49,24,4,18.049,-0.155,0.135,-0.036,-0.051,0
2219,83,61,3,25.06,-0.255,0.269,-0.044,-0.067,0
2220,6,5,1,0.037,-0.32,-0.436,0.107,-0.067,1
2221,99,36,11,26.454,-0.184,0.284,-0.065,-0.029,1
2222,103,45,4,13.974,-0.176,0.083,0.112,-0.028,0
2223,12,6,3,7.029,-0.32,-0.436,0.149,-0.067,1
2224,153,64,11,21.124,-0.056,0.03,-0.008,-0.008,0
2225,24,15,2,3.276,-0.039,0.094,-0.06,-0.051,1
2226,13,9,2,12.902,-0.009,-0.436,-0.009,-0.067,1
2227,86,42,3,24.443,-0.116,0.363,-0.097,-0.065,0
2228,39,24,2,23.425,0.06,-0.37,0.017,-0.042,1
2229,108,46,10,24.253,-0.195,0.318,-0.07,-0.062,1
2230,7,4,1,0.014,-0.32,-0.436,0.107,-0.067,1
2231,131,58,9,22.037,0.308,0.05,-0.054,-0.027,0
2232,8,6,2,0.162,-0.32,0.2,-0.018,-0.067,1
2233,152,64,10,26.177,0.15,-0.034,-0.061,-0.049,0
2234,68,26,7,12.593,-0.241,0.313,-0.048,-0.058,1
2235,81,24,8,15.538,-0.137,-0.027,-0.011,-0.065,0
2236,70,40,10,17.535,-0.127,0.364,-0.094,-0.064,0
2237,191,70,6,23.172,0.365,-0.036,-0.045,0.011,0
2238,24,10,4,18.015,-0.32,-0.118,0.044,-0.067,1
2239,151,53,7,26.299,0.091,0.12,-0.076,-0.042,0
2240,27,20,4,7.324,-0.17,0.224,-0.079,-0.067,1
2241,82,46,7,14.327,-0.057,0.309,-0.07,-0.016,0
2242,19,9,2,8.483,0.106,-0.302,-0.025,-0.067,1
2243,322,94,8,26.543,0.023,0.236,-0.08,-0.038,0
2244,4,2,1,0.001,-0.32,-0.436,0.107,-0.067,1
2245,48,30,5,14.227,0.101,-0.277,0.044,-0.038,0
2246,14,10,2,8.079,-0.32,0.11,0.107,-0.024,1
2247,228,59,17,25.992,-0.243,-0.302,0.096,-0.022,0
2248,48,19,5,8.997,-0.264,0.359,-0.05,-0.038,1
2249,71,32,5,14.206,-0.168,-0.364,0.079,-0.045,0
2250,4,3,1,0.008,-0.32,-0.436,0.107,-0.067,1
2251,62,27,14,23.515,-0.059,-0.025,-0.031,-0.045,1
2252,5,5,1,0.027,-0.32,0.073,0.007,-0.067,1
2253,52,19,6,9.249,-0.087,0.005,-0.028,-0.009,0
2254,135,62,8,26.445,-0.16,0.167,-0.027,-0.035,0
2255,9,6,1,0.006,-0.32,-0.436,0.107,-0.067,1
2256,11,6,3,6.97,-0.32,0.027,0.016,-0.067,1
2257,66,40,6,22.434,-0.034,0.374,-0.091,-0.037,0
2258,54,21,6,25.235,0.404,-0.436,0.051,0.156,0
2259,7,1,1,0.031,-0.32,-0.436,0.322,0.076,1
2260,49,22,4,5.215,-0.155,-0.436,0.158,0.023,0
2261,11,9,2,2.512,-0.32,0.258,-0.03,-0.067,1
2262,16,11,3,3.539,-0.32,0.2,0.013,-0.03,1
2263,33,15,7,16.148,-0.116,-0.359,0.107,0.018,1
2264,4,4,1,0.026,-0.32,-0.436,0.608,0.234,1
2265,118,51,4,22.486,0.457,0.082,-0.122,-0.009,0
2266,4,4,1,0.001,-0.32,-0.436,0.107,-0.067,1
2267,40,19,5,6.988,-0.05,-0.436,0.032,-0.062,1
2268,83,31,7,14.539,-0.076,0.116,-0.02,0.01,0
2269,104,37,12,25.495,-0.1,-0.216,0.015,-0.05,0
2270,38,23,3,14.439,0.141,0.167,-0.091,0.028,1
2271,12,7,2,21.309,0.129,-0.436,0.023,0.066,1
2272,23,12,3,13.117,0.325,-0.436,-0.046,-0.032,0
2273,8,3,1,0.004,1.028,-0.436,-0.269,-0.067,1
2274,10,6,2,7.219,-0.32,0.073,0.007,-0.067,1
2275,256,82,13,26.408,0.08,0.101,-0.024,-0.026,0
2276,19,9,4,2.112,0.248,-0.436,0.16,0.123,1
2277,80,28,13,21.456,-0.101,0.137,-0.018,-0.035,1
2278,35,13,5,6.464,-0.012,-0.218,0.05,-0.021,1
2279,44,17,4,21.064,0.906,-0.436,-0.053,0.188,0
2280,22,7,2,0.101,-0.32,0.605,-0.098,-0.067,1
2281,5,3,2,0.081,-0.32,0.073,0.007,-0.067,1
2282,106,46,6,24.431,-0.015,0.38,-0.106,-0.029,0
2283,75,32,5,20.268,0.273,-0.3,0.027,0.026,0
2284,17,6,2,0.265,0.314,-0.436,-0.041,0.015,1
2285,60,24,5,13.241,-0.23,0.243,-0.044,-0.057,1
2286,24,11,2,21.424,-0.32,-0.118,0.107,-0.0,1
2287,5,4,1,0.006,-0.32,0.073,0.007,-0.067,1
2288,21,17,2,18.877,-0.063,0.17,0.011,0.066,1
2289,24,14,4,21.425,-0.039,-0.33,0.128,-0.017,0
2290,8,5,2,0.905,-0.32,-0.118,0.107,0.083,0
2291,22,8,3,23.874,-0.32,0.027,0.061,0.015,0
2292,109,44,12,25.06,-0.11,0.148,-0.059,-0.056,1
2293,13,12,2,0.066,-0.32,0.347,-0.047,-0.067,1
2294,63,28,7,14.135,-0.127,-0.436,0.115,0.076,0
2295,21,12,2,0.068,0.065,-0.315,0.107,-0.039,1
2296,52,23,5,6.002,-0.139,0.151,-0.038,-0.029,1
2297,105,44,8,19.397,0.065,-0.363,0.026,0.015,0
2298,63,20,3,23.922,0.408,-0.436,0.131,0.073,1
2299,21,12,4,10.365,-0.32,0.291,-0.036,-0.067,1
2300,30,13,4,18.346,0.129,-0.181,-0.01,-0.041,0
2301,13,7,2,12.435,0.406,-0.436,-0.086,0.056,1
2302,117,61,6,21.016,-0.159,0.021,0.008,-0.026,0
2303,192,54,10,22.104,0.284,-0.383,-0.0,-0.0,0
2304,40,18,3,6.497,-0.05,0.137,-0.081,-0.062,1
2305,5,5,1,0.013,-0.32,0.073,0.107,0.976,1
2306,164,58,10,26.432,-0.131,0.03,0.015,-0.006,0
2307,42,25,6,10.994,-0.224,0.17,-0.024,-0.024,1
2308,42,20,4,22.373,0.129,-0.072,-0.084,0.023,1
2309,115,43,8,26.562,0.125,0.14,-0.081,-0.024,0
2310,5,5,1,0.02,-0.32,0.073,0.007,-0.067,1
2311,41,17,3,11.274,-0.188,0.495,-0.052,0.021,0
2312,4,3,1,0.001,-0.32,-0.436,0.232,0.334,1
2313,123,69,12,25.029,0.009,0.247,-0.081,0.088,0
2314,79,29,4,13.917,0.004,-0.017,0.031,0.006,0
2315,104,62,8,24.373,0.095,0.176,-0.096,-0.04,0
2316,13,7,3,1.348,-0.32,-0.436,0.299,0.025,1
2317,70,31,8,17.889,-0.147,0.255,-0.072,-0.056,1
2318,19,6,2,0.016,-0.32,0.368,-0.025,-0.057,1
2319,213,61,10,20.366,0.155,-0.304,0.027,0.015,0
2320,23,10,2,14.397,-0.027,-0.436,0.02,-0.067,1
2321,18,15,2,0.052,-0.095,0.271,-0.088,-0.045,1
2322,46,18,4,19.953,-0.144,-0.38,0.183,-0.015,0
2323,21,12,3,3.275,0.001,-0.072,0.035,0.038,1
2324,30,22,4,15.455,-0.275,0.412,-0.06,-0.061,1
2325,42,29,4,21.27,0.065,-0.375,-0.036,-0.067,1
2326,27,15,1,0.028,0.03,0.318,-0.116,-0.06,1
2327,17,7,2,13.046,-0.32,-0.286,0.077,-0.067,1
2328,15,12,2,16.135,-0.14,-0.436,0.073,-0.067,0
2329,18,8,3,5.246,-0.32,-0.012,0.218,-0.056,1
2330,9,5,2,2.749,-0.32,-0.436,0.274,0.289,1
2331,73,56,9,24.309,-0.283,0.471,-0.072,-0.054,0
2332,42,22,3,18.255,-0.256,0.473,-0.072,-0.063,0
2333,4,4,1,0.006,-0.32,0.2,0.107,-0.067,1
2334,110,45,9,25.392,0.109,-0.181,-0.021,-0.027,0
2335,44,24,7,18.267,-0.197,-0.32,0.061,0.006,1
2336,11,5,3,13.133,-0.32,-0.204,0.107,-0.031,0
2337,41,22,4,22.807,0.206,-0.063,-0.052,0.031,0
2338,37,25,7,18.906,-0.101,0.114,-0.056,-0.067,1
2339,5,4,1,0.0,-0.32,-0.436,0.107,-0.067,1
2340,115,63,5,22.309,0.29,0.184,-0.142,-0.01,1
2341,92,35,8,25.302,0.178,-0.242,-0.013,-0.004,0
2342,49,25,3,24.312,0.368,-0.384,0.035,0.023,0
2343,274,75,7,20.386,-0.0,0.474,0.024,0.024,0
2344,17,9,1,0.116,-0.32,0.163,0.048,-0.02,1
2345,24,11,6,13.333,-0.151,-0.012,-0.018,-0.025,1
2346,62,30,6,21.805,-0.255,0.303,-0.063,-0.067,0
2347,28,14,3,23.262,-0.32,-0.163,0.053,-0.067,1
2348,37,21,5,25.443,0.336,-0.367,-0.056,0.079,0
2349,46,30,3,23.929,0.09,-0.27,-0.013,-0.006,0
2350,81,26,6,12.057,-0.104,-0.027,0.026,-0.0,0
2351,11,11,1,0.163,-0.32,0.49,-0.075,-0.067,1
2352,260,76,14,26.097,-0.092,0.151,-0.059,-0.052,0
2353,34,28,2,7.193,-0.161,0.313,-0.085,-0.032,0
2354,34,19,3,18.034,-0.161,0.163,0.077,0.086,0
2355,64,33,5,14.191,-0.067,0.28,-0.081,-0.042,1
2356,18,10,3,10.904,0.279,-0.294,-0.088,-0.045,1
2357,43,15,4,21.94,-0.257,-0.081,0.177,0.026,1
2358,405,80,17,26.259,-0.277,0.167,-0.012,-0.047,0
2359,73,44,3,13.938,0.031,0.087,-0.065,-0.059,1
2360,9,7,1,0.025,-0.32,-0.153,0.051,-0.067,1
2361,84,17,2,1.882,-0.16,-0.042,0.011,-0.051,1
2362,23,14,4,18.949,0.325,-0.436,-0.046,0.02,0
2363,46,23,3,6.061,-0.261,0.007,0.161,0.037,1
2364,110,35,10,22.851,-0.197,-0.389,0.184,-0.025,0
2365,143,57,8,23.324,0.057,-0.098,-0.044,-0.034,0
2366,115,43,10,18.251,-0.05,-0.06,-0.011,-0.036,0
2367,36,16,3,25.254,0.129,-0.012,-0.018,0.061,0
2368,135,78,5,26.285,-0.02,0.262,-0.064,-0.044,1
2369,12,9,1,0.014,-0.32,0.624,-0.06,-0.067,1
2370,183,45,8,18.233,-0.224,0.44,0.0,-0.022,0
2371,11,8,1,0.024,-0.32,0.258,0.016,0.042,1
2372,27,20,2,8.992,-0.07,-0.341,-0.005,-0.067,0
2373,206,64,8,24.058,-0.104,-0.016,0.009,-0.022,0
2374,5,4,1,0.0,-0.32,-0.436,0.107,-0.067,1
2375,25,16,2,8.278,0.057,-0.436,0.107,-0.043,0
2376,61,26,6,25.242,-0.033,-0.185,-0.008,-0.044,0
2377,127,37,5,19.959,0.402,-0.436,0.067,0.031,0
2378,47,21,4,21.358,0.196,-0.436,0.011,0.005,0
2379,8,7,1,0.001,-0.32,0.2,-0.018,-0.067,1
2380,9,7,1,0.027,-0.32,0.13,-0.005,-0.067,1
2381,7,5,1,0.018,-0.32,0.291,-0.036,-0.067,1
2382,7,6,2,7.007,-0.32,-0.072,0.035,-0.067,1
2383,176,71,10,20.19,-0.006,0.258,-0.053,-0.038,0
2384,5,5,2,3.296,-0.32,0.073,0.007,-0.067,1
2385,67,40,5,11.975,-0.28,0.324,-0.058,-0.067,0
2386,5,3,1,0.025,-0.32,-0.436,0.107,-0.067,1
2387,253,66,9,19.954,0.01,0.148,0.19,-0.005,0
2388,9,7,1,0.008,-0.32,-0.153,0.051,-0.067,1
2389,16,8,2,7.294,-0.32,0.518,-0.081,-0.067,0
2390,51,20,4,4.882,-0.161,0.013,0.087,0.232,1
2391,105,49,7,22.273,0.656,-0.145,-0.098,0.011,0
2392,112,32,8,19.924,-0.188,0.246,-0.005,-0.035,1
2393,61,39,2,19.855,0.012,0.315,-0.099,-0.041,1
2394,78,34,8,26.244,-0.009,-0.305,-0.009,-0.067,0
2395,82,27,9,19.046,-0.32,-0.094,0.107,-0.06,0
2396,92,53,13,25.908,0.076,-0.408,0.036,0.04,0
2397,14,13,1,0.078,-0.224,0.473,-0.108,-0.067,1
2398,21,13,1,0.048,0.001,0.412,-0.156,-0.067,1
2399,30,11,3,5.924,0.174,-0.266,0.007,0.013,0
2400,90,46,7,19.92,0.609,-0.436,-0.055,0.113,0
2401,125,67,7,21.32,0.036,0.114,-0.074,-0.034,0
2402,14,7,1,0.188,-0.32,0.11,0.071,-0.024,1
2403,104,39,5,19.803,0.017,-0.02,-0.018,-0.04,1
2404,82,51,6,21.155,0.058,0.154,-0.052,-0.058,1
2405,7,7,1,0.001,-0.32,-0.436,0.25,-0.039,1
2406,14,11,1,0.043,-0.32,0.291,0.143,-0.039,1
2407,77,21,7,25.126,0.118,-0.237,-0.036,-0.031,0
2408,80,49,2,15.713,0.775,0.041,-0.087,0.083,0
2409,32,14,4,4.204,-0.32,0.28,0.013,-0.061,1
2410,101,46,7,25.909,0.241,-0.436,0.032,0.094,1
2411,9,5,2,13.933,-0.32,-0.436,0.107,-0.067,1
2412,40,26,3,8.181,-0.185,0.328,-0.031,0.098,1
2413,7,6,1,0.014,-0.32,-0.072,0.107,-0.01,1
2414,79,29,9,14.074,-0.132,-0.307,0.094,-0.014,0
2415,43,23,5,22.026,-0.132,-0.021,0.13,-0.063,1
2416,49,25,5,19.937,0.038,-0.384,0.025,0.019,0
2417,15,10,2,1.172,-0.32,0.073,0.04,-0.027,1
2418,6,4,1,0.001,-0.32,-0.436,0.107,-0.067,1
2419,7,6,1,0.006,-0.32,0.291,-0.036,-0.067,1
2420,65,38,4,26.284,-0.237,0.23,-0.055,-0.067,0
2421,96,32,5,25.091,-0.32,0.147,0.075,0.066,0
2422,5,4,1,0.005,-0.32,-0.436,0.107,-0.067,0
2423,37,17,1,0.119,-0.065,0.183,-0.096,-0.067,1
2424,6,4,1,0.002,-0.32,-0.436,0.19,-0.034,1
2425,44,35,3,24.211,-0.136,0.432,-0.121,-0.067,0
2426,123,53,12,23.253,-0.134,0.185,-0.019,-0.046,0
2427,16,8,3,7.958,-0.32,-0.436,0.169,-0.017,1
2428,49,18,5,24.697,-0.182,-0.176,0.035,-0.051,1
2429,7,6,2,9.094,-0.32,-0.072,0.322,0.563,1
2430,31,14,1,0.151,-0.016,0.467,-0.152,-0.067,1
2431,165,52,13,25.256,0.023,0.135,-0.081,-0.026,0
2432,11,9,1,0.081,-0.32,-0.436,0.198,0.498,1
2433,177,64,12,25.665,0.289,-0.306,0.059,0.816,0
2434,179,68,13,24.972,0.192,0.019,-0.064,-0.01,0
2435,11,7,2,15.089,0.415,-0.436,-0.121,-0.067,1
2436,47,22,3,12.993,-0.177,-0.057,0.064,0.01,0
2437,202,68,13,19.171,0.02,0.056,0.032,-0.035,0
2438,15,6,2,14.039,-0.32,-0.096,0.04,-0.067,1
2439,4,4,1,0.001,-0.32,0.2,-0.018,-0.067,0
2440,92,45,6,16.899,0.002,0.145,-0.057,-0.024,0
2441,33,15,1,0.1,0.334,0.027,0.076,0.012,1
2442,55,25,4,9.15,-0.173,0.397,-0.094,-0.067,1
2443,36,18,3,14.14,-0.17,0.2,-0.06,-0.067,1
2444,13,12,1,0.083,0.095,0.151,-0.086,-0.036,1
2445,12,8,1,0.267,-0.32,0.412,0.023,-0.067,1
2446,8,5,3,13.65,-0.32,-0.118,0.169,0.133,1
2447,22,14,1,0.065,-0.197,0.258,-0.053,-0.067,1
2448,28,11,3,5.755,0.113,-0.345,-0.001,-0.031,1
2449,93,48,7,25.104,-0.132,0.276,-0.082,-0.054,0
2450,32,16,4,17.835,0.017,0.121,-0.018,-0.055,1
2451,5,4,1,0.008,-0.32,0.073,0.007,-0.067,1
2452,21,8,2,1.031,-0.32,0.412,-0.036,0.028,1
2453,44,22,4,10.796,-0.197,0.316,-0.041,0.028,1
2454,244,65,6,24.18,0.056,0.263,-0.082,-0.039,0
2455,70,30,5,17.026,-0.089,0.255,-0.072,-0.056,0
2456,15,12,2,14.052,-0.14,-0.266,0.04,-0.067,1
2457,19,16,1,0.031,-0.32,0.234,0.08,0.081,1
2458,6,3,2,15.96,-0.32,-0.436,0.107,-0.067,1
2459,40,32,3,21.072,-0.05,0.328,-0.106,-0.037,0
2460,87,50,3,23.106,0.47,-0.114,-0.129,-0.049,0
2461,121,43,14,25.189,-0.131,-0.31,0.045,-0.061,0
2462,19,5,6,20.275,-0.32,-0.168,0.133,0.155,1
2463,20,10,1,0.034,-0.32,0.073,0.007,-0.067,1
2464,19,11,1,0.036,-0.178,0.1,-0.025,0.155,1
2465,24,14,1,0.058,-0.095,0.306,0.044,-0.017,0
2466,4,3,1,0.111,1.028,-0.436,-0.144,0.083,1
2467,33,18,2,11.075,-0.32,0.181,0.001,-0.061,1
2468,4,3,1,0.001,-0.32,-0.436,0.232,1.037,1
2469,11,5,1,0.029,-0.32,-0.436,0.243,-0.067,1
2470,4,4,1,0.001,-0.32,-0.436,0.107,-0.067,1
2471,114,42,11,24.927,-0.036,-0.056,-0.029,-0.046,0
2472,92,43,8,21.709,-0.1,-0.021,0.025,-0.006,0
2473,145,59,9,26.112,0.507,-0.225,-0.083,-0.04,0
2474,10,8,2,1.082,-0.32,0.073,0.007,-0.067,1
2475,27,15,4,21.177,0.329,-0.436,-0.079,-0.038,1
2476,58,16,4,5.874,-0.088,-0.041,-0.031,-0.053,1
2477,14,7,2,16.145,0.258,-0.436,-0.108,-0.067,0
2478,61,35,8,17.235,-0.209,0.232,-0.025,0.212,0
2479,26,11,3,13.858,0.095,-0.436,0.03,-0.044,0
2480,125,46,8,23.62,0.068,-0.11,0.015,0.04,0
2481,55,31,4,19.939,0.048,0.119,-0.039,-0.027,0
2482,192,74,9,24.08,0.242,0.2,-0.12,-0.043,0
2483,5,2,2,20.142,-0.32,-0.436,0.107,-0.067,1
2484,88,39,7,25.891,-0.136,-0.233,0.05,-0.051,0
2485,28,12,2,11.764,-0.079,-0.436,0.125,0.076,1
2486,44,22,6,21.698,-0.197,0.027,0.027,-0.031,1
2487,10,8,2,4.13,-0.32,0.328,-0.044,-0.067,1
2488,96,36,6,22.055,0.157,-0.409,0.044,-0.028,0
2489,129,42,8,26.177,0.129,-0.081,0.029,0.052,0
2490,23,13,5,11.877,0.032,-0.325,-0.002,-0.05,1
2491,83,23,4,19.103,-0.19,-0.436,0.24,-0.014,1
2492,159,54,8,26.112,-0.083,0.124,-0.016,-0.024,0
2493,44,29,4,10.122,-0.075,0.2,-0.075,-0.035,0
2494,92,42,9,26.041,0.046,-0.187,0.02,0.002,0
2495,65,34,7,21.074,0.219,-0.397,-0.001,-0.024,1
2496,36,16,2,9.068,-0.245,0.2,-0.018,-0.056,1
2497,53,36,12,22.101,-0.142,0.284,-0.073,-0.064,0
2498,97,46,4,21.09,0.111,0.246,-0.12,-0.024,0
2499,115,42,5,22.065,-0.121,0.162,0.068,-0.048,1
2500,113,65,10,21.979,-0.01,0.195,-0.062,-0.042,0
2501,15,10,1,0.029,-0.32,0.412,-0.027,-0.041,1
2502,44,22,4,14.039,-0.014,-0.089,-0.007,-0.035,1
2503,7,4,1,0.002,-0.32,-0.436,0.25,-0.01,1
2504,78,41,8,25.811,-0.147,0.184,-0.022,-0.031,0
2505,93,41,3,13.902,-0.291,0.358,-0.044,-0.057,1
2506,187,35,6,20.133,-0.212,0.503,-0.078,-0.029,0
2507,43,12,10,18.057,-0.006,-0.436,0.06,-0.03,1
2508,6,2,1,0.128,-0.32,-0.436,0.107,-0.067,1
2509,19,9,2,11.61,1.17,-0.436,-0.21,0.302,1
2510,86,49,6,13.108,0.009,0.186,-0.074,-0.046,0
2511,42,23,4,22.041,0.033,0.17,-0.024,0.019,1
2512,10,8,1,0.003,-0.32,-0.436,0.257,-0.047,0
2513,9,7,1,0.12,-0.32,0.13,0.051,-0.067,1
2514,39,10,2,3.957,-0.113,-0.436,0.068,-0.067,1
2515,166,70,5,26.099,-0.044,-0.098,0.055,-0.007,0
2516,26,11,4,20.958,-0.113,-0.044,-0.009,-0.036,1
2517,17,10,4,22.784,-0.32,-0.136,0.077,-0.032,1
2518,108,42,12,26.07,-0.058,-0.365,0.111,-0.038,1
2519,25,12,1,0.083,0.111,-0.436,0.027,-0.051,1
2520,28,12,1,0.075,-0.079,-0.163,0.089,-0.003,1
2521,164,62,17,25.881,-0.049,-0.017,0.024,-0.034,0
2522,72,26,10,25.977,0.129,-0.365,-0.005,-0.056,0
2523,29,11,2,14.749,-0.32,0.003,0.038,-0.047,0
2524,17,12,1,0.093,-0.32,0.163,-0.011,-0.067,1
2525,11,9,1,0.098,-0.32,0.258,-0.03,-0.067,1
2526,18,8,1,0.02,-0.32,-0.012,0.051,-0.034,1
2527,4,4,1,0.001,-0.32,-0.436,0.107,-0.067,1
2528,28,16,1,0.063,-0.127,0.019,-0.036,-0.067,1
2529,166,60,12,25.035,-0.19,0.331,-0.062,-0.025,0
2530,8,7,1,0.009,-0.32,0.2,-0.018,-0.067,1
2531,124,46,8,26.124,0.006,-0.087,0.046,-0.011,0
2532,21,12,3,14.078,-0.127,-0.315,0.035,-0.029,0
2533,142,42,15,26.082,-0.14,-0.221,0.015,-0.064,0
2534,28,20,2,17.621,-0.127,0.291,-0.072,-0.003,1
2536,164,49,5,21.113,0.083,-0.405,0.07,-0.043,0
2537,109,64,7,21.152,0.138,0.125,-0.059,-0.034,0
2538,60,24,4,23.156,-0.208,0.2,-0.018,-0.017,0
2539,75,48,4,20.006,0.075,0.209,-0.1,-0.051,0
2540,11,5,1,0.005,0.415,-0.436,0.152,0.097,1
2541,63,28,5,25.01,-0.149,0.049,0.099,0.111,1
2542,23,15,6,11.819,0.09,-0.436,-0.002,-0.015,0
2543,128,31,9,20.64,-0.12,0.041,-0.038,-0.025,0
2544,9,7,1,0.033,-0.32,0.412,-0.06,-0.067,1
2545,20,15,1,0.082,-0.05,0.455,-0.119,-0.017,1
2546,97,55,7,23.062,0.25,-0.357,-0.038,-0.053,0
2547,13,9,2,7.685,-0.32,0.151,-0.009,-0.067,1
2548,167,67,9,22.116,0.132,-0.07,-0.004,-0.016,0
2549,27,20,4,8.939,-0.02,-0.247,-0.023,-0.03,0
2550,146,67,9,26.095,0.16,-0.383,-0.01,-0.049,0
2551,71,24,4,19.06,-0.263,0.46,0.008,-0.039,1
2552,38,24,3,24.085,-0.001,-0.436,0.028,-0.02,0
2553,60,21,10,25.574,0.219,-0.436,-0.035,-0.044,0
2554,23,17,2,22.006,-0.203,-0.436,0.107,-0.006,1
2555,303,72,4,20.183,-0.013,0.11,-0.03,-0.028,0
2556,36,18,4,13.027,0.017,-0.436,0.037,-0.056,1
2557,62,25,4,19.059,0.05,-0.272,0.026,-0.012,0
2558,232,50,8,23.749,0.011,0.2,-0.072,-0.053,0
2559,22,8,2,4.508,-0.32,0.143,0.016,-0.058,1
2560,32,20,5,10.694,0.017,-0.356,0.044,0.108,1
2561,29,20,3,24.404,-0.32,0.178,0.055,-0.053,1
2562,131,58,12,23.33,-0.042,0.225,-0.046,1.397,1
2563,104,50,3,14.059,0.134,0.054,-0.047,-0.036,0
2564,114,51,9,15.995,0.129,0.055,-0.021,-0.013,0
2565,49,31,6,25.069,0.038,-0.332,-0.006,-0.043,0
2566,23,15,2,6.537,0.325,0.228,-0.155,-0.041,0
2567,157,64,11,22.759,-0.148,0.31,-0.062,-0.043,0
2568,19,12,3,3.927,-0.036,-0.302,0.028,-0.004,0
2569,49,31,2,15.87,0.368,-0.072,-0.067,0.002,0
2570,75,37,8,14.971,-0.158,0.277,-0.08,-0.062,0
2571,96,57,8,26.0,-0.039,0.227,-0.065,-0.04,0
2572,33,15,2,1.001,0.211,0.104,-0.06,-0.006,1
2573,14,7,3,20.736,0.258,-0.436,-0.072,-0.067,1
2574,43,17,3,13.073,-0.195,-0.317,0.188,-0.025,1
2575,40,16,3,7.034,-0.118,-0.372,0.082,-0.027,1
2576,14,7,1,0.035,-0.32,0.11,-0.001,-0.067,1
2577,21,10,2,1.893,-0.32,-0.315,0.25,0.105,1
2578,12,5,1,0.009,0.242,-0.436,0.023,-0.0,1
2579,41,19,4,12.789,-0.254,0.061,-0.003,-0.067,1
2580,9,4,1,0.001,-0.32,-0.436,0.218,-0.067,1
2581,172,52,7,22.021,0.064,-0.406,0.034,-0.025,0
2582,8,6,1,0.013,-0.32,0.2,-0.018,-0.067,1
2583,13,7,2,1.037,-0.32,0.543,-0.086,-0.067,1
2584,29,18,3,17.93,0.005,-0.436,0.02,-0.06,0
2585,10,9,1,0.015,-0.32,0.073,0.007,-0.067,1
2586,25,12,3,7.006,0.219,-0.232,-0.074,-0.067,1
2587,76,21,6,12.952,-0.249,-0.369,0.16,0.009,1
2588,69,25,10,24.503,-0.183,-0.325,0.129,-0.061,0
2589,116,48,8,18.475,-0.169,0.178,-0.04,-0.048,0
2590,91,63,6,21.064,0.065,0.207,-0.108,-0.052,1
2591,54,25,3,10.825,-0.195,0.177,0.033,-0.023,1
2592,10,6,1,0.021,-0.32,-0.436,0.257,-0.047,1
2593,10,7,3,9.856,-0.32,-0.436,0.107,-0.067,1
2594,113,50,11,25.088,0.288,-0.413,0.031,0.014,0
2595,101,52,6,25.0,0.254,-0.007,-0.052,0.0,1
2596,101,48,8,19.634,0.107,0.27,-0.042,0.094,0
2597,72,28,7,17.143,-0.17,0.236,-0.012,0.016,1
2598,121,63,7,25.795,0.449,-0.373,-0.026,-0.016,0
2599,83,47,9,19.844,-0.158,0.055,-0.014,-0.048,1
2600,76,44,10,25.716,-0.001,-0.067,-0.005,-0.033,0
2601,59,31,5,20.63,-0.137,-0.004,-0.012,-0.047,0
2602,34,19,8,23.005,-0.082,-0.361,0.048,-0.044,0
2603,201,80,13,25.725,-0.105,-0.043,0.005,-0.025,0
2604,14,9,2,14.001,-0.32,0.11,0.035,-0.039,1
2605,17,11,2,4.041,0.077,-0.436,0.018,-0.044,1
2606,79,31,7,25.945,-0.115,-0.339,0.031,-0.042,1
2607,16,6,1,0.016,-0.32,-0.118,0.044,-0.067,1
2608,147,50,10,25.528,0.221,-0.436,0.12,0.031,0
2609,197,59,13,26.025,-0.101,0.094,0.338,-0.002,0
2610,127,60,7,19.944,0.083,0.306,-0.118,-0.047,0
2611,5,5,1,0.001,-0.32,0.073,0.007,-0.067,1
2612,69,36,7,24.048,-0.203,0.228,-0.053,-0.061,0
2613,35,14,3,4.697,-0.166,0.364,-0.094,-0.021,1
2614,78,31,4,14.031,0.095,-0.338,-0.015,-0.067,1
2615,9,5,1,0.038,-0.32,-0.436,0.107,-0.067,1
2616,12,8,2,1.001,-0.32,0.412,-0.06,-0.067,0
2617,146,68,11,25.845,0.317,-0.017,-0.058,0.0,0
2618,197,63,14,25.548,-0.094,0.184,-0.043,-0.057,0
2619,32,17,3,2.004,-0.025,0.121,-0.065,-0.042,1
2620,77,27,8,24.048,-0.005,0.027,-0.056,-0.067,0
2621,10,4,1,0.004,-0.32,-0.436,0.307,-0.067,1
2622,49,15,5,21.642,-0.1,-0.436,0.045,-0.067,0
2623,117,54,10,26.042,0.279,0.217,-0.133,-0.064,0
2624,183,75,18,25.015,0.041,0.176,-0.09,-0.06,0
2625,82,23,4,21.63,-0.221,0.061,0.009,-0.058,1
2626,27,13,2,0.645,0.03,-0.341,0.033,-0.052,1
2627,153,52,8,18.464,0.138,-0.053,0.005,0.049,0
2628,5,4,1,0.002,-0.32,-0.436,0.107,-0.067,1
2629,37,22,3,6.032,0.044,-0.092,-0.029,-0.035,1
2630,50,26,5,19.014,-0.239,0.48,-0.094,-0.063,1
2631,103,53,6,23.776,0.151,0.182,-0.102,-0.036,0
2632,185,79,9,25.558,0.117,0.293,-0.053,-0.035,0
2633,61,19,8,22.92,-0.165,-0.019,-0.016,-0.044,1
2634,84,43,7,23.021,0.145,-0.345,0.023,-0.022,0
2635,88,32,14,24.996,-0.014,-0.378,0.038,-0.045,0
2636,32,12,4,14.984,-0.109,0.359,-0.097,-0.067,1
2637,218,76,10,23.528,0.212,0.066,-0.054,-0.022,0
2638,41,17,4,14.991,-0.254,-0.001,0.095,-0.058,1
2639,5,4,1,0.001,-0.32,0.073,0.007,-0.067,1
2640,13,8,1,0.003,0.095,-0.044,-0.086,-0.036,0
2641,26,16,3,8.011,-0.113,0.347,-0.086,-0.052,1
2642,7,5,1,0.0,-0.32,-0.072,0.035,-0.067,1
2643,9,5,1,0.014,-0.02,-0.436,-0.005,-0.067,1
2644,21,14,3,11.691,-0.32,0.049,0.035,-0.067,1
2645,12,6,2,3.634,-0.32,0.412,-0.06,-0.067,1
2646,65,31,5,23.974,0.116,-0.123,-0.047,-0.036,0
2647,28,16,4,19.99,-0.176,0.019,0.017,0.27,1
2648,69,24,6,23.516,0.129,-0.362,0.02,0.014,0
2649,114,28,8,22.952,0.531,-0.436,0.041,0.066,0
2650,109,45,7,25.962,0.014,0.195,-0.068,-0.032,0
2651,61,21,6,25.519,-0.276,0.023,0.082,0.018,1
2652,51,25,2,17.994,-0.135,0.213,-0.07,-0.052,1
2653,43,12,5,26.034,0.307,-0.377,-0.126,-0.067,0
2654,103,34,7,25.753,-0.163,0.281,-0.068,-0.061,1
2655,45,21,4,25.523,0.309,-0.153,-0.016,-0.014,0
2656,77,30,6,20.763,0.118,-0.337,0.048,-0.026,1
2657,31,21,3,6.011,-0.19,0.385,0.058,-0.054,1
2658,5,3,1,0.001,-0.32,-0.436,0.107,-0.067,1
2659,22,5,5,17.005,-0.32,-0.436,0.289,0.024,1
2660,30,15,3,22.015,0.399,-0.436,-0.027,-0.034,1
2661,67,43,6,21.619,0.344,0.096,-0.095,0.032,0
2662,13,9,2,25.613,-0.216,-0.044,0.107,0.041,0
2663,34,18,4,14.014,-0.122,-0.286,0.063,-0.056,1
2664,12,6,3,12.952,-0.32,0.2,-0.018,-0.067,1
2665,10,6,1,0.011,-0.32,0.328,-0.044,-0.067,1
2666,94,47,4,17.943,0.082,0.187,-0.117,-0.063,0
2667,37,21,6,21.105,-0.101,-0.229,0.053,0.085,1
2668,127,57,12,25.97,-0.108,-0.195,0.052,-0.056,0
2669,4,3,1,0.001,-0.32,-0.436,0.107,-0.067,1
2670,76,28,8,16.003,-0.302,0.167,-0.012,-0.057,1
2671,106,45,9,22.956,0.138,-0.388,0.022,-0.011,0
2672,144,55,14,24.808,-0.226,-0.153,0.065,0.025,0
2673,45,15,2,1.27,-0.23,0.582,-0.094,0.102,1
2674,8,6,1,0.009,-0.32,-0.118,0.044,-0.067,0
2675,107,39,12,22.934,0.02,0.087,-0.062,-0.022,0
2676,68,29,6,20.692,0.176,-0.211,-0.026,0.048,0
2677,10,6,1,0.009,-0.05,-0.436,0.007,-0.067,1
2678,9,5,1,0.166,-0.32,-0.436,0.441,0.446,1
2679,119,72,6,26.015,0.439,-0.115,0.014,1.945,1
2680,9,7,2,0.826,-0.02,-0.436,-0.005,-0.067,1
2681,11,7,3,7.898,-0.32,0.258,-0.03,-0.067,1
2682,95,58,7,23.001,-0.164,0.341,-0.083,-0.063,0
2683,73,32,4,24.969,0.179,-0.087,0.114,0.499,0
2684,12,8,1,0.02,-0.208,-0.436,0.19,0.25,1
2685,155,62,6,21.395,0.158,-0.304,0.003,-0.013,0
2686,118,45,10,25.966,0.354,-0.026,-0.089,0.958,1
2687,87,28,8,15.685,-0.181,0.383,-0.083,-0.042,0
2688,64,25,11,21.92,-0.173,0.2,-0.018,-0.039,0
2689,45,22,5,7.003,-0.08,-0.379,0.096,0.838,1
2690,4,4,1,0.003,-0.32,0.2,0.107,0.033,1
2691,84,35,7,15.53,-0.079,0.2,-0.042,-0.029,0
2692,48,20,3,16.848,0.354,-0.33,-0.06,0.041,1
2693,62,31,10,22.659,-0.277,0.18,0.018,0.405,0
2694,30,21,6,20.945,-0.185,0.073,-0.044,-0.067,0
2695,70,31,6,24.712,0.219,-0.363,-0.022,0.105,0
2696,28,16,3,6.854,-0.272,0.11,-0.018,-0.067,1
2697,15,10,3,21.968,0.219,-0.436,0.04,0.227,1
2698,11,9,3,18.371,0.538,-0.436,-0.075,0.024,1
2699,17,8,2,2.324,-0.32,0.462,-0.011,0.039,1
2700,16,9,3,5.908,-0.32,0.359,0.013,0.046,1
2701,19,12,5,7.481,-0.32,0.234,0.001,0.049,1
2702,8,7,1,0.007,-0.32,0.2,-0.018,-0.067,1
2703,70,35,6,16.001,-0.05,0.255,-0.029,0.727,1
2704,99,36,5,24.608,-0.184,-0.384,0.132,-0.031,1
2705,50,23,3,22.393,-0.05,0.022,0.077,0.045,0
2706,48,16,5,25.103,-0.292,-0.436,0.201,-0.009,1
2707,26,15,4,7.51,-0.061,-0.142,-0.028,-0.067,1
2708,50,32,4,19.219,-0.212,0.124,-0.044,-0.067,1
2709,10,10,1,0.024,-0.32,0.328,-0.044,-0.067,1
2710,6,5,1,0.007,-0.32,-0.012,0.107,0.702,1
2711,57,29,7,25.554,-0.131,-0.391,0.107,0.042,1
2712,16,9,4,7.531,0.101,-0.277,-0.018,-0.042,0
2713,5,4,1,0.001,-0.32,-0.436,0.207,0.414,1
2714,16,9,3,10.267,-0.32,0.2,-0.018,-0.067,0
2715,17,9,4,17.006,0.235,-0.436,-0.011,0.063,0
2716,9,6,1,0.003,-0.32,0.13,0.274,0.245,1
2717,138,61,10,25.295,0.462,-0.049,-0.067,0.013,0
2718,8,7,2,14.122,-0.32,0.2,-0.018,-0.067,1
2719,8,6,2,1.292,-0.32,-0.118,0.044,-0.067,1
2720,89,41,12,21.074,0.089,-0.436,0.045,0.007,0
2721,18,10,5,25.588,-0.32,0.271,0.023,-0.045,0
2722,83,38,8,21.501,0.2,-0.068,-0.098,-0.055,0
2723,83,32,9,16.265,-0.06,0.116,-0.062,-0.024,0
2724,109,64,6,20.327,0.138,0.311,-0.137,-0.034,0
2725,62,16,5,17.395,0.724,-0.436,0.018,0.082,0
2726,21,13,2,8.098,-0.32,0.17,-0.013,-0.067,1
2727,130,53,11,25.122,0.323,-0.397,0.034,0.095,0
2728,39,15,6,21.082,-0.32,-0.37,0.132,-0.067,1
2729,73,33,3,14.616,-0.154,0.227,-0.03,0.067,0
2730,7,5,2,6.181,-0.32,0.291,-0.036,-0.067,0
2731,9,5,1,0.001,-0.32,-0.436,0.162,-0.023,1
2732,12,9,2,0.984,0.129,-0.436,0.023,0.05,1
2733,6,6,2,18.999,-0.32,-0.012,0.023,-0.067,1
2734,6,4,2,0.212,-0.32,-0.012,0.023,-0.067,1
2735,92,38,7,25.481,-0.144,0.228,-0.057,-0.037,0
2736,29,11,3,14.459,-0.088,-0.26,0.055,0.05,0
2737,228,58,8,25.32,-0.131,0.167,-0.027,-0.049,0
2738,11,7,3,3.948,-0.32,0.258,-0.03,-0.067,1
2739,36,12,4,13.53,0.654,-0.365,-0.074,-0.006,1
2740,4,4,2,3.011,-0.32,-0.436,0.107,-0.067,0
2741,40,18,6,20.019,0.826,-0.436,-0.119,0.123,0
2742,50,19,5,17.47,-0.32,0.022,0.017,-0.067,1
2743,58,46,3,14.005,0.168,0.222,-0.101,0.075,1
2744,22,9,2,3.289,-0.014,-0.436,0.107,0.106,1
2745,15,8,2,2.07,-0.23,-0.266,0.107,-0.0,1
2746,103,36,13,25.574,0.007,-0.362,0.039,0.02,0
2747,278,87,11,25.414,0.092,0.159,-0.068,-0.018,0
2748,4,4,1,0.0,-0.32,-0.436,0.107,-0.067,1
2749,161,47,12,25.537,-0.086,-0.278,0.06,-0.04,0
2750,21,10,2,0.176,0.129,-0.436,0.035,-0.01,1
2751,113,46,8,23.518,0.181,-0.413,0.054,0.027,0
2752,15,7,1,0.034,0.129,-0.436,0.107,0.227,1
2753,17,15,2,0.281,-0.003,0.313,-0.011,0.098,1
2754,119,48,7,11.244,-0.161,0.163,0.153,0.0,1
2755,206,61,19,25.314,-0.091,0.293,-0.034,-0.042,0
2756,122,44,5,25.331,0.111,-0.123,-0.037,-0.038,0
2757,10,7,1,0.084,-0.32,-0.436,0.157,-0.007,1
2758,30,17,1,0.066,-0.14,-0.012,0.073,0.127,1
2759,4,4,2,1.988,-0.32,-0.436,0.107,-0.067,1
2760,59,21,6,24.351,-0.137,-0.393,0.158,0.021,1
2761,54,29,7,8.297,-0.095,-0.012,0.005,-0.015,1
2762,109,72,4,21.188,0.472,0.125,-0.132,-0.027,0
2763,49,23,6,16.409,0.038,-0.28,-0.006,-0.018,0
2764,48,23,4,25.522,0.382,-0.277,-0.123,-0.025,0
2765,24,16,4,21.049,-0.208,-0.33,0.065,0.016,1
2766,227,74,7,22.162,0.209,0.136,-0.015,0.007,0
2767,77,35,7,21.984,-0.04,-0.006,0.009,-0.049,1
2768,122,54,8,25.285,0.255,-0.269,0.049,0.007,0
2769,8,6,2,11.302,-0.32,-0.118,0.044,-0.067,1
2770,91,18,6,15.256,-0.29,0.375,-0.053,-0.056,1
2771,68,36,7,15.294,0.532,-0.436,0.018,0.163,0
2772,203,74,11,25.047,0.059,0.191,-0.076,-0.018,0
2773,23,11,2,3.014,-0.086,-0.104,0.02,0.107,1
2774,5,3,1,0.001,-0.32,-0.436,0.207,-0.027,1
2775,65,35,5,17.321,-0.071,0.425,-0.101,-0.012,0
2776,59,27,4,18.037,-0.183,0.125,-0.021,-0.033,1
2777,141,66,6,22.463,0.024,0.015,-0.025,-0.02,1
2778,145,57,10,24.344,0.08,-0.295,0.01,-0.027,0
2779,6,6,1,0.033,-0.32,0.412,-0.06,-0.067,1
2780,143,83,9,25.291,0.18,0.151,-0.096,0.055,0
2781,159,69,5,25.189,0.307,-0.356,0.037,0.034,1
2782,12,6,1,0.03,-0.32,-0.436,0.274,-0.067,1
2783,55,25,5,5.475,-0.271,0.304,-0.057,-0.067,0
2784,10,7,3,9.198,-0.32,0.073,0.007,-0.067,0
2785,35,17,4,21.025,0.181,-0.363,0.092,0.156,1
2786,9,7,2,1.44,-0.32,0.13,-0.005,-0.067,1
2787,44,20,6,7.24,-0.259,0.258,-0.053,-0.067,0
2788,116,48,9,22.513,-0.064,0.047,0.003,-0.052,1
2789,45,27,3,15.414,-0.08,0.412,-0.127,-0.067,1
2790,177,62,12,25.305,-0.107,0.154,0.056,-0.016,0
2791,25,8,2,3.068,-0.32,0.379,-0.034,-0.067,1
2792,48,20,4,19.304,-0.123,-0.436,0.075,-0.042,1
2793,22,13,6,23.855,-0.32,0.143,-0.007,-0.067,1
2794,83,60,10,18.011,-0.06,0.269,-0.086,-0.05,0
2795,77,38,7,21.232,0.275,-0.171,-0.056,-0.013,0
2796,24,14,4,8.154,-0.095,-0.436,0.086,-0.025,1
2797,72,35,6,21.366,-0.114,0.094,0.03,0.005,0
2798,6,5,1,0.002,-0.32,-0.012,0.023,-0.067,1
2799,33,12,3,2.909,-0.197,-0.127,0.046,-0.049,0
2800,107,58,8,25.504,-0.093,0.111,-0.052,-0.015,0
2801,33,22,3,18.241,0.007,-0.281,0.031,-0.043,1
2802,14,11,2,7.207,0.258,-0.436,-0.036,0.004,1
2803,84,38,6,16.263,-0.176,0.231,0.011,-0.017,1
2804,11,6,2,0.959,0.048,-0.436,0.289,0.498,1
2805,136,43,12,25.422,-0.082,-0.136,0.004,-0.054,0
2806,41,20,3,18.238,-0.09,0.247,-0.089,-0.067,1
2807,29,15,3,6.479,-0.181,0.178,-0.049,-0.067,0
2808,134,39,5,16.419,-0.129,0.134,0.114,-0.049,1
2809,28,13,2,8.261,-0.32,-0.345,0.357,-0.053,0
2810,146,52,14,25.261,0.382,-0.401,0.076,0.023,0
2811,38,25,4,12.111,-0.107,0.033,-0.012,-0.03,1
2812,144,68,9,20.241,0.026,0.359,-0.123,-0.039,1
2813,43,18,4,18.16,-0.101,-0.317,0.107,0.045,1
2814,61,29,10,25.473,-0.077,-0.019,-0.025,-0.041,0
2815,65,31,5,19.025,-0.196,0.23,-0.032,-0.055,0
2816,53,40,7,24.973,-0.117,0.236,-0.054,-0.067,0
2817,129,36,9,24.277,-0.101,-0.357,0.107,-0.032,0
2818,127,48,8,23.271,-0.182,0.266,-0.035,-0.037,1
2819,252,67,12,25.124,0.097,0.271,-0.076,0.003,0
2820,279,55,10,24.087,-0.049,-0.408,0.175,-0.013,0
2821,7,5,1,0.009,-0.32,-0.072,0.178,-0.039,1
2822,122,54,6,19.047,0.343,-0.415,0.025,0.023,0
2823,4,3,2,0.285,-0.32,-0.436,0.232,0.234,1
2824,93,44,7,20.105,-0.074,-0.354,0.118,-0.039,0
2825,74,30,4,18.318,0.099,-0.092,-0.042,-0.005,1
2826,38,26,7,17.996,-0.107,-0.034,0.041,0.012,0
2827,192,64,14,21.414,0.045,-0.078,0.005,-0.032,0
2828,10,6,1,0.004,0.219,-0.436,0.057,0.053,1
2829,18,13,2,7.137,0.054,-0.153,-0.005,-0.023,1
2830,57,35,5,13.381,-0.202,0.189,-0.051,-0.064,1
2831,105,50,6,22.437,-0.269,0.364,-0.055,-0.063,0
2832,11,6,2,0.347,-0.32,-0.204,0.152,-0.067,0
2833,39,17,9,14.399,-0.32,-0.175,0.055,-0.067,0
2834,33,25,4,6.075,-0.075,0.335,-0.06,-0.0,1
2835,94,44,6,16.267,-0.205,0.079,0.037,0.046,0
2836,30,15,2,20.106,0.938,-0.436,-0.211,-0.027,1
2837,158,63,13,22.243,0.226,-0.194,0.075,0.108,0
2838,7,6,2,1.002,-0.32,-0.072,0.035,-0.067,1
2839,153,54,9,22.445,0.103,-0.336,0.084,0.126,1
2840,296,65,15,22.262,0.099,-0.333,0.124,-0.0,0
2841,31,15,6,17.124,-0.32,-0.107,0.042,-0.067,1
2842,40,27,6,21.981,0.017,0.073,0.032,-0.037,1
2843,5,4,1,0.016,-0.32,0.073,0.007,-0.067,1
2844,10,8,3,13.049,-0.32,0.073,0.007,-0.067,1
2845,6,5,1,0.008,-0.32,0.412,-0.06,-0.067,1
2846,188,71,12,19.13,0.268,0.106,-0.08,0.005,0
2847,20,15,2,0.056,0.017,0.2,-0.094,-0.037,1
2848,9,5,1,0.002,-0.32,0.13,-0.005,-0.067,1
2849,9,6,1,0.002,-0.32,0.13,-0.005,-0.067,1
2850,141,71,10,24.995,0.368,0.106,-0.078,0.047,0
2851,52,25,5,19.128,0.224,-0.436,0.078,0.091,1
2852,131,63,7,23.047,0.225,0.05,-0.096,0.005,0
2853,115,35,7,14.408,-0.203,0.294,-0.041,-0.05,1
2854,17,9,2,7.343,-0.003,-0.136,-0.041,-0.067,1
2855,153,33,4,22.354,-0.109,0.18,0.018,-0.036,0
2856,12,9,3,5.93,-0.32,0.2,-0.018,-0.067,0
2857,183,47,13,24.931,-0.195,0.287,-0.038,0.007,0
2858,99,49,6,25.158,0.674,0.027,-0.131,0.042,0
2859,7,6,2,2.96,-0.32,-0.436,0.107,-0.067,0
2860,59,30,5,14.677,-0.114,0.125,-0.038,0.133,0
2861,49,19,7,17.125,0.065,-0.436,0.076,0.051,0
2862,84,35,6,14.046,0.033,-0.103,0.005,0.009,0
2863,109,55,9,18.455,0.002,0.031,-0.017,-0.038,0
2864,15,10,2,4.347,-0.23,0.073,0.04,0.013,1
2865,82,45,6,15.827,0.124,0.092,-0.095,-0.031,0
2866,20,15,1,0.072,-0.05,0.2,-0.094,-0.067,1
2867,7,5,3,6.984,-0.32,-0.436,0.107,-0.067,1
2868,10,5,2,1.781,0.084,-0.436,0.107,0.153,1
2869,4,3,1,0.214,-0.32,-0.436,0.107,-0.067,1
2870,45,20,5,18.101,-0.17,0.243,-0.049,0.026,1
2871,39,13,5,12.267,-0.32,0.347,0.068,-0.0,0
2872,14,9,2,20.927,-0.32,-0.254,0.107,0.019,1
2873,14,10,1,0.034,-0.32,0.11,0.107,0.019,1
2874,99,49,9,25.105,-0.048,0.13,-0.06,-0.023,0
2875,99,36,10,21.988,0.061,-0.256,0.016,0.064,0
2876,26,16,4,5.243,-0.268,0.347,-0.047,-0.06,1
2877,127,47,12,23.304,-0.012,0.165,-0.051,-0.017,0
2878,19,15,1,0.059,-0.178,0.368,-0.104,-0.067,1
2879,99,41,6,19.858,0.32,-0.307,-0.005,0.058,1
2880,51,27,2,7.869,0.024,0.313,-0.1,0.019,1
2881,62,24,5,9.981,-0.124,-0.313,0.107,0.078,1
2882,31,13,3,9.302,-0.103,-0.354,0.091,0.017,0
2883,13,8,2,7.137,-0.32,-0.044,0.107,0.072,1
2884,18,10,2,2.26,-0.32,-0.153,0.051,-0.067,1
2885,98,35,9,20.817,-0.32,-0.176,0.061,-0.067,0
2886,34,17,5,20.982,0.354,0.088,-0.085,0.063,0
2887,44,30,5,18.329,-0.259,0.374,-0.075,-0.067,1
2888,193,72,9,23.897,0.092,0.316,-0.091,-0.013,0
2889,87,36,11,25.066,-0.227,0.295,-0.066,-0.067,0
2890,137,57,13,23.839,-0.212,0.103,-0.018,-0.01,0
2891,52,28,3,11.382,-0.087,0.347,-0.105,-0.048,1
2892,14,14,1,0.131,-0.32,0.473,-0.072,-0.067,1
2893,207,74,7,22.038,-0.053,0.179,-0.041,-0.036,0
2894,149,73,12,22.712,-0.021,0.145,-0.065,-0.051,0
2895,68,43,8,20.818,-0.042,-0.211,0.011,0.107,0
2896,4,4,1,0.002,-0.32,0.2,-0.018,-0.067,1
2897,45,29,3,8.234,0.189,0.13,-0.06,-0.027,0
2898,4,4,1,0.009,-0.32,-0.436,0.107,-0.067,1
2899,120,48,5,21.852,0.275,0.052,-0.052,0.08,0
2900,173,63,6,19.177,-0.032,0.197,-0.07,-0.053,0
2901,6,4,1,0.002,-0.32,-0.436,0.19,0.033,1
2902,41,22,2,4.062,0.075,-0.374,0.033,-0.028,0
2903,162,61,14,19.243,0.129,-0.137,0.011,0.045,0
2904,8,6,1,0.001,-0.32,-0.118,0.044,-0.067,1
2905,14,7,1,0.169,-0.32,-0.254,0.143,-0.067,1
2906,56,17,3,7.796,-0.224,0.246,0.026,0.019,1
2907,69,44,4,25.281,0.071,0.228,-0.104,-0.0,1
2908,112,46,9,25.081,-0.079,0.223,-0.072,-0.042,0
2909,92,52,12,21.754,0.032,0.173,-0.084,-0.028,1
2910,46,20,5,4.084,-0.203,0.505,-0.089,0.02,1
2911,51,14,12,24.967,0.314,-0.436,-0.021,0.039,0
2912,19,16,1,0.1,0.177,0.234,-0.104,0.017,1
2913,20,14,2,1.047,0.017,0.2,-0.044,0.043,1
2914,185,70,11,25.244,-0.101,0.321,-0.058,0.046,0
2915,117,57,6,20.311,-0.055,0.456,-0.124,-0.031,0
2916,50,22,8,22.813,-0.239,0.124,-0.013,-0.055,0
2917,38,18,3,17.251,0.212,-0.034,0.001,0.165,1
2918,20,10,1,0.25,0.084,-0.436,0.032,-0.007,1
2919,155,75,5,25.281,0.028,0.172,-0.081,-0.054,0
2920,11,8,2,14.279,-0.32,0.027,0.016,-0.067,1
2921,26,15,2,1.771,0.199,0.151,-0.105,0.018,1
2922,18,12,2,5.21,-0.32,0.554,-0.06,-0.034,1
2923,119,61,14,24.849,0.009,0.013,-0.02,0.041,0
2924,39,27,3,7.987,-0.078,0.543,-0.112,0.01,1
2925,24,3,1,0.009,-0.32,-0.436,0.232,0.066,1
2926,59,39,5,25.244,-0.114,0.427,-0.097,0.028,1
2927,43,11,1,0.758,-0.32,-0.436,0.363,0.096,1
2928,137,48,9,23.824,-0.064,-0.306,0.004,-0.064,0
2929,30,16,3,2.202,-0.14,0.158,-0.027,-0.02,1
2930,23,8,3,8.891,-0.32,0.228,0.041,-0.032,1
2931,41,24,5,7.982,-0.123,0.247,-0.04,-0.023,1
2932,51,31,8,25.298,-0.082,-0.336,0.058,-0.067,0
2933,7,5,1,0.014,-0.32,0.291,-0.036,-0.067,1
2934,130,52,12,22.251,0.126,0.093,-0.063,-0.019,0
2935,77,26,7,22.057,-0.075,0.159,-0.036,-0.065,0
2936,68,20,2,7.234,-0.142,0.387,-0.048,-0.038,1
2937,14,8,2,14.948,-0.32,0.11,0.071,-0.024,1
2938,56,25,5,14.924,-0.151,0.2,0.026,-0.003,0
2939,16,12,2,6.912,0.101,-0.436,0.075,0.008,1
2940,18,9,1,0.116,-0.32,-0.012,0.051,0.044,1
2941,4,4,1,0.001,-0.32,0.2,-0.018,-0.067,1
2942,111,40,6,23.937,0.239,-0.436,0.071,0.085,0
2943,75,57,6,21.977,0.022,0.345,-0.1,0.182,1
2944,14,5,1,0.085,-0.127,-0.254,-0.001,-0.067,1
2945,6,5,1,0.017,-0.32,-0.012,0.107,0.033,1
2946,13,9,1,0.796,-0.32,0.347,-0.047,-0.067,1
2947,50,19,8,22.874,0.084,-0.334,0.047,0.045,0
2948,95,42,9,14.775,-0.036,0.046,-0.036,-0.027,0
2949,12,6,3,16.927,-0.32,-0.436,0.107,-0.067,1
2950,73,17,5,6.642,-0.32,0.401,0.127,0.161,1
2951,45,24,3,24.765,0.519,-0.436,-0.027,0.013,0
2952,144,69,7,24.043,0.139,0.2,-0.112,-0.042,1
2953,6,4,1,0.007,-0.32,-0.012,0.023,-0.067,1
2954,98,45,6,14.068,-0.141,0.135,0.04,-0.008,0
2955,23,15,2,6.918,-0.32,0.228,-0.024,-0.067,1
2956,9,5,1,0.0,-0.32,-0.436,0.385,-0.067,1
2957,9,5,2,17.179,-0.32,-0.153,0.107,-0.067,1
2958,112,57,9,21.641,-0.176,0.246,-0.032,-0.039,0
2959,109,48,6,21.231,0.187,0.031,-0.1,-0.021,0
2960,113,57,7,19.059,0.324,-0.211,-0.031,-0.003,0
2961,145,62,9,22.2,-0.06,0.056,-0.056,-0.045,0
2962,18,10,4,16.967,-0.32,-0.436,0.107,-0.067,0
2963,50,31,3,24.221,0.435,-0.232,-0.154,-0.027,0
2964,5,3,1,0.001,-0.32,-0.436,0.207,-0.027,1
2965,4,4,1,0.014,-0.32,-0.436,0.107,-0.067,1
2966,4,4,1,0.0,-0.32,0.2,-0.018,-0.067,1
2967,146,29,7,11.979,0.594,-0.418,0.004,0.088,0
2968,66,27,10,21.58,-0.116,-0.166,0.008,-0.003,1
2969,11,6,3,5.102,-0.32,0.027,0.016,-0.067,1
2970,39,22,4,20.795,0.371,-0.175,-0.099,0.195,0
2971,67,34,3,24.11,0.384,-0.208,-0.035,0.13,1
2972,8,4,3,15.261,-0.32,-0.436,0.107,-0.067,1
2973,166,69,5,23.153,0.2,0.147,-0.077,0.005,0
2974,7,6,2,8.221,-0.32,-0.436,0.107,-0.067,1
2975,16,10,2,1.995,0.101,-0.436,0.013,-0.03,1
2976,6,4,2,1.01,-0.32,-0.012,0.107,-0.0,1
2977,16,9,1,0.048,0.017,-0.436,0.013,-0.067,1
2978,19,12,2,1.007,-0.107,-0.436,0.107,0.028,1
2979,15,9,2,1.733,-0.05,-0.436,0.073,-0.054,1
2980,90,47,5,23.908,-0.14,0.186,-0.066,-0.043,0
2981,24,10,1,0.14,-0.32,-0.33,0.169,0.15,1
2982,75,22,5,23.839,-0.32,0.48,-0.0,-0.006,0
2983,126,48,3,21.181,0.44,0.13,-0.132,0.035,0
2984,32,11,4,3.001,-0.32,-0.277,0.169,0.196,1
2985,43,12,2,5.225,-0.132,0.038,-0.01,-0.002,1
2986,9,8,3,5.671,-0.32,0.13,-0.005,-0.067,1
2987,92,42,5,21.102,-0.042,0.09,-0.029,-0.048,0
2988,16,14,1,0.055,-0.151,0.359,-0.112,-0.067,1
2989,51,27,8,24.064,-0.267,0.213,-0.021,-0.056,1
2990,438,64,16,23.672,-0.181,0.424,-0.085,-0.055,0
2991,20,10,3,5.6,0.152,-0.181,0.007,0.083,1
2992,11,6,2,23.053,-0.32,0.027,0.061,-0.067,1
2993,153,73,8,23.778,0.147,0.146,-0.093,-0.045,0
2994,100,39,10,19.734,-0.077,-0.181,0.017,-0.025,0
2995,9,7,2,1.802,0.429,-0.153,-0.116,-0.045,0
2996,230,74,4,18.611,-0.009,-0.015,-0.009,-0.008,1
2997,53,28,6,11.825,-0.066,-0.388,0.078,-0.011,1
2998,73,22,3,20.67,-0.32,-0.366,0.217,0.034,1
2999,66,39,9,22.729,-0.197,0.065,0.145,-0.022,0
3000,91,46,10,18.786,-0.187,0.403,-0.091,-0.052,0
3001,8,6,1,0.005,0.186,-0.118,-0.144,-0.067,1
3002,25,14,4,7.168,-0.212,-0.334,0.067,-0.051,1
3003,59,15,4,24.698,0.023,0.039,-0.021,0.218,0
3004,82,45,10,23.155,-0.09,0.092,-0.04,-0.048,0
3005,93,33,7,24.001,0.057,0.084,-0.06,-0.054,0
3006,9,6,2,19.944,-0.32,-0.153,0.051,-0.067,0
3007,5,3,1,0.005,0.489,-0.436,0.007,0.174,1
3008,143,54,6,25.17,0.18,0.151,-0.089,-0.034,0
3009,20,14,2,7.011,-0.32,0.073,0.007,-0.067,1
3010,192,68,17,25.51,-0.067,0.187,-0.06,-0.04,0
3011,41,20,5,22.515,-0.09,-0.436,0.302,0.035,1
3012,168,73,11,22.038,0.242,0.125,-0.066,-0.028,0
3013,31,18,4,23.119,-0.103,-0.272,0.026,-0.054,1
3014,5,3,1,0.008,-0.32,-0.436,0.107,-0.067,1
3015,199,57,11,25.101,-0.239,0.152,-0.001,-0.053,0
3016,16,10,3,4.774,0.017,-0.436,0.075,0.02,1
3017,34,18,3,13.974,0.513,-0.286,-0.129,0.039,0
3018,30,12,4,9.119,0.039,-0.351,0.057,-0.007,1
3019,6,5,2,1.647,-0.32,-0.012,0.023,-0.067,1
3020,10,6,4,23.092,-0.32,-0.181,0.257,-0.067,1
3021,72,23,8,20.776,0.017,-0.365,0.1,0.178,0
3022,17,6,1,0.018,-0.32,-0.436,0.166,-0.056,1
3023,14,10,2,1.027,0.161,0.291,-0.072,0.162,1
3024,51,24,5,20.563,-0.188,-0.336,0.077,0.098,1
3025,15,9,1,0.1,-0.32,-0.436,0.307,-0.054,0
3026,39,26,2,4.066,-0.251,0.347,-0.022,-0.067,1
3027,184,50,10,21.976,0.156,-0.339,0.071,0.058,0
3028,16,7,2,1.968,-0.32,-0.277,0.138,-0.067,1
3029,9,5,2,0.926,-0.32,0.13,-0.005,-0.067,1
3030,82,41,5,21.072,-0.008,0.216,-0.095,-0.048,0
3031,134,65,4,19.085,-0.089,0.267,-0.047,0.003,1
3032,56,34,5,22.814,-0.103,-0.39,0.035,-0.064,0
3033,114,31,13,19.715,-0.119,0.167,-0.034,-0.039,0
3034,24,14,2,6.0,-0.208,-0.436,0.086,-0.042,1
3035,58,28,2,16.835,0.401,-0.172,-0.057,-0.002,1
3036,31,14,3,4.744,-0.32,0.057,0.042,0.036,1
3037,42,20,3,9.06,0.033,-0.436,0.131,0.038,0
3038,4,2,1,0.017,-0.32,-0.436,0.107,-0.067,1
3039,77,35,8,18.904,0.048,-0.337,0.061,-0.026,1
3040,29,12,3,17.929,0.377,-0.348,-0.066,-0.005,0
3041,122,33,4,24.551,-0.243,0.357,-0.016,-0.043,1
3042,82,47,3,24.666,0.223,0.371,-0.15,0.004,0
3043,156,55,14,24.99,0.449,-0.37,0.004,0.038,0
3044,10,7,2,6.894,0.354,-0.436,-0.144,-0.067,1
3045,37,16,2,0.897,-0.101,0.114,-0.015,-0.067,1
3046,4,3,1,0.001,-0.32,0.2,-0.018,-0.067,1
3047,67,45,4,23.527,0.344,-0.36,0.01,0.265,1
3048,55,16,2,24.042,-0.001,-0.389,0.207,-0.045,1
3049,9,5,1,0.001,-0.32,-0.436,0.162,-0.023,1
3050,60,36,4,15.885,-0.32,0.328,0.015,-0.057,0
3051,19,11,4,12.051,-0.036,-0.302,0.08,0.324,1
3052,24,10,4,15.642,-0.32,-0.224,0.107,-0.051,1
3053,8,5,1,0.017,-0.32,-0.118,0.044,-0.067,1
3054,175,53,5,16.836,-0.043,0.16,-0.016,-0.021,0
3055,4,2,1,0.003,-0.32,-0.436,0.107,-0.067,1
3056,16,4,9,11.788,-0.32,0.041,0.013,-0.067,1
3057,5,3,1,0.001,-0.32,-0.436,0.107,-0.067,1
3059,138,74,9,18.76,0.1,0.302,-0.093,0.014,0
3060,36,19,3,24.046,0.317,-0.294,-0.074,-0.006,1
3061,112,65,10,23.701,-0.236,0.337,-0.068,-0.039,0
3062,86,39,5,15.033,-0.179,0.245,-0.045,-0.035,1
3063,70,44,6,14.757,-0.127,0.328,-0.086,-0.05,0
3064,34,18,2,11.078,-0.042,-0.436,0.122,0.015,1
3065,15,10,3,8.959,-0.32,0.073,0.007,-0.067,1
3066,45,29,8,23.97,-0.08,-0.379,0.04,-0.067,0
3067,4,4,1,0.0,-0.32,-0.436,0.107,-0.067,1
3068,15,6,1,0.012,-0.32,-0.266,0.073,-0.067,1
3069,103,36,4,15.013,-0.202,0.256,-0.034,-0.036,0
3070,258,63,18,25.437,-0.048,-0.021,0.066,0.038,0
3072,109,54,8,23.08,0.002,0.078,-0.049,-0.047,0
3073,6,4,1,0.001,-0.32,-0.436,0.274,-0.0,1
3074,11,5,1,0.062,-0.32,-0.436,0.198,-0.067,1
3075,61,31,4,19.978,-0.011,0.148,-0.008,-0.011,1
3076,4,3,1,0.001,-0.32,-0.436,0.107,-0.067,1
3077,79,34,6,10.889,-0.166,0.241,0.012,-0.052,1
3078,4,4,1,0.008,-0.32,-0.436,0.107,-0.067,0
3079,11,5,1,0.003,-0.32,-0.436,0.38,0.042,1
3080,47,13,4,7.814,-0.177,-0.003,-0.01,-0.059,1
3081,28,18,5,18.858,0.065,-0.436,0.107,0.098,0
3082,59,19,7,19.653,-0.16,-0.048,0.03,-0.057,1
3083,20,8,2,0.983,-0.05,-0.308,0.082,0.043,1
3084,14,7,3,5.798,-0.32,-0.072,0.035,-0.067,1
3085,115,49,5,21.027,-0.109,0.095,-0.033,-0.013,0
3086,76,23,7,16.941,-0.231,-0.268,0.054,-0.03,0
3087,8,6,1,0.037,-0.151,-0.436,0.169,-0.042,1
3088,105,52,9,21.05,-0.153,0.025,-0.032,-0.067,1
3089,138,47,10,23.825,-0.125,0.283,-0.067,-0.044,0
3090,185,59,9,25.069,0.278,-0.353,0.004,-0.004,0
3091,28,11,2,0.711,-0.224,-0.345,0.178,-0.039,1
3092,40,27,4,12.985,-0.219,0.264,-0.056,-0.067,1
3093,40,13,5,25.039,0.523,-0.372,-0.094,-0.027,0
3094,13,8,2,3.045,-0.32,0.543,-0.086,-0.067,1
3095,27,8,1,0.018,-0.32,-0.153,0.237,0.104,1
3096,23,9,4,17.956,0.325,-0.436,-0.067,-0.024,1
3097,9,7,1,0.019,-0.32,0.13,0.051,-0.023,1
3098,4,4,1,0.0,-0.32,-0.436,0.107,-0.067,1
3099,151,50,12,24.026,0.046,-0.099,-0.023,-0.034,0
3100,102,40,8,25.032,0.354,-0.012,-0.085,-0.02,0
3101,16,14,3,4.954,-0.236,0.359,-0.081,-0.067,1
3102,134,52,7,19.046,0.002,-0.303,0.122,-0.037,1
3103,42,17,3,7.06,-0.16,-0.072,0.059,0.162,1
3104,139,86,11,24.934,0.029,0.059,-0.052,0.005,0
3105,26,21,3,17.991,-0.32,0.347,-0.047,-0.067,1
3106,187,70,16,22.626,0.163,-0.0,-0.051,0.036,0
3107,21,9,6,6.958,-0.32,0.291,0.011,-0.029,1
3108,7,6,2,4.014,-0.32,-0.436,0.107,-0.067,1
3109,33,21,4,12.06,-0.32,0.181,0.001,-0.049,0
3110,4,3,1,0.465,-0.32,-0.436,0.107,-0.067,1
3111,18,14,1,0.074,-0.32,0.412,-0.06,-0.067,1
3112,6,4,2,3.101,-0.32,-0.436,0.19,0.133,1
3113,123,33,11,25.02,-0.002,-0.394,0.038,-0.048,0
3114,121,65,5,18.536,0.527,0.027,-0.096,0.016,0
3115,52,32,6,24.062,0.354,-0.387,-0.047,-0.052,0
3116,19,9,2,1.551,-0.249,0.368,-0.078,-0.067,1
3117,66,15,2,12.95,0.293,-0.436,-0.053,-0.04,0
3118,15,4,1,0.005,0.669,-0.436,-0.16,-0.067,1
3119,92,41,6,22.657,0.12,0.145,-0.078,-0.026,0
3120,51,18,5,15.502,-0.003,-0.037,0.038,0.039,0
3121,184,54,7,25.039,0.024,0.187,-0.084,-0.059,0
3122,8,7,1,0.016,-0.32,0.2,-0.018,-0.067,1
3123,63,19,6,18.004,-0.192,-0.274,0.075,-0.061,0
3124,109,44,8,19.994,0.632,-0.436,-0.063,-0.005,0
3125,45,17,2,0.753,-0.08,0.412,-0.027,0.169,1
3126,68,23,5,15.997,-0.042,-0.249,0.018,-0.047,1
3127,61,29,9,15.001,0.034,0.148,-0.082,-0.051,1
3128,103,33,4,19.994,-0.019,-0.238,0.009,-0.038,0
3129,8,5,2,2.091,0.017,-0.436,0.107,0.359,1
3130,106,49,7,24.827,0.023,-0.292,0.041,-0.009,0
3131,6,4,3,12.888,-0.32,-0.436,0.107,-0.067,1
3132,73,44,9,23.827,0.142,-0.052,-0.072,0.026,0
3133,44,29,5,21.966,-0.197,0.258,-0.064,-0.067,1
3134,136,69,4,23.454,0.374,0.013,-0.1,-0.027,0
3135,7,5,1,0.022,-0.32,-0.072,0.035,-0.067,1
3136,174,47,9,18.516,-0.134,0.178,-0.052,-0.067,1
3137,81,35,7,21.869,0.246,-0.216,0.014,0.049,0
3138,8,4,2,0.636,-0.32,-0.436,0.107,-0.067,1
3139,96,45,4,19.989,0.368,-0.356,-0.065,-0.0,1
3140,50,28,8,22.467,-0.212,0.226,-0.013,0.057,1
3141,82,36,8,20.042,0.223,-0.343,0.009,0.062,0
3142,18,9,1,0.023,-0.32,-0.012,0.079,-0.056,1
3143,111,41,16,24.821,-0.138,-0.115,0.057,0.153,0
3144,64,41,8,21.528,-0.13,-0.316,0.068,-0.017,0
3145,70,29,6,21.514,0.161,0.0,-0.029,-0.021,0
3146,5,5,3,9.934,-0.32,-0.436,0.207,0.053,1
3147,4,3,1,0.0,-0.32,-0.436,0.107,-0.067,1
3148,4,3,1,0.032,-0.32,0.2,-0.018,-0.067,1
3149,110,48,6,18.022,0.403,-0.019,-0.053,0.013,0
3150,6,3,3,7.511,-0.32,-0.436,0.107,-0.067,1
3151,7,6,2,2.966,-0.127,-0.436,0.035,-0.067,1
3152,5,4,1,0.506,-0.32,-0.436,0.107,-0.067,1
3153,14,12,3,23.533,-0.32,0.291,-0.001,-0.053,0
3154,11,5,2,9.469,-0.32,-0.204,0.198,-0.031,0
3155,9,6,2,12.977,0.279,-0.436,-0.06,-0.067,1
3156,12,5,2,11.522,0.466,-0.436,-0.018,0.133,1
3157,26,13,6,12.849,-0.32,0.054,0.01,-0.067,0
3158,128,49,10,21.928,0.049,-0.177,0.021,-0.033,0
3159,11,7,1,0.019,-0.32,-0.436,0.107,-0.067,1
3160,61,34,4,19.538,0.453,-0.102,-0.115,-0.034,1
3161,5,5,1,0.003,-0.32,-0.436,0.307,0.013,1
3162,147,62,11,24.057,0.019,0.239,-0.053,0.004,1
3163,40,20,6,9.979,-0.151,-0.118,0.019,-0.067,0
3164,21,8,2,1.05,-0.32,0.655,-0.06,-0.067,1
3165,9,5,1,0.002,-0.32,-0.436,0.107,-0.067,1
3166,19,9,2,0.956,-0.32,-0.034,0.186,0.165,1
3167,5,4,2,24.826,-0.32,0.073,0.007,-0.067,1
3168,112,44,10,21.93,-0.151,0.587,-0.01,-0.023,0
3169,4,4,1,0.0,-0.32,-0.436,0.107,-0.067,1
3170,52,35,6,25.011,-0.139,0.298,-0.086,-0.067,0
3171,120,62,6,19.996,-0.118,-0.054,0.019,-0.044,0
3172,101,45,13,24.011,-0.12,-0.285,0.022,-0.059,0
3173,9,8,1,0.014,-0.32,0.13,-0.005,-0.067,1
3174,34,17,2,7.501,-0.122,0.013,-0.026,-0.038,1
3175,93,39,7,23.962,0.332,-0.299,-0.012,0.019,0
3176,4,2,1,0.0,-0.32,-0.436,0.107,-0.067,1
3177,108,34,10,22.921,-0.145,0.248,-0.065,-0.03,0
3178,117,66,8,24.752,0.394,-0.109,-0.06,-0.014,0
3179,9,8,1,0.012,-0.32,0.13,-0.005,-0.067,1
3180,10,9,2,3.011,-0.32,0.328,-0.044,-0.067,1
3181,9,6,2,1.558,0.279,-0.436,-0.06,-0.067,1
3182,14,5,2,1.985,-0.32,0.11,0.035,-0.01,1
3183,114,47,7,16.722,0.271,-0.101,-0.003,0.285,1
3184,149,58,9,24.956,-0.121,0.162,0.066,-0.038,0
3185,38,17,5,8.794,-0.036,0.033,-0.012,-0.009,1
3186,73,27,4,23.783,0.179,-0.227,-0.01,-0.012,0
3187,113,50,11,24.799,-0.058,-0.03,-0.008,-0.021,0
3188,80,38,6,24.943,-0.067,-0.022,0.013,0.018,0
3189,4,3,1,0.002,-0.32,-0.436,0.107,-0.067,1
3190,33,22,4,8.818,-0.197,0.412,-0.091,-0.031,1
3191,13,6,3,8.871,-0.32,-0.24,0.068,-0.067,1
3192,7,7,1,0.051,-0.32,0.291,-0.036,-0.067,1
3193,156,32,14,24.949,-0.173,-0.305,0.081,-0.021,0
3194,28,10,3,1.972,-0.224,-0.436,0.286,0.126,1
3195,37,18,3,6.392,-0.101,0.183,-0.002,0.068,1
3196,12,5,1,0.023,-0.32,-0.224,0.149,0.167,1
3197,32,12,2,0.596,-0.025,0.041,-0.018,-0.023,1
3198,142,59,10,22.678,0.164,-0.024,-0.045,0.003,0
3199,15,11,2,11.847,-0.32,0.582,-0.027,0.174,1
3200,49,18,5,21.876,-0.32,0.395,-0.057,-0.067,1
3201,17,9,3,11.929,0.711,-0.436,-0.041,0.299,1
3202,130,46,8,17.014,0.354,-0.22,-0.04,-0.021,0
3203,7,7,2,5.933,-0.32,-0.072,0.035,-0.067,1
3204,60,19,10,23.583,0.062,-0.393,0.048,0.11,0
3205,101,52,8,23.995,0.387,0.043,-0.047,0.086,0
3206,117,52,7,23.754,0.152,0.086,-0.073,0.094,0
3207,14,12,2,3.938,-0.32,0.11,0.071,0.019,1
3208,7,7,2,9.204,0.258,-0.436,0.178,1.08,1
3209,157,46,11,24.343,0.169,-0.355,0.017,3.074,0
3210,4,4,1,0.056,-0.32,0.2,-0.018,-0.067,1
3211,34,19,4,12.073,-0.122,-0.211,0.122,0.759,0
3212,4,3,2,18.472,-0.32,-0.436,0.107,-0.067,1
3213,6,3,1,0.004,-0.32,-0.436,0.107,-0.067,1
3214,100,41,13,21.775,-0.118,0.048,0.007,1.412,0
3215,98,54,8,23.042,0.409,-0.332,-0.016,0.643,0
3216,30,20,5,22.587,0.039,-0.436,0.057,0.194,0
3217,39,13,9,19.399,-0.32,-0.436,0.21,0.087,1
3218,97,64,5,20.05,0.125,0.377,-0.131,-0.007,0
3219,165,72,11,24.647,0.268,0.181,-0.094,-0.036,0
3220,41,18,4,4.703,-0.156,0.123,-0.015,0.026,1
3221,110,59,6,22.379,-0.271,0.212,0.029,-0.003,1
3222,8,7,2,0.434,-0.32,0.518,0.044,0.585,1
3223,70,40,6,24.077,-0.127,-0.29,0.035,0.096,1
3224,212,85,13,24.361,0.049,0.14,-0.078,-0.048,0
3225,189,81,5,24.478,0.101,0.184,-0.079,-0.007,0
3226,24,15,4,20.221,-0.208,-0.224,0.044,-0.067,1
3227,52,25,6,23.606,-0.061,-0.191,0.02,-0.048,0
3228,9,6,1,0.009,-0.32,0.13,-0.005,-0.067,1
3229,25,10,3,4.207,0.057,-0.436,0.187,-0.051,1
3230,22,13,6,17.331,-0.075,-0.32,0.061,0.225,1
3231,115,30,7,17.538,-0.156,0.294,-0.072,-0.052,1
3232,149,70,11,23.286,0.16,0.162,-0.071,0.031,0
3233,4,4,1,0.001,-0.32,-0.436,0.107,-0.067,1
3234,63,38,8,21.059,-0.192,0.089,-0.02,-0.061,1
3235,72,30,5,24.539,0.017,0.094,-0.074,-0.023,0
3236,246,65,16,21.498,0.003,-0.053,0.003,0.001,0
3237,7,5,1,0.006,0.836,-0.436,-0.108,0.019,1
3238,95,22,7,20.278,0.006,-0.248,0.001,-0.057,0
3239,27,17,3,1.196,-0.02,0.13,0.033,0.133,1
3240,6,5,2,1.551,-0.32,-0.436,0.19,-0.0,1
3241,11,7,1,0.01,-0.32,-0.204,0.061,-0.067,1
3242,11,7,2,14.385,-0.075,-0.436,0.061,-0.067,1
3243,34,11,4,9.266,-0.32,-0.211,0.225,-0.056,0
3244,127,50,7,22.265,-0.161,0.025,0.198,0.015,0
3245,25,12,1,0.039,-0.32,0.379,-0.054,-0.067,0
3246,88,47,4,20.346,0.247,0.114,-0.053,-0.031,0
3247,12,7,4,7.332,-0.32,0.2,0.023,-0.051,1
3248,17,12,1,0.132,-0.32,0.462,-0.07,-0.067,1
3249,24,11,2,1.435,-0.039,-0.436,0.065,-0.034,1
3250,11,8,1,0.02,-0.197,-0.436,0.243,-0.049,1
3251,15,10,1,0.022,-0.32,-0.266,0.107,0.04,1
3252,100,53,13,22.939,0.273,0.073,-0.079,-0.015,0
3253,115,48,9,19.045,-0.027,0.117,-0.05,-0.043,0
3254,25,13,3,1.23,-0.32,0.175,0.047,-0.027,1
3255,51,42,4,13.041,-0.32,0.712,-0.119,-0.067,0
3256,20,14,1,0.058,-0.253,0.2,-0.044,-0.067,1
3257,42,19,6,24.238,-0.256,0.17,-0.001,-0.067,1
3258,116,47,9,13.242,-0.053,0.047,-0.027,-0.019,0
3259,31,18,4,7.161,-0.059,-0.025,-0.023,-0.035,1
3260,5,4,2,3.127,-0.32,-0.436,0.107,-0.067,1
3261,132,62,13,24.209,0.027,0.258,-0.117,-0.057,0
3262,61,29,5,15.233,-0.254,0.315,-0.016,-0.044,1
3263,121,37,10,24.459,-0.075,0.006,0.007,-0.044,0
3264,4,2,1,0.0,-0.32,-0.436,0.107,-0.067,1
3265,11,8,1,0.038,0.17,-0.436,-0.03,-0.067,1
3266,13,9,2,4.486,-0.32,-0.436,0.107,-0.067,1
3267,98,36,13,23.512,-0.21,0.058,0.005,-0.016,1
3268,4,3,1,0.015,-0.32,-0.436,0.107,-0.067,1
3269,11,8,1,0.018,-0.32,0.49,-0.075,-0.067,1
3270,404,79,17,24.463,-0.11,-0.165,0.135,-0.009,0
3271,131,51,7,23.953,0.071,0.225,-0.069,-0.011,0
3272,52,19,7,17.551,0.121,-0.436,0.174,0.045,0
3273,47,18,5,23.254,0.139,-0.273,0.085,0.039,0
3274,35,27,3,8.058,-0.089,0.291,-0.094,-0.067,1
3275,6,4,1,0.021,-0.32,-0.436,0.107,-0.067,1
3276,41,20,2,24.158,-0.188,0.247,-0.04,-0.048,0
3277,84,47,6,22.235,-0.192,0.261,0.029,-0.003,1
3278,6,4,1,0.011,-0.32,-0.436,0.19,0.033,1
3279,124,54,15,24.527,-0.07,0.139,-0.047,0.001,0
3280,66,25,8,21.987,-0.197,0.22,0.243,-0.034,0
3281,15,9,3,12.487,-0.14,-0.266,0.04,-0.067,1
3282,5,5,2,1.387,-0.32,-0.436,0.107,-0.067,1
3283,11,6,1,0.016,-0.32,-0.204,0.152,-0.067,1
3284,61,27,5,20.105,0.476,-0.144,-0.066,-0.018,0
3285,61,18,8,21.035,0.277,-0.436,0.107,0.17,0
3286,13,7,1,0.013,0.199,-0.24,-0.086,-0.067,1
3287,11,8,3,2.957,-0.197,-0.436,0.061,-0.067,1
3288,6,5,1,0.004,-0.095,-0.436,0.023,-0.067,1
3289,43,19,5,20.394,-0.257,0.334,-0.056,-0.067,1
3290,178,65,14,24.25,-0.047,0.107,-0.0,-0.026,0
3291,100,48,6,23.471,-0.104,0.302,-0.034,0.011,0
3292,24,18,5,23.206,-0.32,0.094,0.065,0.05,1
3293,8,5,1,0.021,-0.32,-0.436,0.42,0.083,1
3294,24,7,2,21.018,-0.32,-0.436,0.128,-0.0,1
3295,88,30,10,23.896,0.201,-0.349,-0.024,-0.047,0
3296,34,16,3,23.075,1.306,-0.436,-0.158,0.08,1
3297,7,4,1,0.002,-0.32,-0.072,0.178,-0.067,1
3298,153,49,12,23.904,0.217,-0.269,0.041,0.123,0
3299,45,29,3,12.173,-0.11,-0.04,0.051,0.035,0
3300,30,15,4,23.439,0.129,-0.096,0.09,0.12,1
3301,163,59,8,20.0,0.06,-0.28,0.027,-0.025,1
3302,43,26,7,21.452,-0.226,0.097,0.049,0.161,0
3303,48,18,5,8.869,-0.264,0.359,-0.018,-0.0,1
3304,56,35,9,23.042,-0.151,0.246,-0.081,-0.039,0
3305,12,11,2,10.909,-0.32,0.2,0.023,-0.067,1
3306,116,36,11,20.916,-0.227,0.376,-0.04,-0.047,0
3307,155,74,10,20.447,0.176,0.09,-0.077,-0.003,0
3308,33,23,5,7.322,-0.075,-0.05,-0.015,-0.043,1
3309,5,4,2,7.282,-0.32,0.073,0.007,-0.067,1
3310,21,10,3,23.417,0.515,-0.436,0.011,0.076,1
3311,28,19,5,16.127,0.017,0.291,-0.036,-0.039,1
3312,5,4,2,0.89,-0.32,-0.436,0.207,-0.027,1
3313,28,19,6,21.406,-0.224,0.2,-0.018,-0.06,0
3314,11,6,2,2.372,-0.32,0.49,-0.075,-0.067,1
3315,116,61,8,21.346,0.145,0.135,-0.101,-0.036,1
3316,37,17,8,12.853,-0.174,-0.023,0.053,0.019,1
3317,8,4,2,0.053,-0.32,-0.118,0.044,-0.067,1
3318,21,10,3,12.429,0.194,-0.436,0.011,0.267,1
3319,53,30,6,9.089,-0.167,0.14,-0.044,-0.045,1
3320,34,14,2,5.252,-0.161,0.013,0.033,0.004,1
3321,106,63,9,18.955,0.062,0.14,-0.068,0.141,0
3322,123,40,13,24.041,-0.276,0.268,0.001,-0.054,0
3323,73,41,5,19.169,0.271,0.052,-0.113,-0.054,0
3324,5,3,1,0.001,-0.32,-0.436,0.107,-0.067,1
3325,57,43,3,16.162,0.46,0.011,-0.095,0.098,0
3326,58,31,9,19.887,-0.32,0.486,-0.075,-0.067,0
3327,74,33,11,24.186,0.5,-0.367,-0.022,0.117,1
3328,51,31,6,17.375,-0.32,0.612,-0.1,-0.067,1
3329,30,11,1,0.044,0.084,-0.436,0.073,-0.041,1
3330,79,45,9,17.192,0.021,-0.146,-0.026,-0.065,0
3331,33,19,5,6.227,-0.116,0.027,-0.03,-0.031,1
3332,5,5,1,0.009,-0.32,0.073,0.007,-0.067,1
3333,144,74,16,23.965,0.148,0.094,-0.081,-0.041,0
3334,5,3,1,0.0,-0.32,-0.436,0.107,-0.067,1
3335,123,39,10,21.298,-0.178,-0.125,0.054,-0.053,1
3336,8,7,1,0.02,-0.32,0.518,-0.081,-0.067,1
3337,22,12,2,1.883,-0.32,0.258,-0.03,-0.067,1
3338,9,4,2,20.283,-0.32,-0.436,0.107,-0.067,0
3339,16,13,1,0.319,0.017,0.359,-0.144,-0.067,1
3340,8,7,1,0.025,-0.32,0.2,-0.018,-0.067,1
3341,32,15,5,20.798,0.143,-0.436,0.013,0.146,0
3342,17,10,3,23.087,0.552,-0.436,-0.07,0.098,0
3343,23,14,1,0.109,-0.086,0.56,-0.111,0.151,1
3344,22,10,2,3.34,-0.32,0.143,-0.007,-0.067,1
3345,7,5,1,0.004,0.45,-0.436,-0.036,0.047,1
3346,89,28,11,24.142,-0.32,-0.436,0.191,-0.047,0
3347,73,35,8,24.391,0.16,-0.087,-0.065,0.199,0
3348,146,53,7,23.805,0.511,-0.349,-0.082,-0.021,0
3349,88,43,10,21.159,-0.029,0.027,-0.036,-0.04,0
3350,4,2,1,0.01,-0.32,-0.436,0.107,-0.067,1
3351,17,13,2,5.34,-0.082,0.163,-0.1,-0.067,0
3352,47,21,8,15.782,0.282,-0.273,0.0,0.014,0
3353,16,15,2,21.892,-0.32,0.2,0.107,0.171,1
3354,114,43,8,21.749,0.259,-0.436,0.023,0.135,0
3355,11,6,2,1.308,-0.32,0.258,-0.03,-0.067,1
3356,27,16,3,19.081,0.03,0.035,0.014,0.074,1
3357,15,10,2,4.344,0.579,-0.266,-0.027,0.214,1
3358,14,11,3,6.74,0.065,-0.436,0.035,0.033,1
3359,117,41,9,21.135,0.026,-0.023,-0.039,0.025,0
3360,20,10,2,12.291,-0.32,0.073,0.007,-0.067,1
3361,11,7,2,11.989,-0.32,-0.204,0.061,-0.067,1
3362,5,4,1,0.045,-0.32,-0.436,0.107,-0.067,1
3363,11,7,2,8.321,-0.32,0.027,0.016,-0.067,1
3364,26,9,1,0.189,-0.32,-0.24,0.088,-0.06,0
3365,35,14,9,16.212,-0.127,-0.436,0.05,-0.067,1
3366,4,3,2,0.986,-0.32,0.2,-0.018,-0.067,1
3367,55,24,5,9.133,-0.197,0.073,0.025,0.053,1
3368,34,12,5,8.024,-0.082,-0.286,0.063,0.033,0
3369,10,5,1,0.004,0.354,-0.436,0.007,0.214,1
3370,100,35,9,17.821,-0.239,-0.029,0.002,-0.067,0
3371,69,29,2,8.829,-0.105,0.302,-0.097,-0.038,1
3372,15,10,2,15.866,-0.32,0.073,0.007,-0.067,1
3373,26,10,2,2.188,-0.009,-0.338,0.068,0.064,1
3374,156,70,7,18.914,0.25,0.119,-0.006,0.019,0
3375,76,42,8,24.213,-0.32,0.468,-0.025,-0.057,0
3376,16,13,1,0.062,-0.32,0.518,-0.081,-0.067,1
3377,122,47,6,15.264,0.277,0.211,-0.057,0.023,0
3378,11,5,1,0.012,-0.32,0.49,-0.075,-0.067,1
3379,50,31,3,22.053,0.111,-0.436,0.017,-0.047,1
3380,90,40,10,14.983,-0.14,0.045,0.001,-0.029,0
3381,133,61,5,17.815,-0.036,0.043,0.001,-0.002,0
3382,80,15,4,19.146,0.303,-0.436,-0.05,-0.027,0
3383,114,54,9,22.193,-0.048,0.1,-0.003,0.014,0
3384,33,16,4,23.908,0.048,-0.281,0.213,-0.0,0
3385,25,12,5,14.949,-0.05,-0.13,0.007,0.085,0
3386,4,4,2,12.251,-0.32,-0.436,0.232,-0.017,1
3387,121,47,7,21.254,0.237,-0.057,-0.055,-0.023,1
3388,11,5,1,0.852,-0.32,-0.436,0.243,0.334,1
3389,7,5,1,0.001,-0.32,0.291,-0.036,-0.067,1
3390,7,6,1,0.004,-0.32,-0.436,0.107,-0.067,1
3391,135,71,9,24.111,0.069,-0.379,0.029,-0.048,0
3392,17,12,1,0.011,-0.161,0.163,-0.07,-0.067,1
3393,6,5,1,0.002,-0.32,-0.012,0.19,-0.0,1
3394,4,4,1,0.008,-0.32,0.2,-0.018,-0.067,1
3395,81,19,11,21.002,0.146,-0.341,-0.017,-0.057,0
3396,86,46,4,17.09,-0.022,0.156,-0.039,-0.03,0
3397,33,17,5,8.146,-0.197,-0.127,0.031,-0.0,1
3398,245,72,11,24.184,-0.072,0.042,-0.016,-0.034,0
3399,32,20,3,5.957,0.101,-0.356,-0.003,0.046,1
3400,99,47,6,18.733,0.102,-0.333,-0.015,-0.037,0
3401,41,15,6,22.136,0.436,-0.436,-0.015,0.021,0
3402,123,51,6,23.202,-0.013,0.226,-0.068,0.073,1
3403,5,4,1,0.001,-0.32,-0.436,0.307,1.739,1
3404,15,8,3,8.938,-0.32,-0.436,0.207,-0.067,1
3405,9,8,2,4.985,-0.32,-0.436,0.107,-0.067,1
3406,26,9,2,1.194,-0.061,-0.338,0.01,-0.067,1
3407,98,45,10,19.949,0.093,-0.332,-0.006,-0.047,0
3408,36,18,4,15.02,-0.245,0.2,-0.018,-0.051,1
3409,4,3,1,0.0,-0.32,-0.436,0.107,-0.067,1
3410,6,3,1,0.008,-0.32,-0.436,0.608,0.033,1
3411,81,32,7,24.234,0.079,0.035,-0.073,-0.04,0
3412,90,58,7,24.235,0.069,0.101,-0.032,0.002,0
3413,31,23,6,20.905,0.158,-0.436,-0.039,-0.028,0
3414,120,64,12,24.352,-0.151,0.349,-0.06,-0.039,0
3415,109,42,8,24.217,0.026,0.031,-0.045,-0.036,0
3416,20,11,3,2.547,0.287,-0.308,0.032,0.103,1
3417,23,19,3,19.091,-0.32,-0.436,0.15,0.378,1
3418,126,43,6,12.677,0.001,-0.234,0.059,-0.023,0
3419,116,64,6,21.151,0.064,0.2,-0.096,-0.041,1
3420,106,67,9,22.665,0.1,0.14,-0.059,0.031,0
3421,6,4,1,0.008,-0.32,-0.012,0.19,-0.034,1
3422,4,4,1,0.002,-0.32,0.2,-0.018,-0.067,1
3423,6,5,1,0.002,-0.32,-0.012,0.023,-0.067,1
3424,9,8,1,0.023,-0.32,0.412,-0.06,-0.067,1
3425,11,5,1,0.075,-0.32,0.258,-0.03,-0.067,1
3426,34,16,4,6.097,-0.201,-0.062,0.077,-0.067,1
3427,7,6,1,0.01,-0.32,0.291,-0.036,-0.067,1
3428,60,31,5,18.127,0.219,-0.266,-0.002,-0.02,0
3429,4,4,1,0.008,-0.32,-0.436,0.107,-0.067,1
3430,97,60,14,24.16,-0.237,0.246,-0.048,-0.053,0
3431,118,52,4,19.819,0.148,0.082,-0.097,-0.05,0
3432,37,20,4,7.977,-0.247,-0.229,0.053,-0.067,1
3433,4,4,2,22.162,-0.32,-0.436,0.107,-0.067,1
3434,53,19,7,21.079,0.087,-0.244,-0.044,-0.06,0
3435,94,26,8,15.135,-0.162,-0.03,0.043,0.014,0
3436,4,2,1,0.004,-0.32,-0.436,0.107,-0.067,1
3437,59,17,9,14.876,-0.092,-0.263,0.005,-0.064,0
3438,177,64,10,22.969,0.122,-0.062,0.03,0.002,0
3439,32,20,3,7.039,-0.151,0.28,-0.081,-0.067,1
3440,126,65,10,20.788,-0.01,0.11,-0.072,-0.037,0
3441,193,82,8,24.136,0.043,0.118,-0.078,-0.045,0
3442,86,29,4,8.04,-0.21,0.038,0.019,-0.044,1
3443,27,14,1,0.13,-0.32,0.318,-0.005,-0.038,1
3444,25,7,1,0.053,-0.32,-0.029,0.107,-0.051,1
3445,58,32,5,18.657,-0.111,0.135,-0.04,-0.043,0
3446,7,6,1,0.002,0.065,-0.072,-0.108,-0.067,1
3447,32,19,6,19.006,-0.236,0.041,-0.003,-0.067,1
3448,92,37,6,22.055,0.178,-0.242,-0.029,-0.008,1
3449,98,35,10,22.098,0.038,0.343,-0.123,0.025,0
3450,198,55,10,23.095,-0.136,0.233,-0.04,-0.032,0
3451,56,30,5,12.063,0.378,-0.39,-0.045,-0.01,1
3452,30,7,2,2.077,-0.32,0.243,0.04,-0.027,1
3453,35,15,3,9.28,-0.089,-0.145,-0.022,-0.067,1
3454,128,57,4,17.816,0.028,0.002,-0.022,-0.003,1
3455,64,26,3,16.96,0.038,0.28,-0.097,-0.042,1
3456,5,4,1,0.001,-0.32,-0.436,0.107,-0.067,1
3457,58,35,4,16.07,0.447,-0.392,-0.057,-0.012,0
3458,30,10,2,6.025,-0.14,-0.436,0.09,-0.027,1
3459,17,11,2,6.931,-0.003,-0.286,-0.011,-0.067,0
3460,193,53,17,23.835,-0.194,0.5,-0.106,-0.062,0
3461,129,46,15,23.861,-0.09,-0.061,0.017,0.088,0
3462,71,46,6,17.744,-0.13,0.389,-0.105,-0.05,0
3463,8,5,2,3.033,-0.32,0.2,-0.018,-0.067,1
3464,13,7,2,12.812,-0.32,-0.044,0.068,-0.067,1
3465,7,6,1,0.043,-0.32,-0.072,0.035,-0.067,1
3466,122,33,8,23.463,-0.176,0.127,0.049,0.079,0
3467,37,29,5,18.906,-0.247,-0.436,0.093,-0.067,0
3468,177,83,16,24.125,0.305,0.024,-0.086,-0.019,0
3469,30,13,5,20.02,-0.32,-0.266,0.107,-0.054,1
3470,5,3,1,0.001,-0.32,-0.436,0.107,-0.067,1
3471,34,24,3,19.04,0.077,0.088,-0.114,-0.067,0
3472,54,29,5,8.002,-0.145,0.13,-0.005,-0.052,1
3473,9,7,1,0.014,-0.32,0.13,0.051,-0.045,1
3474,10,5,2,1.795,-0.32,0.073,0.007,-0.067,1
3475,32,11,1,0.05,0.143,0.041,-0.081,-0.061,1
3476,16,11,1,0.008,-0.32,-0.277,0.169,0.171,1
3477,13,7,1,0.011,-0.32,-0.24,0.068,-0.067,1
3478,36,22,4,5.7,-0.17,0.13,-0.018,-0.0,1
3479,76,30,6,22.923,-0.178,0.401,0.047,-0.03,1
3480,42,23,2,5.948,0.001,-0.254,-0.001,-0.029,1
3481,56,25,7,22.738,-0.007,-0.163,0.089,0.029,0
3482,129,45,13,22.961,0.244,-0.396,0.01,0.01,0
3483,7,5,1,0.015,-0.32,-0.436,0.25,0.334,1
3484,163,63,13,23.005,-0.122,0.36,-0.019,-0.04,0
3485,22,10,2,1.955,-0.32,0.374,0.038,0.006,1
3486,67,42,7,14.947,-0.079,0.286,-0.065,-0.037,1
3487,18,10,2,0.91,-0.32,0.412,-0.06,-0.067,1
3488,9,6,4,6.038,-0.32,-0.436,0.107,-0.067,1
3489,7,4,1,0.018,-0.32,-0.436,0.107,-0.067,1
3490,47,23,8,15.486,0.024,-0.219,0.0,0.018,1
3491,4,4,2,6.651,-0.32,-0.436,0.107,-0.067,1
3492,36,19,5,12.04,-0.283,0.412,-0.074,-0.067,1
3493,139,61,6,22.053,0.068,0.113,-0.077,-0.037,0
3494,10,7,1,0.003,-0.185,-0.181,0.007,-0.067,1
3495,62,33,6,24.063,0.115,-0.354,-0.039,-0.038,1
3496,53,9,5,12.021,-0.32,0.332,-0.007,-0.056,1
3497,165,64,10,21.687,-0.018,0.042,-0.009,0.024,0
3498,63,26,7,12.834,-0.149,-0.153,0.003,-0.051,0
3499,8,5,1,0.038,-0.32,-0.436,0.295,0.083,1
3500,113,54,8,23.009,0.599,-0.188,-0.071,-0.019,0
3501,216,78,13,23.843,0.367,-0.259,-0.014,-0.002,0
3502,70,36,9,9.987,-0.108,0.073,-0.036,0.022,1
3503,61,28,3,11.017,0.188,-0.102,0.008,0.025,1
3504,11,7,3,2.952,-0.32,0.258,-0.03,-0.067,1
3505,191,87,5,23.995,0.351,0.031,-0.095,0.024,0
3506,35,16,4,20.627,0.489,-0.363,-0.079,-0.016,0
3507,9,7,2,1.064,-0.32,-0.436,0.107,-0.067,1
3508,35,14,2,2.56,-0.281,-0.218,0.078,-0.056,1
3509,4,4,2,16.698,-0.32,0.2,-0.018,-0.067,1
3510,38,13,6,5.972,-0.178,-0.235,0.028,-0.067,1
3511,16,8,2,15.987,-0.32,-0.436,0.107,-0.067,1
3512,117,50,8,21.031,0.544,-0.436,0.103,0.115,0
3513,223,45,11,23.593,-0.272,-0.379,0.194,-0.004,0
3514,28,14,4,15.988,0.691,-0.345,-0.018,0.019,1
3515,107,37,14,23.964,-0.118,0.254,-0.062,-0.047,0
3516,96,42,7,23.581,0.031,0.041,-0.034,-0.028,0
3517,5,3,1,0.0,-0.32,-0.436,0.107,-0.067,1
3518,114,47,10,17.984,0.39,-0.302,-0.034,-0.014,1
3519,7,6,2,9.768,0.836,-0.436,-0.108,0.162,1
3520,8,5,2,4.992,0.523,-0.436,-0.081,0.058,1
3521,51,19,4,23.48,0.262,-0.336,-0.021,0.027,0
3522,98,53,8,23.084,-0.031,0.187,-0.087,-0.065,0
3523,112,58,13,24.013,0.077,-0.004,-0.045,-0.019,0
3524,65,21,7,23.987,-0.175,-0.318,0.053,-0.052,1
3525,18,14,1,0.069,-0.32,0.271,0.079,-0.067,1
3526,43,27,5,15.596,-0.32,0.156,0.014,0.007,1
3527,13,7,2,5.778,-0.32,0.347,-0.047,-0.067,1
3528,11,8,2,11.002,-0.32,0.49,-0.075,-0.067,0
3529,106,67,4,20.815,0.125,0.116,-0.007,0.101,1
3530,4,2,1,0.002,-0.32,-0.436,0.107,-0.067,1
3531,82,40,2,14.745,-0.32,0.557,-0.052,-0.065,1
3532,42,23,5,21.663,0.194,-0.436,-0.013,-0.053,0
3533,58,19,3,12.975,0.145,-0.436,0.029,-0.015,1
3534,7,4,1,0.002,0.836,-0.436,-0.036,0.133,1
3535,108,71,9,17.617,0.179,0.2,-0.107,-0.03,0
3536,25,10,3,4.042,-0.05,-0.436,0.127,0.077,1
3537,63,40,9,23.993,-0.192,0.211,-0.013,-0.039,0
3538,50,21,9,14.0,-0.293,0.277,-0.044,-0.067,1
3539,57,27,4,12.957,-0.154,0.279,-0.043,0.052,0
3540,43,23,5,21.671,-0.069,0.038,-0.056,-0.049,0
3541,24,8,3,5.795,-0.32,-0.436,0.149,0.075,1
3542,4,3,1,0.0,-0.32,-0.436,0.107,-0.067,1
3543,46,23,4,12.858,-0.027,-0.27,0.009,-0.054,1
3544,7,4,2,1.012,-0.32,-0.436,0.25,1.28,1
3545,24,13,4,12.692,-0.32,0.094,0.065,-0.009,1
3546,9,7,1,0.017,-0.32,-0.436,0.441,7.559,1
3547,75,48,5,23.945,0.219,0.073,-0.06,0.639,0
3548,74,31,8,15.572,-0.01,-0.401,0.154,0.234,1
3549,65,46,3,14.663,0.634,0.191,-0.124,0.174,1
3550,151,68,4,17.862,0.225,0.002,-0.076,0.083,0
3551,116,50,8,14.638,0.005,0.135,-0.01,0.017,1
3552,28,15,2,0.84,-0.079,0.2,-0.09,-0.067,1
3553,7,6,1,0.005,0.643,-0.436,0.178,3.947,1
3554,5,5,1,0.001,-0.32,0.073,0.007,-0.067,1
3555,4,3,3,4.619,-0.32,-0.436,0.232,0.334,1
3556,60,29,6,16.802,-0.14,0.073,0.023,1.043,0
3557,135,48,13,22.701,0.399,-0.36,0.029,0.096,0
3558,28,24,4,16.015,-0.176,0.291,-0.09,-0.067,1
3559,4,4,1,0.023,-0.32,-0.436,0.107,-0.067,1
3560,73,39,7,18.44,0.105,-0.366,0.141,0.202,0
3561,202,75,13,18.56,0.12,0.043,0.017,0.033,0
3562,46,16,6,10.628,0.032,-0.27,0.031,-0.015,0
3563,64,22,8,12.027,-0.278,0.2,0.052,0.002,1
3564,40,11,4,10.441,-0.185,0.2,-0.044,-0.067,1
3565,35,14,5,11.481,-0.166,-0.145,0.021,-0.067,0
3566,9,5,1,0.018,0.279,-0.436,-0.005,0.089,1
3567,10,7,2,0.257,-0.32,-0.181,0.157,-0.047,1
3568,21,16,2,2.993,-0.256,0.17,-0.013,-0.048,1
3569,61,23,7,23.346,-0.276,-0.019,0.008,-0.067,0
3570,91,37,5,20.044,0.258,-0.324,0.008,0.118,1
3571,189,74,11,18.96,0.022,0.009,0.025,0.025,0
3572,92,55,4,21.429,0.251,0.256,-0.095,-0.032,1
3573,116,49,9,23.268,0.11,0.398,-0.122,0.012,1
3574,137,49,7,22.284,0.162,-0.343,0.059,0.022,0
3575,32,16,6,22.547,-0.067,-0.197,0.028,-0.017,1
3576,37,21,5,15.273,-0.211,-0.298,0.053,-0.067,1
3577,6,6,1,0.005,-0.32,-0.012,0.023,-0.067,1
3578,11,6,3,1.253,-0.32,-0.436,0.152,0.097,1
3579,29,13,4,15.037,-0.227,0.178,-0.049,-0.067,1
3580,17,12,1,0.039,-0.32,0.313,0.107,0.051,1
3581,178,47,12,22.979,0.195,-0.421,0.034,0.021,1
3582,4,4,1,0.003,-0.32,-0.436,0.107,-0.067,1
3583,5,4,1,0.014,-0.32,0.073,0.007,-0.067,1
3584,60,33,7,22.999,-0.005,-0.393,0.215,0.046,0
3585,133,41,8,21.9,0.319,-0.436,0.065,0.041,0
3586,4,4,1,0.028,-0.32,0.2,-0.018,-0.067,1
3587,5,5,2,13.608,0.219,0.073,0.007,0.053,0
3588,105,47,8,21.915,0.104,-0.387,0.021,-0.018,0
3589,57,31,5,12.211,-0.036,0.412,-0.06,0.137,1
3590,4,2,1,0.0,-0.32,-0.436,0.107,-0.067,1
3591,5,4,1,0.0,-0.32,-0.436,0.207,-0.027,1
3592,179,67,10,21.144,0.215,-0.151,0.0,0.043,0
3593,102,21,10,17.839,-0.227,0.188,-0.016,-0.048,0
3594,131,28,17,22.437,-0.248,0.166,-0.023,-0.038,0
3595,107,56,8,23.514,-0.093,0.254,-0.081,-0.05,0
3596,4,4,1,0.001,-0.32,-0.436,0.232,0.234,1
3597,31,16,2,0.216,0.071,0.139,-0.071,-0.003,0
3598,16,8,1,0.058,-0.32,0.2,0.075,0.008,1
3599,96,41,7,23.235,0.073,-0.356,0.044,-0.015,0
3600,22,11,4,9.427,0.17,-0.204,-0.075,-0.067,1
3601,46,31,8,20.364,-0.291,0.449,-0.057,-0.05,1
3602,75,21,8,23.113,-0.284,0.277,-0.02,-0.049,1
3603,40,16,5,23.024,-0.32,0.01,0.057,-0.062,1
3604,41,15,4,13.491,-0.156,-0.25,0.082,-0.018,1
3605,6,4,1,0.003,-0.32,-0.436,0.107,-0.067,1
3606,146,58,16,23.177,0.317,-0.261,0.021,0.058,0
3607,11,5,1,0.02,-0.32,-0.436,0.289,0.006,1
3608,122,45,9,23.423,-0.121,0.399,-0.107,-0.066,0
3609,5,3,1,0.013,-0.32,-0.436,0.107,-0.067,1
3610,42,26,4,19.881,0.065,-0.072,-0.06,0.043,1
3611,24,6,3,1.455,-0.32,0.094,0.023,-0.059,1
3612,38,20,5,14.858,0.035,0.1,-0.091,-0.067,1
3613,17,9,3,3.116,0.156,-0.436,0.018,-0.056,0
3614,97,35,7,23.421,0.041,-0.331,-0.017,0.011,0
3615,46,18,4,11.41,-0.261,0.283,0.031,0.007,1
3616,116,50,7,23.25,0.145,0.025,0.003,0.033,0
3617,81,42,4,16.841,0.213,-0.31,0.045,0.131,1
3618,68,30,7,22.322,-0.161,0.051,-0.018,-0.05,0
3619,102,36,8,14.1,-0.122,-0.286,0.038,-0.048,1
3620,4,2,1,0.032,-0.32,-0.436,0.107,-0.067,1
3621,14,8,1,0.023,-0.32,-0.436,0.143,0.42,1
3622,45,20,5,23.348,-0.17,-0.266,0.085,-0.054,1
3623,36,20,5,16.859,-0.245,-0.436,0.107,0.022,0
3624,66,43,6,21.031,-0.054,-0.436,0.038,-0.049,0
3625,59,29,5,22.259,0.068,-0.134,0.005,0.093,0
3626,64,30,4,16.154,-0.257,-0.118,0.044,0.033,1
3627,9,8,1,0.034,-0.32,0.412,-0.06,-0.067,1
3628,196,63,10,21.701,-0.162,0.174,-0.047,-0.054,0
3629,8,7,1,0.006,-0.32,-0.118,0.169,0.083,1
3630,196,49,14,21.226,-0.01,-0.41,0.066,-0.04,0
3631,14,7,2,3.383,-0.32,0.291,0.071,-0.01,1
3632,24,17,4,14.842,-0.208,-0.33,0.044,-0.067,1
3633,31,14,2,4.331,-0.32,0.303,-0.039,-0.067,1
3634,16,9,3,6.353,-0.32,0.359,-0.05,-0.067,1
3635,129,55,8,17.711,0.621,-0.416,-0.06,0.026,0
3636,16,9,3,10.214,0.101,-0.436,0.013,-0.055,1
3638,9,5,1,0.033,-0.32,-0.153,0.107,-0.045,1
3639,138,65,4,21.214,0.305,0.154,-0.067,0.08,1
3640,10,6,1,0.091,-0.32,0.328,0.007,0.033,1
3641,135,56,16,23.035,-0.14,0.149,-0.031,-0.058,0
3642,9,5,2,4.274,-0.32,-0.153,0.051,-0.067,1
3643,44,16,2,2.886,-0.259,0.2,0.004,0.106,1
3644,91,43,5,21.114,-0.113,0.235,-0.058,0.054,1
3645,24,13,2,6.062,-0.095,-0.436,0.044,-0.067,1
3646,50,30,7,20.95,0.031,-0.079,-0.044,-0.059,0
3647,10,8,1,0.784,-0.32,-0.181,0.107,0.033,0
3648,39,18,4,20.978,-0.182,-0.436,0.081,-0.036,1
3649,81,53,6,20.826,0.013,0.161,-0.073,-0.055,0
3650,72,49,5,19.163,0.054,0.165,-0.046,0.131,0
3651,44,24,3,13.275,0.231,-0.436,-0.018,-0.031,0
3652,180,64,9,18.262,0.167,-0.125,-0.002,0.044,0
3653,18,16,3,10.287,-0.17,0.271,-0.06,-0.067,1
3654,40,22,2,14.2,-0.253,0.2,0.019,0.013,1
3655,158,71,9,21.231,0.346,0.031,-0.036,0.041,0
3656,49,25,8,11.778,-0.182,-0.02,0.025,-0.035,0
3657,18,12,3,10.235,0.204,-0.153,0.135,0.2,1
3658,68,37,6,16.108,0.176,-0.099,-0.033,0.018,1
3659,17,15,1,0.066,-0.003,0.313,-0.07,0.133,1
3660,41,20,5,13.144,-0.188,-0.312,0.131,0.026,1
3661,144,60,8,22.944,-0.077,-0.012,0.016,-0.028,0
3662,67,22,3,13.721,0.304,-0.436,0.032,0.145,1
3663,15,7,2,8.349,-0.32,-0.266,0.073,-0.067,0
3664,51,24,5,22.132,-0.267,0.213,0.028,0.011,1
3665,4,3,1,0.0,-0.32,-0.436,0.107,-0.067,1
3666,146,55,8,18.194,0.197,-0.261,0.018,0.021,0
3667,173,58,12,23.265,-0.024,-0.318,0.139,0.067,0
3668,22,14,3,19.735,-0.32,0.49,-0.075,-0.067,0
3669,80,42,5,22.928,0.118,-0.34,0.007,-0.032,0
3670,12,7,1,0.014,-0.32,0.2,-0.018,-0.067,1
3671,168,55,5,18.181,0.33,-0.33,-0.021,0.008,0
3672,5,5,1,0.01,-0.32,-0.436,0.307,-0.027,1
3673,8,8,1,0.029,-0.32,0.518,-0.081,-0.067,1
3674,6,5,1,0.003,-0.095,-0.436,0.023,-0.067,0
3675,113,29,7,20.032,-0.26,0.262,-0.044,-0.057,0
3676,16,11,4,16.015,0.186,-0.277,-0.081,-0.067,1
3677,81,47,8,20.193,-0.154,0.287,-0.066,-0.04,0
3678,125,52,6,20.92,-0.029,0.195,-0.058,-0.042,0
3679,126,38,8,23.062,0.194,-0.436,0.051,0.087,0
3680,136,67,6,23.255,0.414,0.163,-0.122,0.008,0
3681,8,4,1,0.008,-0.32,-0.436,0.107,-0.067,1
3682,6,6,1,0.001,-0.32,-0.012,0.023,-0.067,1
3683,80,45,6,19.883,-0.168,-0.086,0.088,-0.035,1
3684,4,3,1,0.001,-0.32,0.2,-0.018,-0.067,1
3685,16,8,2,10.395,-0.32,0.359,-0.05,-0.067,1
3686,108,41,7,22.509,0.254,-0.389,0.06,0.072,0
3687,251,70,10,23.117,0.094,0.112,-0.011,-0.0,0
3688,85,33,3,10.928,-0.035,0.253,-0.011,-0.044,1
3689,13,7,1,0.02,0.717,-0.044,-0.124,0.072,1
3690,33,22,2,5.881,0.374,0.104,-0.091,0.06,1
3691,7,6,1,0.021,-0.32,-0.436,0.107,-0.067,1
3692,44,15,4,18.211,-0.136,0.027,0.05,-0.063,0
3693,104,61,6,20.1,-0.074,0.103,-0.018,-0.017,1
3694,186,70,7,20.935,0.231,0.166,-0.02,-0.012,0
3695,50,21,3,4.084,-0.104,-0.385,0.077,-0.003,0
3696,96,40,3,9.078,-0.137,0.545,-0.092,-0.032,1
3697,122,46,9,20.85,0.1,-0.311,0.045,0.002,0
3698,49,25,3,5.103,-0.182,0.395,-0.026,-0.063,1
3699,127,66,14,22.951,0.444,-0.275,0.016,0.072,0
3700,7,6,1,0.003,-0.32,-0.072,0.035,-0.067,1
3701,114,38,8,21.92,-0.154,-0.079,0.023,-0.048,0
3702,144,63,5,20.14,-0.133,0.253,-0.092,-0.065,0
3703,219,69,9,23.135,-0.178,0.157,-0.021,-0.058,0
3704,41,20,2,9.838,-0.188,-0.436,0.205,-0.053,1
3705,30,18,2,16.633,-0.23,0.243,-0.06,-0.067,0
3706,88,32,10,22.02,-0.075,0.114,0.05,-0.065,0
3707,12,9,3,6.032,-0.32,-0.436,0.107,-0.067,1
3708,14,8,1,0.007,-0.32,-0.072,0.107,0.578,1
3709,34,11,5,13.995,-0.32,0.612,-0.085,-0.067,0
3710,7,5,1,0.005,0.065,-0.072,-0.108,-0.067,1
3711,46,28,5,16.697,-0.232,0.283,-0.035,-0.024,0
3712,129,67,9,19.111,0.077,0.097,-0.06,-0.013,0
3713,57,17,7,21.856,0.319,-0.436,-0.051,0.01,0
3714,12,7,4,13.137,0.466,-0.436,-0.06,-0.034,0
3715,14,8,1,0.032,-0.031,-0.436,0.143,0.205,1
3716,107,64,5,20.067,-0.093,0.087,-0.029,-0.037,1
3717,53,16,5,22.993,-0.269,0.044,0.116,-0.037,1
3718,53,21,7,15.97,-0.142,0.284,-0.092,-0.067,1
3719,200,83,8,22.942,0.017,0.162,-0.066,-0.027,0
3720,23,16,3,18.042,-0.203,-0.214,0.041,-0.067,0
3721,76,27,7,22.366,-0.072,0.2,-0.058,0.036,0
3722,40,28,3,7.605,0.084,0.2,-0.069,0.033,1
3723,55,30,2,17.117,-0.124,0.212,-0.012,-0.042,1
3724,15,13,1,0.059,-0.32,0.412,-0.06,-0.067,1
3725,107,38,7,17.993,-0.118,-0.103,0.032,0.094,0
3726,171,63,12,22.009,-0.083,0.264,-0.06,-0.037,0
3727,41,20,3,20.081,0.338,-0.374,-0.052,-0.038,1
3728,110,50,9,22.939,0.035,-0.389,0.043,-0.013,0
3729,13,9,1,0.055,0.095,-0.436,-0.009,-0.067,1
3730,72,34,7,19.571,0.448,-0.436,-0.046,0.002,0
3731,155,65,10,19.784,0.219,-0.025,-0.071,-0.016,1
3732,37,19,3,20.842,-0.247,0.046,0.012,-0.067,1
3733,109,49,6,10.97,-0.023,0.381,-0.086,-0.036,0
3734,84,43,7,22.063,0.097,0.049,-0.06,-0.0,0
3735,7,4,2,19.995,-0.32,-0.436,0.107,-0.067,1
3736,11,5,1,0.001,-0.32,-0.436,0.198,0.024,1
3737,5,5,2,12.062,-0.32,0.073,0.407,-0.027,1
3738,129,69,10,23.086,0.108,0.038,-0.084,-0.036,0
3739,11,5,1,0.154,-0.32,-0.436,0.107,-0.067,1
3740,50,14,3,2.688,-0.131,0.073,-0.013,-0.023,1
3741,52,20,6,22.473,0.276,-0.436,-0.009,-0.025,0
3742,59,36,4,19.92,-0.229,0.168,-0.038,-0.067,1
3743,8,6,1,0.007,-0.32,-0.436,0.107,-0.067,1
3744,26,8,2,1.085,-0.32,0.151,0.01,-0.021,1
3745,163,68,4,21.045,0.168,0.095,-0.108,-0.05,0
3746,72,24,5,7.03,-0.077,0.13,0.03,0.036,1
3747,242,47,12,19.053,-0.259,0.426,0.082,-0.042,1
3748,12,9,2,1.63,-0.32,0.2,-0.018,-0.067,1
3749,164,61,11,16.71,-0.09,-0.079,0.14,-0.02,0
3750,158,61,6,19.031,0.098,-0.065,-0.023,0.0,1
3751,77,45,8,21.811,0.1,-0.37,0.035,-0.023,0
3752,53,22,3,4.928,-0.32,0.092,0.041,-0.026,1
3753,57,17,5,14.642,-0.273,0.1,0.142,-0.014,0
3754,6,5,2,0.908,-0.32,-0.012,0.107,0.066,1
3755,30,17,6,21.446,-0.23,-0.012,-0.01,-0.067,1
3756,4,4,1,0.008,-0.32,-0.436,0.107,-0.067,1
3757,14,8,2,5.998,0.547,-0.254,-0.18,-0.039,0
3758,161,43,8,22.983,0.099,-0.262,-0.005,-0.046,0
3759,6,6,1,0.011,-0.32,0.412,-0.06,-0.067,0
3760,11,7,3,4.893,-0.32,0.49,-0.075,-0.067,1
3761,10,3,1,0.001,-0.32,-0.436,0.307,-0.007,1
3762,7,6,2,2.016,-0.32,0.291,-0.036,-0.067,1
3763,12,7,1,0.006,-0.32,-0.224,0.065,-0.067,1
3764,36,14,7,17.467,-0.32,0.271,-0.032,-0.067,1
3765,9,5,1,0.002,-0.32,0.412,-0.06,-0.067,1
3766,78,47,7,22.976,-0.164,0.249,-0.054,-0.06,0
3767,16,7,3,4.96,-0.32,0.359,-0.05,-0.067,1
3768,46,15,3,2.713,0.032,-0.38,0.27,0.081,0
3769,64,40,5,22.498,-0.025,0.24,-0.058,-0.036,0
3770,15,12,3,5.881,-0.32,0.243,-0.027,-0.067,1
3771,19,13,3,21.605,-0.32,0.234,-0.025,-0.067,1
3772,27,17,4,10.985,-0.22,-0.153,0.033,-0.038,1
3773,8,4,1,0.009,-0.32,-0.436,0.169,0.008,1
3774,15,10,2,2.958,0.309,-0.436,-0.027,-0.041,1
3775,23,15,2,12.965,-0.32,0.339,-0.046,-0.067,0
3776,85,28,6,11.995,0.061,-0.047,0.001,0.018,1
3777,40,23,4,16.938,0.051,-0.181,-0.006,-0.032,1
3778,18,2,7,6.875,-0.32,0.412,-0.06,-0.067,1
3779,55,27,7,23.004,0.072,-0.019,-0.066,0.064,0
3780,37,21,2,18.966,-0.247,0.114,-0.002,0.025,1
3781,126,41,10,21.994,-0.085,-0.092,0.051,0.047,0
3782,19,10,2,0.973,0.106,-0.168,0.054,-0.004,1
3783,7,5,2,0.975,-0.32,0.291,0.035,-0.039,1
3784,4,3,1,0.003,1.365,-0.436,-0.144,1.187,1
3785,114,54,8,18.961,0.047,-0.235,0.155,0.021,0
3786,14,9,1,0.019,-0.32,0.291,-0.001,-0.067,1
3787,70,46,10,14.895,-0.185,0.146,-0.029,0.019,0
3788,98,40,9,21.947,-0.031,-0.176,0.025,-0.018,0
3789,78,39,9,18.588,-0.095,-0.37,0.21,0.728,0
3790,9,5,2,3.966,-0.32,-0.436,0.162,-0.045,1
3791,123,58,11,23.046,0.239,-0.291,0.033,0.176,0
3792,7,6,2,0.6,-0.32,-0.436,0.107,-0.067,1
3793,61,29,3,21.371,0.21,-0.227,0.058,0.485,0
3794,28,18,4,3.565,0.161,-0.072,-0.036,0.277,0
3795,49,20,6,17.162,-0.265,-0.072,0.035,-0.047,1
3796,5,4,1,0.012,-0.32,0.073,0.007,-0.067,0
3797,7,6,3,3.317,-0.32,-0.072,0.035,-0.067,1
3798,70,28,5,11.014,-0.204,0.255,-0.015,-0.013,0
3799,28,17,2,19.559,0.065,-0.436,0.035,0.133,0
3800,5,4,2,0.266,-0.32,-0.436,0.107,-0.067,1
3801,95,41,7,12.127,0.347,0.073,-0.046,0.097,0
3802,97,54,5,21.502,0.041,0.01,-0.059,0.011,0
3803,106,64,7,22.231,-0.04,0.26,-0.087,0.005,0
3804,66,37,12,20.094,-0.238,0.181,0.008,-0.016,0
3805,17,14,1,0.181,0.156,0.313,-0.129,-0.02,1
3806,42,24,5,6.06,-0.063,0.412,-0.096,0.004,1
3807,45,35,4,15.227,-0.2,0.412,-0.094,-0.067,1
3808,43,32,3,10.099,-0.101,0.215,-0.021,0.035,1
3809,6,3,1,0.069,-0.32,-0.436,0.107,-0.067,1
3810,13,9,2,11.306,-0.32,-0.044,0.068,-0.036,1
3811,19,11,1,0.004,-0.32,0.502,-0.078,-0.067,1
3812,50,27,6,12.209,-0.32,0.379,-0.044,-0.059,1
3813,103,77,7,22.01,0.086,0.207,-0.107,-0.019,0
3814,62,22,8,22.45,-0.016,-0.395,0.018,-0.067,0
3815,76,42,7,12.956,-0.285,0.468,-0.078,0.004,0
3816,67,30,3,12.126,0.183,-0.056,0.002,0.014,1
3817,58,29,4,7.237,-0.274,0.135,0.107,-0.05,0
3818,9,6,1,0.011,-0.32,-0.153,0.051,-0.067,1
3819,4,4,1,0.0,-0.32,0.2,0.107,0.284,1
3820,14,10,1,0.038,-0.32,0.11,0.035,-0.01,0
3821,46,25,2,0.96,-0.261,0.062,0.161,0.142,1
3822,46,19,4,9.009,0.325,-0.325,-0.067,0.064,1
3823,101,51,12,21.27,-0.16,0.295,-0.062,-0.028,0
3824,26,19,5,19.077,-0.113,-0.142,0.068,0.118,1
3825,6,4,3,11.428,-0.32,-0.436,0.107,-0.067,1
3826,29,16,3,21.023,1.028,-0.436,-0.083,-0.033,1
3827,5,5,2,0.233,-0.32,0.582,-0.094,-0.067,1
3828,25,13,3,18.025,0.273,-0.436,-0.054,-0.067,1
3829,4,4,1,0.06,-0.32,0.2,-0.018,-0.067,0
3830,8,5,2,0.327,-0.32,-0.118,0.107,-0.017,1
3831,18,9,3,13.248,-0.32,0.271,-0.005,-0.056,1
3832,34,22,4,21.187,0.156,-0.286,-0.041,-0.032,0
3833,17,11,3,6.211,-0.082,-0.286,-0.011,-0.067,0
3834,48,15,4,11.014,-0.18,-0.33,0.159,0.004,1
3835,10,7,1,0.013,-0.32,0.073,0.057,-0.007,0
3836,10,3,4,3.299,-0.32,0.328,-0.044,-0.067,0
3837,58,31,5,10.87,-0.064,0.31,-0.092,-0.04,1
3838,49,25,7,21.39,-0.072,-0.228,0.015,0.011,0
3839,22,11,7,19.844,-0.32,0.027,0.016,-0.067,1
3840,45,22,5,22.288,0.01,-0.379,-0.005,-0.063,0
3841,7,7,2,11.458,0.065,-0.072,0.035,0.047,1
3842,26,19,6,11.004,0.043,0.151,0.01,0.002,0
3843,56,15,5,21.166,-0.272,0.337,0.152,-0.014,0
3844,129,44,15,21.323,-0.059,-0.061,-0.021,-0.042,0
3845,58,35,4,20.753,-0.25,0.266,-0.006,0.116,1
3846,4,4,2,0.019,-0.32,-0.436,0.107,-0.067,1
3847,12,8,2,0.765,-0.32,-0.012,0.065,-0.067,1
3848,6,4,3,6.026,-0.32,-0.012,0.107,0.234,1
3849,58,20,6,18.192,0.191,-0.392,-0.006,-0.043,0
3850,49,18,8,17.652,-0.017,-0.072,0.097,0.105,1
3851,12,7,1,0.05,-0.32,-0.436,0.483,0.752,1
3852,140,90,7,22.086,0.181,0.146,-0.097,-0.011,1
3853,45,30,2,13.863,-0.11,0.186,-0.049,0.044,0
3854,4,2,1,0.004,-0.32,-0.436,0.107,-0.067,1
3855,105,46,6,21.086,-0.025,0.146,-0.084,-0.048,0
3856,4,4,1,0.012,-0.32,0.2,-0.018,-0.067,1
3857,7,5,2,9.931,-0.32,-0.072,0.25,0.105,1
3858,4,4,1,0.106,-0.32,0.2,-0.018,-0.067,1
3859,9,4,2,0.998,-0.32,-0.153,0.051,-0.067,1
3860,4,4,1,0.005,-0.32,-0.436,0.232,0.284,1
3861,11,9,1,0.008,-0.32,0.027,0.061,-0.067,1
3862,91,51,15,22.013,0.184,-0.408,0.008,0.001,0
3863,74,39,7,18.353,0.172,-0.367,-0.008,-0.051,0
3864,56,32,4,21.818,-0.2,0.291,-0.036,0.037,1
3865,4,4,1,0.0,-0.32,0.2,-0.018,-0.067,1
3866,89,25,9,22.048,-0.169,-0.436,0.09,-0.063,0
3867,14,8,1,0.017,0.45,-0.072,-0.108,-0.024,1
3868,7,5,2,1.199,-0.32,-0.072,0.035,-0.067,1
3869,66,44,6,19.847,0.252,-0.436,0.008,0.112,0
3870,14,5,5,19.952,-0.32,0.11,-0.001,-0.067,1
3871,156,61,9,21.799,-0.018,-0.126,-0.022,-0.06,0
3872,12,7,1,0.014,0.466,-0.224,-0.102,-0.017,1
3873,6,6,2,5.198,-0.32,-0.012,0.023,-0.067,1
3874,39,32,3,9.024,-0.147,0.412,-0.112,-0.067,1
3875,88,30,10,22.214,0.063,-0.06,0.01,0.008,0
3876,30,16,3,7.016,-0.23,0.243,-0.06,-0.067,0
3877,50,19,4,16.747,-0.266,-0.029,0.077,0.021,1
3878,31,17,3,17.707,-0.233,-0.025,0.026,0.01,1
3879,5,4,1,0.0,-0.32,-0.436,0.107,-0.067,1
3880,127,52,9,21.927,-0.182,0.065,0.008,0.021,1
3881,112,49,7,19.249,0.137,0.246,-0.095,-0.039,0
3882,75,23,7,16.07,0.273,-0.266,-0.067,-0.035,0
3883,14,7,2,2.134,0.45,-0.436,-0.108,-0.053,1
3884,181,63,10,22.167,0.149,0.295,-0.126,-0.003,0
3885,17,8,1,0.709,-0.32,0.163,0.018,0.157,1
3886,13,8,2,1.698,-0.32,0.151,0.03,-0.067,1
3887,69,34,6,19.842,-0.242,0.081,0.056,-0.0,0
3888,45,16,5,18.22,0.099,-0.323,-0.027,0.04,0
3889,4,4,1,0.0,-0.32,-0.436,0.107,-0.067,1
3890,42,25,4,22.215,0.386,-0.133,-0.084,-0.043,0
3891,75,36,8,21.982,0.363,-0.3,-0.04,-0.019,0
3892,13,9,2,4.128,0.199,-0.044,-0.124,-0.067,1
3893,10,5,3,17.628,-0.32,-0.181,0.157,0.254,1
3894,39,18,5,18.657,0.095,-0.37,0.017,-0.052,1
3895,12,7,2,3.134,-0.32,0.412,-0.06,-0.067,1
3896,123,41,7,15.139,0.491,-0.394,0.017,0.022,0
3897,21,13,4,9.158,-0.063,-0.072,0.035,0.239,1
3898,4,4,1,0.039,-0.32,-0.436,0.107,-0.067,1
3899,56,26,6,22.217,0.21,-0.345,-0.018,-0.035,0
3900,44,19,2,4.048,-0.075,-0.32,0.107,0.015,1
3901,14,8,2,13.063,-0.32,0.291,0.035,0.162,1
3902,8,8,1,0.043,-0.32,0.2,-0.018,-0.067,1
3903,253,74,9,17.234,0.037,-0.144,0.059,0.014,0
3904,71,26,10,21.131,-0.206,-0.077,0.086,0.105,0
3905,4,4,1,0.007,-0.32,0.2,-0.018,-0.067,1
3906,17,8,4,8.831,-0.082,-0.436,0.166,0.015,1
3907,7,4,2,1.999,1.028,-0.436,-0.18,0.019,1
3908,18,8,1,0.69,-0.32,-0.153,0.357,0.479,1
3909,120,49,4,9.741,-0.151,0.328,-0.081,-0.066,0
3910,48,22,2,8.919,-0.18,0.147,0.159,0.217,1
3911,5,3,1,0.003,1.298,-0.436,0.007,1.097,1
3912,9,7,2,6.848,-0.32,-0.153,0.051,-0.067,1
3913,60,28,2,11.099,-0.005,0.116,0.015,0.09,1
3914,19,10,4,9.155,-0.32,-0.034,0.08,0.007,0
3915,11,8,1,0.06,0.415,-0.436,-0.075,-0.049,1
3916,23,14,5,6.619,0.208,0.117,0.041,0.317,1
3917,178,69,6,20.143,0.225,0.065,-0.045,-0.018,0
3918,30,11,3,6.092,-0.005,-0.266,0.007,-0.054,1
3919,10,8,2,3.086,-0.05,-0.181,-0.044,-0.067,1
3920,114,40,3,14.584,-0.178,0.033,0.12,0.012,1
3921,118,45,8,22.146,0.206,-0.263,-0.016,-0.037,0
3922,17,8,1,0.03,-0.32,-0.286,0.166,0.074,1
3923,172,45,10,15.863,-0.234,0.408,-0.083,-0.066,0
3924,86,32,6,17.696,0.041,-0.347,0.008,-0.039,0
3925,22,10,4,10.099,-0.32,0.258,-0.007,-0.04,1
3926,59,18,3,13.818,0.251,-0.436,-0.004,-0.006,0
3927,68,29,5,13.95,-0.221,0.387,-0.077,-0.056,1
3928,93,25,6,10.951,-0.219,-0.354,0.215,-0.054,0
3929,9,7,1,0.557,-0.32,-0.436,0.107,-0.067,1
3930,12,9,1,0.024,-0.208,-0.436,0.065,-0.067,1
3931,122,45,4,21.05,-0.011,0.232,-0.103,-0.061,0
3932,11,9,1,0.081,-0.32,-0.204,0.061,-0.067,1
3933,25,8,3,10.992,-0.32,-0.029,0.047,-0.067,1
3934,25,16,3,3.988,-0.212,0.277,-0.074,-0.067,1
3935,12,11,1,0.036,-0.32,0.2,0.023,-0.017,1
3936,19,9,2,11.41,0.39,-0.436,-0.025,0.07,0
3937,9,6,1,0.01,-0.32,0.412,-0.06,-0.067,1
3938,54,20,7,14.806,0.054,-0.341,0.005,-0.026,0
3939,4,3,1,0.001,-0.32,-0.436,0.107,-0.067,1
3940,107,65,6,17.028,0.02,0.135,-0.066,-0.009,0
3941,19,17,2,4.053,-0.178,0.234,-0.078,-0.067,1
3942,58,21,3,16.109,0.308,-0.392,-0.049,-0.047,0
3943,29,9,2,1.538,-0.32,-0.26,0.228,0.071,1
3944,93,33,11,17.045,-0.132,-0.025,0.064,0.019,0
3945,20,8,2,13.972,-0.118,-0.436,0.032,-0.067,1
3946,58,53,2,16.2,-0.32,0.529,-0.066,-0.05,1
3947,28,12,2,2.02,-0.32,-0.163,0.107,-0.01,1
3948,66,29,6,15.05,-0.054,0.181,-0.06,-0.016,0
3949,7,6,2,2.81,-0.32,-0.436,0.107,-0.067,1
3950,4,4,1,0.009,-0.32,0.2,-0.018,-0.067,1
3951,32,17,2,1.034,-0.32,0.2,0.091,-0.042,1
3952,108,50,11,20.726,0.129,0.295,-0.107,0.027,0
3953,18,12,6,20.608,-0.17,-0.436,0.079,-0.067,0
3954,147,55,10,21.7,0.019,-0.09,0.09,-0.021,0
3955,145,56,9,20.387,-0.19,0.196,-0.014,0.06,0
3956,145,62,6,17.965,0.266,-0.015,-0.042,-0.008,0
3957,91,24,8,12.788,-0.201,-0.408,0.129,0.039,1
3958,10,7,2,0.947,-0.32,-0.181,0.057,-0.067,1
3959,45,30,6,12.932,0.01,0.13,-0.071,-0.027,1
3960,136,49,7,22.027,-0.033,0.182,-0.018,-0.023,0
3961,48,18,3,7.584,-0.123,0.412,-0.102,-0.067,1
3962,8,3,1,0.008,0.354,-0.436,0.42,0.334,0
3963,22,12,2,10.946,0.048,-0.32,0.107,0.225,1
3964,23,11,3,10.003,-0.203,-0.436,0.15,-0.015,1
3965,97,44,7,21.967,-0.042,0.115,-0.048,-0.038,0
3966,7,3,1,0.002,-0.32,-0.436,0.107,-0.067,1
3967,17,7,3,8.026,-0.32,0.462,-0.07,-0.067,1
3968,114,48,10,21.376,0.33,-0.346,0.067,0.014,0
3970,36,15,3,6.536,-0.32,-0.153,0.232,0.011,1
3971,45,21,2,0.849,-0.17,0.017,0.018,0.129,1
3972,92,37,10,20.594,0.002,-0.38,0.145,-0.011,0
3973,7,6,1,0.001,-0.32,-0.436,0.178,-0.067,1
3974,82,34,7,9.798,-0.123,0.185,0.009,-0.031,0
3975,12,10,1,0.056,-0.208,-0.436,0.149,0.451,1
3976,10,9,1,0.03,-0.32,0.328,0.057,0.093,1
3977,49,33,6,21.42,-0.155,0.291,-0.077,-0.035,0
3978,154,48,9,15.873,0.013,0.209,-0.066,0.02,0
3979,9,4,1,0.002,0.878,-0.436,-0.172,-0.0,1
3980,70,50,4,16.894,-0.32,0.546,-0.086,-0.067,1
3981,132,70,5,15.764,0.334,0.046,-0.053,0.041,0
3982,136,53,5,20.967,0.285,-0.249,-0.044,-0.029,1
3983,90,53,4,15.7,0.144,-0.096,0.001,0.412,0
3984,45,21,2,6.368,0.01,-0.379,0.04,0.053,0
3985,6,3,2,1.005,-0.32,-0.012,0.023,-0.067,1
3986,93,39,9,17.999,-0.132,0.248,-0.044,-0.0,0
3987,4,3,1,0.015,-0.32,0.2,-0.018,-0.067,1
3988,9,7,1,0.017,-0.32,-0.153,0.162,-0.0,1
3989,154,71,7,20.173,0.03,0.209,-0.056,-0.007,0
3990,69,36,7,21.015,0.305,-0.325,-0.017,0.029,0
3991,45,18,1,0.055,-0.26,-0.379,0.207,-0.027,1
3992,131,43,12,21.21,0.143,-0.261,-0.016,-0.026,0
3993,5,4,1,0.015,-0.32,-0.436,0.207,-0.067,1
3994,45,22,4,5.988,-0.05,-0.153,-0.005,-0.063,0
3995,103,45,3,7.607,0.112,0.355,-0.102,-0.001,1
3996,5,4,1,0.005,-0.32,-0.436,0.207,0.254,1
3997,4,3,1,0.005,-0.32,-0.436,0.107,-0.067,1
3998,120,53,9,19.025,-0.05,0.01,0.019,-0.046,0
3999,143,64,5,21.495,0.095,-0.026,-0.047,-0.05,0
4000,74,34,6,16.029,0.263,-0.401,0.026,-0.04,0
4001,39,21,5,3.298,-0.078,-0.37,0.158,-0.006,1
4002,135,73,9,19.428,0.099,0.149,-0.079,-0.033,0
4003,56,29,4,3.221,-0.2,0.473,-0.081,0.026,0
4004,72,41,8,19.164,0.054,-0.33,0.016,-0.025,0
4005,16,12,2,7.536,-0.32,0.2,-0.018,-0.067,1
4006,5,3,1,0.001,-0.32,-0.436,0.107,-0.067,1
4007,79,30,13,21.282,-0.32,-0.017,0.031,-0.052,0
4008,18,11,2,11.246,-0.17,0.13,0.051,0.167,0
4009,19,7,5,10.18,-0.32,-0.302,0.239,-0.025,0
4010,39,21,1,0.049,-0.043,0.151,-0.06,-0.042,1
4011,4,3,1,0.083,-0.32,-0.436,0.107,-0.067,1
4012,62,36,9,20.059,-0.32,0.016,0.018,-0.067,0
4013,5,4,1,0.004,-0.32,0.073,0.007,-0.067,1
4014,5,4,1,0.005,-0.32,-0.436,0.107,-0.067,1
4015,41,19,5,14.033,-0.123,0.185,-0.028,0.006,1
4016,7,2,1,0.096,-0.32,-0.436,0.178,-0.039,1
4017,4,2,1,0.007,-0.32,-0.436,0.357,1.789,1
4018,76,29,10,20.052,-0.054,0.267,-0.051,-0.025,0
4019,6,4,1,0.022,-0.32,-0.436,0.107,-0.067,1
4020,125,55,13,17.44,0.133,0.053,-0.062,-0.027,0
4021,238,82,10,21.232,0.19,0.056,-0.062,0.009,0
4022,6,3,1,0.001,-0.32,-0.436,0.107,-0.067,1
4023,16,10,2,0.126,-0.32,0.359,0.107,0.008,1
4024,40,9,3,2.389,-0.32,-0.118,0.044,-0.067,1
4025,41,24,3,10.071,-0.09,0.061,-0.028,-0.043,1
4026,68,25,3,5.011,-0.32,0.5,-0.055,-0.05,1
4027,152,48,13,21.454,-0.107,-0.067,0.011,-0.003,0
4028,63,40,9,15.285,-0.063,0.332,-0.1,-0.035,0
4029,11,6,2,2.309,-0.32,0.027,0.152,-0.067,1
4030,55,25,2,0.257,-0.32,0.212,0.079,0.009,1
4031,57,20,6,21.566,-0.131,0.457,-0.087,-0.011,0
4032,72,41,9,18.943,-0.133,0.094,-0.005,-0.02,0
4033,86,25,5,20.36,0.041,-0.317,0.037,-0.021,0
4034,14,9,3,5.021,-0.32,-0.254,0.071,-0.067,1
4035,62,34,4,11.435,-0.037,0.016,-0.047,-0.045,1
4036,11,5,2,9.232,-0.32,-0.204,0.38,0.188,1
4037,7,4,1,0.012,-0.32,-0.072,0.035,-0.067,1
4038,33,18,3,10.525,0.048,-0.281,0.001,-0.049,1
4039,79,32,12,18.393,0.328,-0.242,-0.033,0.042,0
4040,70,42,3,21.22,-0.185,0.219,-0.001,-0.039,0
4041,22,11,3,4.314,0.048,-0.204,-0.03,-0.058,1
4042,162,51,6,21.497,-0.029,0.193,-0.079,-0.052,0
4043,63,27,6,15.487,-0.32,0.372,0.051,-0.048,1
4044,18,9,2,0.417,-0.32,0.271,-0.032,-0.067,1
4045,42,25,4,14.473,1.092,-0.193,-0.084,0.114,0
4046,17,10,2,4.987,0.156,-0.286,-0.041,-0.032,1
4047,160,59,11,17.389,0.346,-0.245,-0.028,0.01,0
4048,7,6,2,0.14,-0.32,-0.072,0.035,-0.067,1
4049,6,4,1,0.004,-0.32,-0.436,0.274,0.301,1
4050,21,16,1,0.009,-0.32,-0.436,0.155,-0.048,1
4051,10,7,2,5.337,0.624,-0.436,-0.144,0.013,1
4052,28,12,2,0.13,-0.272,-0.072,0.071,-0.06,1
4053,62,42,8,19.001,0.093,-0.436,0.042,-0.032,1
4054,9,2,1,0.01,-0.32,-0.436,0.107,-0.067,1
4055,30,15,5,13.742,0.084,-0.351,0.057,0.2,1
4056,81,45,8,21.462,-0.02,0.224,-0.11,-0.067,0
4057,73,27,7,10.247,-0.283,0.401,-0.065,-0.059,1
4058,32,12,7,21.022,-0.32,0.041,0.013,-0.067,1
4059,79,46,6,18.095,0.141,0.08,-0.026,0.017,0
4060,120,35,10,21.338,0.017,0.2,-0.081,-0.032,0
4061,7,3,1,0.001,-0.32,-0.436,0.107,-0.067,1
4062,92,49,8,21.089,-0.144,0.2,-0.057,-0.065,0
4063,99,36,3,20.911,-0.157,-0.127,0.066,-0.025,0
4064,11,5,3,7.149,-0.32,-0.436,0.107,-0.067,1
4065,164,70,9,16.052,0.107,0.2,-0.092,-0.001,0
4066,15,11,2,1.169,-0.23,-0.436,0.073,-0.067,1
4067,25,17,3,6.925,-0.212,-0.232,0.047,-0.067,1
4068,54,30,7,8.005,-0.17,0.13,-0.032,-0.067,0
4069,6,5,1,0.001,-0.32,-0.012,0.023,-0.067,1
4070,278,73,16,18.19,0.01,-0.088,-0.014,-0.003,0
4071,12,4,4,6.182,-0.32,-0.436,0.149,0.05,1
4072,45,30,4,3.321,-0.08,0.243,-0.005,-0.027,1
4073,5,5,1,0.071,-0.32,0.073,0.007,-0.067,1
4074,23,14,3,9.027,-0.027,-0.325,0.02,0.02,1
4075,21,16,3,2.153,-0.32,-0.436,0.107,-0.067,1
4076,46,17,4,18.944,0.295,-0.436,-0.035,-0.006,0
4077,16,9,1,0.15,-0.32,0.359,0.013,-0.055,1
4078,186,65,4,15.894,-0.081,0.385,-0.055,-0.01,0
4079,5,3,1,0.009,-0.32,-0.436,0.107,-0.067,1
4080,84,53,7,20.783,-0.256,0.412,-0.072,-0.067,0
4081,89,45,9,21.184,0.15,-0.436,0.022,-0.002,0
4082,35,15,2,3.162,0.104,-0.29,0.021,-0.021,1
4083,40,32,6,9.851,0.017,-0.118,-0.018,-0.037,1
4084,20,14,3,11.311,-0.32,-0.181,0.107,-0.067,0
4085,14,13,1,0.083,-0.127,0.473,-0.144,-0.067,1
4086,22,12,1,0.04,-0.32,0.143,-0.007,-0.067,1
4087,47,26,5,13.062,-0.033,0.106,-0.032,-0.033,0
4088,41,21,5,5.329,-0.188,-0.25,0.046,-0.023,0
4089,82,48,5,19.627,0.732,-0.436,0.058,0.459,1
4090,65,27,4,9.26,-0.071,0.386,-0.086,-0.015,1
4091,60,42,3,11.311,-0.073,0.243,-0.085,-0.064,0
4092,7,6,2,6.99,-0.32,-0.072,0.107,0.047,0
4093,32,17,1,0.13,-0.32,0.359,-0.034,-0.067,1
4094,6,5,1,0.001,-0.32,-0.012,0.023,-0.067,1
4095,63,32,4,10.836,0.087,0.13,-0.092,-0.048,1
4096,6,3,1,0.001,-0.32,-0.436,0.19,-0.034,1
4097,71,30,4,13.365,0.288,-0.4,0.008,-0.039,1
4098,23,8,2,1.145,0.149,-0.436,-0.046,-0.067,1
4099,36,22,2,11.824,0.017,0.2,-0.074,-0.056,1
4100,95,55,7,20.187,0.191,0.18,-0.073,0.002,0
4101,41,19,3,17.064,0.239,-0.374,-0.015,0.016,1
4102,308,93,10,20.976,0.087,0.2,-0.069,-0.023,0
4103,5,4,1,0.277,-0.32,0.073,0.007,-0.067,1
4104,68,35,8,18.124,-0.241,0.2,-0.041,-0.067,1
4105,119,49,9,20.929,-0.275,-0.136,0.082,-0.007,1
4106,4,3,1,0.002,-0.32,0.2,0.107,0.033,1
4107,31,11,1,0.021,0.202,0.057,-0.103,-0.041,1
4108,11,6,1,0.797,-0.32,-0.436,0.152,-0.049,1
4109,5,5,1,0.019,-0.32,-0.436,0.207,0.254,1
4110,5,5,1,0.005,-0.32,0.073,0.007,-0.067,1
4111,7,5,1,0.015,-0.32,0.291,-0.036,-0.067,1
4112,43,23,3,10.987,-0.038,0.038,-0.068,-0.063,1
4113,44,22,2,16.031,0.507,-0.436,-0.087,0.015,1
4114,7,6,1,0.01,-0.32,-0.436,0.107,-0.067,1
4115,21,11,3,3.05,0.194,-0.436,0.083,0.114,1
4116,11,10,2,3.793,-0.32,0.258,0.016,-0.067,1
4117,73,23,4,8.285,-0.135,-0.261,0.079,-0.059,0
4118,49,29,5,10.752,-0.017,0.239,-0.057,0.056,1
4119,55,29,4,19.008,-0.124,0.119,-0.003,0.009,1
4120,18,9,3,3.923,-0.32,-0.436,0.19,-0.067,0
4121,26,16,2,1.197,-0.113,0.151,-0.047,-0.029,1
4122,13,9,3,10.261,-0.32,-0.044,0.03,-0.067,1
4123,30,19,3,3.019,-0.05,0.158,-0.06,-0.067,1
4124,4,2,1,0.0,-0.32,-0.436,0.107,-0.067,1
4125,83,38,5,20.246,-0.076,0.024,-0.044,-0.048,1
4126,5,4,2,0.974,-0.32,-0.436,0.107,-0.067,1
4127,95,41,9,21.196,0.077,-0.221,-0.03,-0.055,0
4128,124,64,12,20.995,0.071,-0.005,-0.051,-0.045,0
4129,73,31,7,14.816,-0.025,-0.436,0.086,-0.056,0
4130,17,11,2,1.18,-0.32,0.013,0.077,-0.067,1
4131,8,7,1,0.043,-0.32,-0.436,0.107,-0.067,1
4132,23,15,3,16.205,-0.203,0.117,-0.002,-0.041,1
4133,72,28,4,14.926,-0.095,0.059,-0.032,-0.062,1
4134,51,15,2,10.009,-0.32,-0.436,0.352,0.381,1
4135,117,65,7,16.164,0.014,0.13,-0.056,-0.045,0
4136,5,4,1,0.013,-0.32,-0.436,0.107,-0.067,1
4137,134,70,9,16.901,0.062,0.153,-0.076,-0.039,0
4138,4,4,1,0.013,-0.32,-0.436,0.232,0.133,1
4139,6,5,1,0.003,-0.32,-0.436,0.19,-0.0,1
4140,90,52,7,17.758,-0.05,0.243,-0.077,-0.018,0
4141,8,4,2,3.794,-0.32,-0.436,0.169,0.108,1
4142,16,11,4,7.023,-0.32,0.359,0.075,-0.017,1
4143,5,3,4,6.204,-0.32,-0.436,0.107,-0.067,1
4144,80,42,5,16.665,0.371,0.073,-0.075,-0.015,0
4145,158,62,11,20.824,0.107,0.064,-0.083,-0.029,0
4146,43,22,3,2.168,-0.32,0.452,-0.045,-0.067,1
4147,20,13,4,5.998,-0.253,0.2,-0.044,-0.067,1
4148,80,35,11,20.998,-0.253,0.137,-0.018,-0.062,0
4149,22,7,2,2.614,-0.32,-0.32,0.198,0.143,0
4150,8,5,1,0.04,-0.32,-0.436,1.359,-0.042,1
4151,25,18,3,5.343,0.219,-0.334,0.187,1.434,1
4152,34,18,1,0.036,-0.161,0.537,-0.129,-0.067,1
4153,51,25,5,12.932,0.367,-0.136,-0.109,-0.032,0
4154,8,5,2,0.811,-0.32,-0.436,0.107,-0.067,1
4155,97,54,4,14.883,-0.209,0.351,-0.007,-0.038,0
4156,32,17,2,2.684,-0.236,0.2,0.075,0.039,1
4157,65,29,6,11.048,-0.154,-0.044,0.022,-0.049,0
4158,4,3,2,10.034,-0.32,0.2,-0.018,-0.067,1
4159,9,4,1,0.078,-0.32,-0.436,0.107,-0.067,1
4160,8,3,2,11.214,-0.32,-0.436,0.107,-0.067,1
4161,64,47,6,19.923,-0.151,0.28,-0.034,0.033,0
4162,11,7,1,0.005,-0.32,-0.436,0.107,-0.067,1
4163,26,20,3,1.86,-0.061,-0.24,-0.009,-0.067,1
4164,6,5,1,0.002,-0.32,-0.012,0.023,-0.067,1
4165,17,9,3,5.14,-0.082,-0.436,0.048,-0.044,1
4166,80,46,6,21.162,-0.118,0.296,-0.094,-0.067,0
4167,33,21,3,18.232,0.497,-0.281,-0.015,0.133,0
4168,12,8,2,5.113,-0.32,-0.224,0.274,0.033,1
4169,15,9,2,0.772,-0.32,0.073,0.073,0.187,1
4170,40,20,4,18.981,0.152,-0.436,0.069,-0.017,0
4171,194,64,7,18.698,0.229,-0.278,0.071,0.01,0
4172,77,38,6,16.197,0.013,-0.436,0.016,-0.062,0
4173,43,19,5,13.635,-0.289,0.274,-0.033,-0.035,1
4174,76,33,4,9.996,0.035,0.1,-0.051,-0.028,1
4175,25,22,1,0.104,-0.32,0.582,-0.094,-0.067,1
4176,20,11,3,13.803,0.691,-0.436,-0.119,0.194,1
4177,8,7,1,0.022,-0.32,0.518,-0.081,-0.067,1
4178,34,17,1,0.101,-0.082,0.013,-0.011,-0.05,1
4179,31,16,5,16.747,-0.016,-0.189,0.01,-0.061,1
4180,109,53,5,15.826,0.101,0.008,-0.054,-0.032,0
4181,36,23,3,20.937,-0.058,0.271,-0.06,-0.045,1
4182,63,19,3,5.067,-0.17,-0.072,0.019,-0.016,0
4183,11,8,2,5.034,-0.32,0.258,-0.03,-0.067,1
4184,8,7,1,0.028,-0.32,0.518,-0.081,-0.067,1
4185,7,4,1,0.01,-0.32,-0.072,0.035,-0.067,1
4186,15,7,1,0.02,-0.14,-0.436,0.04,-0.067,1
4187,75,21,3,13.805,0.075,-0.368,0.12,0.002,1
4188,53,32,3,15.589,0.901,-0.436,-0.092,0.016,1
4189,6,5,1,0.013,-0.32,-0.012,0.023,-0.067,1
4190,18,12,2,12.923,-0.32,0.412,-0.06,-0.067,1
4191,85,42,4,20.19,0.061,0.043,-0.046,0.006,0
4192,8,6,2,3.966,-0.32,-0.118,0.044,-0.067,1
4193,47,17,3,9.001,0.34,-0.273,-0.085,-0.063,1
4194,31,20,2,1.885,-0.146,0.303,-0.087,-0.067,1
4195,194,55,10,20.969,-0.132,0.22,-0.053,-0.056,0
4196,18,15,1,0.58,-0.245,-0.436,0.079,-0.067,1
4197,17,10,1,0.033,-0.32,0.163,0.018,-0.02,1
4198,38,17,3,20.909,0.567,-0.302,-0.131,-0.057,0
4199,85,48,3,8.138,-0.003,0.043,-0.011,0.025,0
4201,12,8,2,4.967,0.354,-0.436,-0.018,0.066,1
4202,67,26,6,15.579,-0.32,0.4,0.025,-0.064,1
4203,29,17,1,0.652,-0.088,-0.348,0.141,-0.067,1
4204,94,32,9,20.581,0.024,-0.165,0.048,0.447,0
4205,105,55,13,17.792,0.001,-0.169,-0.008,-0.033,0
4206,4,4,1,0.019,-0.32,0.2,-0.018,-0.067,1
4207,16,11,1,0.005,-0.32,0.2,0.013,-0.017,1
4208,50,26,4,14.05,-0.212,0.429,-0.094,-0.067,1
4209,28,12,1,0.03,0.065,-0.072,-0.054,-0.053,1
4210,30,20,1,0.07,-0.05,0.412,-0.127,-0.067,1
4211,60,32,7,20.275,-0.32,-0.393,0.157,0.444,1
4212,104,50,8,20.027,-0.061,0.2,-0.067,-0.063,0
4213,14,8,1,0.026,0.258,-0.436,-0.108,-0.067,0
4214,17,7,5,4.054,-0.32,-0.136,0.254,-0.02,1
4215,34,13,6,21.104,0.711,-0.436,-0.041,0.269,0
4216,36,11,5,19.96,-0.32,0.342,-0.005,-0.062,0
4217,77,38,8,20.933,0.38,-0.171,-0.056,-0.018,0
4218,16,9,1,0.025,-0.151,0.041,-0.05,-0.067,1
4219,24,15,1,0.051,0.186,-0.33,-0.039,-0.059,1
4220,24,17,2,5.034,-0.32,-0.436,0.107,-0.067,1
4221,13,5,1,0.035,-0.32,-0.24,0.068,-0.067,1
4222,149,54,10,19.831,0.205,-0.367,0.033,0.023,0
4223,10,5,1,0.008,-0.32,-0.181,0.057,-0.067,1
4224,211,67,9,21.126,0.364,-0.412,0.114,-0.016,0
4225,85,21,6,13.007,0.616,-0.406,-0.017,-0.006,0
4226,64,26,6,14.956,-0.257,0.121,-0.026,-0.067,1
4227,57,39,6,18.042,0.082,-0.436,0.01,-0.018,0
4228,41,17,2,20.114,0.502,-0.374,-0.077,0.055,1
4229,20,14,1,0.069,-0.185,0.2,-0.069,-0.067,1
4230,39,17,3,17.451,-0.251,0.151,-0.022,-0.067,0
4231,93,35,9,9.923,-0.204,0.139,-0.028,-0.037,0
4232,4,4,2,12.819,-0.32,0.2,-0.018,-0.067,1
4233,11,10,1,0.018,-0.32,0.49,-0.075,-0.067,1
4234,31,14,2,14.852,-0.016,-0.189,0.026,0.062,1
4235,33,19,2,0.8,0.007,-0.359,0.031,-0.067,1
4236,41,16,2,0.815,-0.287,0.557,-0.101,-0.067,1
4237,123,29,7,14.082,-0.254,0.226,-0.04,-0.061,0
4238,41,32,5,12.994,-0.188,0.061,-0.015,-0.018,1
4239,114,69,11,20.836,0.106,0.1,-0.073,-0.034,0
4240,42,14,5,7.551,-0.127,-0.436,0.274,5.113,1
4241,25,15,2,1.573,0.111,0.175,-0.114,-0.067,1
4242,4,3,1,0.032,-0.32,-0.436,0.107,-0.067,1
4243,11,8,2,4.528,0.293,-0.204,-0.075,0.097,1
4244,14,6,1,0.007,0.065,-0.436,-0.001,-0.053,1
4245,54,19,6,10.819,-0.095,-0.059,-0.005,-0.012,1
4246,48,30,2,12.109,0.045,0.041,-0.039,0.004,1
4247,5,3,1,0.023,-0.32,-0.436,0.107,-0.067,1
4248,48,29,4,8.013,0.157,-0.383,0.013,-0.013,0
4249,6,6,1,0.019,-0.32,-0.012,0.023,-0.067,1
4250,86,42,5,8.958,-0.226,0.304,-0.039,-0.06,1
4251,98,37,5,18.029,0.093,-0.358,0.04,0.002,0
4252,8,5,1,0.002,0.523,-0.436,-0.206,-0.067,1
4253,4,2,1,0.0,-0.32,-0.436,0.232,-0.017,1
4254,4,3,1,0.003,-0.32,-0.436,0.107,-0.067,1
4255,6,5,1,0.017,-0.32,-0.436,0.19,-0.067,1
4256,8,6,1,0.012,-0.32,-0.118,0.044,-0.067,1
4257,38,31,2,18.629,-0.107,0.368,-0.065,0.033,0
4258,6,3,1,0.002,-0.32,-0.436,0.107,-0.067,1
4259,57,37,3,16.026,-0.32,0.279,-0.025,-0.067,1
4260,5,2,1,0.069,-0.32,-0.436,0.107,-0.067,1
4261,81,33,5,20.99,0.013,0.004,-0.035,-0.023,1
4262,25,15,2,1.064,0.111,0.073,-0.094,-0.043,1
4263,26,17,2,6.045,0.095,0.347,-0.105,-0.052,1
4264,55,17,9,14.05,-0.32,-0.158,0.052,-0.067,1
4265,8,4,1,0.001,-0.32,-0.118,0.107,-0.042,1
4266,8,7,1,0.049,-0.32,-0.436,0.107,-0.067,1
4267,13,9,2,9.036,0.095,-0.24,-0.009,-0.052,1
4268,10,8,1,0.003,-0.32,0.073,0.007,-0.067,1
4269,5,4,1,0.002,-0.05,-0.436,0.007,-0.067,1
4270,38,26,3,18.998,0.106,0.1,-0.104,-0.057,1
4271,54,20,2,12.925,0.304,-0.341,-0.005,-0.023,1
4272,19,17,3,19.578,-0.036,-0.034,-0.078,-0.067,1
4273,21,12,2,1.959,-0.192,-0.436,0.059,-0.067,1
4274,52,28,3,4.658,-0.216,0.054,0.068,-0.029,1
4275,35,24,5,11.008,-0.089,-0.218,0.007,-0.067,0
4276,79,30,8,16.71,-0.047,-0.371,0.05,-0.017,0
4277,27,23,2,5.761,-0.32,0.507,-0.079,-0.067,1
4278,53,29,3,7.218,-0.066,0.188,0.116,2.822,1
4279,23,7,1,0.036,-0.32,0.449,0.02,-0.059,1
4280,44,19,5,19.482,-0.259,-0.031,0.027,-0.054,0
4281,5,4,1,0.001,-0.32,0.073,0.107,0.013,1
4282,44,28,2,2.525,-0.197,0.432,-0.087,-0.035,1
4283,15,8,3,2.934,-0.32,0.073,0.04,-0.067,1
4284,178,33,6,20.996,-0.146,-0.021,-0.014,-0.062,1
4285,69,32,8,17.957,-0.164,0.376,-0.067,0.503,1
4286,55,22,4,18.01,-0.222,0.582,-0.103,-0.005,1
4287,49,6,11,19.008,-0.32,-0.436,0.148,0.064,1
4288,174,69,16,20.575,0.091,0.31,-0.112,-0.036,0
4289,26,16,4,3.94,-0.061,0.054,-0.047,-0.021,1
4290,7,4,1,0.468,-0.32,0.291,-0.036,-0.067,1
4291,258,73,12,20.661,-0.033,-0.12,0.072,0.039,0
4292,7,5,1,0.0,-0.32,-0.436,0.107,-0.067,1
4293,8,5,2,1.014,-0.32,-0.118,0.107,0.384,1
4294,7,6,1,0.019,-0.32,-0.436,0.107,-0.067,1
4295,69,36,5,19.907,-0.066,0.339,-0.104,-0.029,0
4296,11,7,2,1.892,-0.32,0.027,0.016,-0.067,1
4297,4,3,1,0.003,-0.32,-0.436,0.107,-0.067,1
4298,4,3,1,0.002,-0.32,-0.436,0.357,0.334,1
4299,164,57,10,18.875,0.181,-0.389,0.021,0.013,0
4300,61,24,7,12.423,-0.077,-0.269,0.0,-0.067,1
4301,110,44,11,20.944,-0.259,0.096,0.016,-0.025,0
4302,19,11,2,8.013,0.248,0.1,-0.157,-0.025,1
4303,43,10,3,1.681,-0.32,0.629,-0.103,-0.067,1
4304,84,49,3,7.386,0.306,0.17,-0.102,0.124,0
4305,200,88,5,20.967,0.408,0.2,-0.134,-0.025,1
4306,6,5,2,4.032,-0.32,-0.436,0.19,-0.067,0
4307,12,5,2,6.998,-0.32,-0.436,0.149,0.083,1
4308,50,23,6,11.969,-0.266,0.124,-0.013,-0.055,1
4309,117,44,5,15.0,0.118,0.217,-0.069,-0.036,0
4310,10,6,2,4.972,-0.32,-0.436,0.107,-0.067,1
4311,160,63,8,18.534,-0.109,0.423,-0.075,0.145,0
4312,72,33,7,20.002,0.054,-0.365,0.023,0.022,0
4313,11,10,1,0.444,-0.32,0.49,-0.03,0.024,1
4314,129,42,9,20.961,0.088,-0.021,-0.068,0.193,0
4315,9,7,3,17.951,-0.32,0.13,-0.005,-0.067,1
4316,118,41,4,13.018,0.068,-0.134,-0.012,-0.015,0
4317,47,31,2,12.18,0.053,0.16,-0.053,0.065,1
4318,9,8,1,0.043,-0.32,-0.436,0.162,0.334,1
4319,34,14,2,3.907,-0.32,0.537,-0.085,-0.067,0
4320,22,15,2,0.734,0.048,0.143,-0.075,-0.067,1
4321,16,10,2,9.7,0.017,0.041,-0.05,1.162,0
4322,5,4,1,0.006,-0.32,0.073,0.007,-0.067,1
4323,121,43,7,17.872,0.259,-0.141,0.012,0.017,0
4324,11,6,1,0.343,-0.32,0.258,-0.03,-0.067,1
4325,73,41,5,20.873,0.326,-0.331,0.004,0.023,0
4326,23,11,2,11.552,0.676,-0.436,-0.046,2.926,1
4327,68,29,5,20.974,0.017,0.425,-0.1,0.151,0
4328,117,63,6,17.034,0.152,0.26,-0.077,0.679,0
4329,48,25,9,21.06,0.41,-0.224,-0.039,0.961,0
4330,81,30,5,4.543,-0.22,0.098,0.033,0.232,1
4331,203,62,10,20.681,0.191,-0.348,0.025,0.07,0
4332,133,42,8,20.37,-0.249,-0.321,0.182,0.008,0
4333,132,51,10,20.307,-0.197,-0.127,0.027,0.006,0
4334,130,54,10,17.634,0.084,-0.357,0.018,-0.04,0
4335,93,43,6,19.495,0.202,-0.436,-0.017,-0.037,0
4336,88,60,5,14.164,-0.213,0.461,-0.104,-0.067,0
4337,51,30,2,11.046,-0.109,0.063,-0.031,-0.056,1
4338,11,5,1,0.002,-0.32,0.027,0.198,0.188,1
4339,4,2,1,0.0,-0.32,-0.436,0.107,-0.067,1
4340,67,43,8,14.583,-0.018,-0.246,0.002,-0.007,0
4341,4,3,1,0.0,-0.32,-0.436,0.107,-0.067,1
4342,114,39,8,14.071,-0.296,0.256,-0.021,-0.037,0
4343,179,67,5,14.023,-0.109,0.19,-0.036,-0.006,0
4345,17,11,2,0.458,-0.32,0.462,-0.07,-0.067,1
4346,62,26,9,12.365,-0.298,-0.066,0.107,-0.061,1
4347,69,49,6,19.386,-0.046,0.154,-0.104,-0.067,0
4348,49,30,8,15.399,-0.072,0.135,-0.047,-0.01,0
4349,122,46,6,15.535,-0.198,0.294,-0.074,-0.053,0
4350,21,18,2,7.1,-0.32,0.534,-0.084,-0.067,1
4351,11,8,1,0.094,-0.32,0.027,0.107,0.006,1
4352,13,10,3,3.426,-0.32,0.347,-0.009,0.288,1
4353,8,7,2,0.291,-0.32,-0.436,0.232,0.033,1
4354,33,18,5,11.154,-0.075,0.258,-0.075,-0.049,1
4355,19,6,1,0.023,-0.32,-0.436,0.344,0.017,1
4356,5,4,2,8.113,-0.32,-0.436,0.107,-0.067,1
4357,9,4,1,0.004,0.579,-0.436,0.051,0.089,0
4358,27,13,3,10.195,-0.32,0.507,-0.06,-0.038,1
4359,147,49,6,17.087,-0.109,0.101,-0.006,-0.01,0
4360,19,12,2,7.044,-0.32,-0.034,0.107,-0.004,1
4361,31,23,2,1.587,-0.059,0.221,-0.087,-0.067,1
4362,23,8,3,2.354,-0.32,0.117,-0.002,-0.067,1
4363,9,8,3,8.222,-0.32,-0.436,0.329,0.312,1
4364,92,43,6,16.555,-0.173,0.532,-0.122,-0.056,0
4365,8,6,1,0.066,-0.32,0.2,-0.018,-0.067,1
4366,60,24,4,20.517,-0.23,-0.012,0.115,-0.027,1
4367,147,70,9,16.57,0.056,0.118,-0.047,-0.006,0
4368,70,35,5,5.899,-0.204,0.0,0.071,0.033,1
4369,7,5,2,4.112,-0.32,0.655,-0.108,-0.067,1
4370,4,4,1,0.02,-0.32,0.2,-0.018,-0.067,1
4371,35,22,2,0.599,-0.32,0.219,0.064,-0.004,1
4372,201,74,8,18.48,0.076,0.058,-0.075,-0.046,0
4373,16,10,1,0.066,0.017,-0.436,0.075,-0.042,1
4374,35,23,2,1.049,-0.166,0.437,-0.079,-0.027,1
4375,5,5,1,0.022,-0.32,-0.436,0.107,-0.067,1
4376,113,43,11,20.397,-0.058,-0.256,0.036,-0.028,0
4377,4,3,1,0.001,-0.32,0.2,-0.018,-0.067,1
4378,77,45,5,14.418,-0.127,0.225,-0.082,-0.059,0
4379,34,22,2,0.265,-0.003,0.313,-0.085,-0.002,0
4380,42,20,3,2.067,-0.095,0.534,-0.108,0.009,1
4381,14,11,2,0.237,0.065,-0.436,-0.001,-0.067,1
4382,135,54,8,14.135,-0.02,0.356,-0.108,-0.049,0
4383,32,17,5,12.265,0.186,-0.436,0.028,-0.017,0
4384,117,43,13,20.214,-0.159,-0.349,0.03,-0.067,0
4385,68,28,3,6.56,-0.221,0.35,-0.07,-0.047,1
4386,126,49,12,19.124,-0.192,-0.173,0.059,0.012,0
4387,99,30,6,18.414,0.211,-0.333,-0.015,0.012,0
4388,87,37,10,19.361,-0.119,-0.436,0.107,0.002,0
4389,106,43,4,14.433,0.125,-0.436,0.008,-0.026,0
4390,15,7,2,0.394,-0.32,-0.436,0.207,0.12,1
4391,135,27,6,17.501,0.069,-0.285,-0.001,-0.026,0
4392,99,52,8,15.122,0.075,0.207,-0.096,-0.045,0
4393,10,7,1,0.002,0.354,-0.181,-0.144,-0.067,1
4394,46,29,4,3.937,-0.086,0.283,-0.1,-0.045,1
4395,77,39,3,14.482,-0.022,0.192,-0.062,-0.044,0
4396,15,6,5,6.295,-0.32,-0.266,0.107,-0.067,1
4397,12,8,3,2.476,-0.32,-0.012,0.023,-0.067,1
4398,89,38,7,20.472,-0.169,-0.236,0.056,-0.043,0
4399,84,51,4,18.032,0.049,0.11,-0.06,-0.041,0
4400,83,22,8,16.032,-0.223,0.116,0.052,0.003,1
4401,68,30,5,12.3,0.037,0.088,-0.07,-0.05,0
4402,27,12,3,13.447,0.229,-0.341,-0.079,-0.03,1
4403,95,46,6,15.056,0.12,-0.061,0.001,-0.017,1
4404,5,4,1,0.002,-0.32,0.073,0.007,-0.067,1
4405,131,67,4,15.162,0.102,0.03,-0.042,0.011,0
4406,178,52,6,20.487,-0.131,0.236,0.042,-0.031,0
4407,206,65,13,20.209,0.02,-0.312,0.134,-0.024,0
4408,7,7,1,0.014,-0.32,0.291,-0.036,-0.067,1
4409,17,7,5,10.381,-0.32,0.163,0.048,-0.032,1
4410,70,21,5,17.319,-0.204,0.219,0.007,-0.044,1
4411,5,5,2,0.037,-0.32,-0.436,0.107,-0.067,1
4412,16,6,3,1.984,0.186,-0.277,-0.018,-0.03,1
4414,7,6,2,1.988,-0.32,-0.072,0.035,-0.067,1
4415,76,30,11,18.297,0.07,-0.101,-0.058,-0.059,0
4416,38,18,3,1.379,-0.036,-0.436,0.041,-0.057,0
4417,189,71,6,18.318,0.03,0.278,-0.079,0.003,0
4418,11,7,1,0.014,-0.32,0.027,0.016,-0.067,1
4419,67,23,4,4.506,-0.32,0.552,-0.073,-0.067,1
4420,49,25,1,0.312,-0.127,0.551,-0.036,-0.018,0
4421,66,24,2,13.336,0.701,-0.397,-0.06,-0.003,1
4422,9,5,2,19.933,-0.32,0.13,0.051,0.156,1
4423,26,23,1,0.822,-0.164,0.054,-0.028,-0.06,1
4424,9,6,1,0.002,-0.32,-0.153,0.051,-0.067,1
4425,18,13,4,9.174,-0.32,-0.153,0.051,-0.067,1
4426,62,33,4,8.221,-0.081,0.385,-0.095,0.004,1
4427,155,64,16,19.965,0.028,-0.272,0.032,-0.032,0
4428,34,25,3,17.156,-0.082,0.163,-0.041,0.027,1
4429,94,44,9,15.229,-0.148,0.349,-0.069,-0.037,0
4430,108,39,5,19.322,0.142,-0.271,0.014,0.033,0
4431,41,27,1,0.881,0.009,0.309,-0.113,-0.033,1
4432,102,45,4,13.81,0.341,-0.411,-0.016,-0.016,1
4433,13,6,6,17.3,-0.32,-0.24,0.068,-0.067,1
4434,6,5,1,0.018,-0.32,-0.436,0.19,-0.067,1
4435,66,31,4,12.004,-0.054,0.065,-0.03,-0.034,1
4436,13,7,1,0.029,-0.32,0.543,-0.086,-0.067,1
4437,10,9,2,1.836,-0.32,-0.181,0.057,-0.067,1
4438,44,18,3,7.033,0.048,-0.147,-0.018,-0.017,1
4439,15,8,1,0.276,-0.32,-0.436,0.174,0.013,1
4440,89,48,4,14.267,0.165,0.136,-0.068,-0.058,0
4441,6,3,2,1.121,-0.32,-0.436,0.19,0.033,1
4442,11,7,1,0.024,-0.32,0.49,-0.075,-0.067,1
4443,13,9,3,11.198,-0.32,-0.044,0.03,-0.067,1
4444,118,52,5,20.324,0.354,-0.069,-0.05,0.001,0
4445,129,55,6,20.322,-0.08,0.097,-0.033,-0.06,0
4446,20,9,3,7.925,-0.05,-0.436,0.032,-0.067,0
4447,10,7,1,0.003,-0.32,0.073,0.057,-0.007,1
4448,74,30,3,4.249,-0.229,0.424,-0.083,-0.059,1
4449,70,32,5,7.311,0.296,-0.436,-0.029,-0.047,0
4450,71,31,6,16.781,-0.282,0.389,-0.048,-0.056,1
4451,5,5,1,0.009,-0.32,0.073,0.007,-0.067,1
4452,14,13,1,0.032,-0.127,0.291,-0.072,0.062,1
4453,12,5,2,1.776,0.466,-0.436,0.023,0.05,1
4454,148,72,6,19.837,0.354,0.114,-0.11,-0.018,0
4455,27,15,1,0.153,-0.12,0.412,-0.079,0.111,1
4456,9,6,1,0.023,-0.32,-0.436,0.162,-0.045,1
4457,38,28,2,8.216,-0.143,0.234,-0.051,-0.067,1
4458,192,48,16,20.178,-0.194,-0.316,0.162,0.082,0
4459,56,22,4,19.838,0.186,-0.345,0.026,-0.031,0
4460,9,4,2,16.167,-0.32,-0.436,0.107,-0.067,1
4461,36,10,2,16.126,-0.32,0.342,-0.046,-0.067,1
4462,27,19,4,16.201,0.129,-0.247,-0.023,-0.0,1
4463,23,10,4,5.18,-0.261,-0.214,0.041,-0.067,1
4464,10,7,2,10.306,-0.32,0.328,-0.044,-0.067,1
4465,72,44,3,9.929,-0.02,0.2,-0.074,-0.045,1
4466,61,24,4,9.105,-0.165,-0.352,0.214,0.005,1
4467,19,12,1,0.03,0.035,-0.436,0.16,-0.036,1
4468,4,3,1,0.015,-0.32,-0.436,0.107,-0.067,1
4469,13,10,1,0.039,0.406,0.151,-0.202,-0.036,1
4470,31,9,3,20.025,-0.32,0.139,-0.006,-0.067,0
4471,102,52,6,14.742,0.301,-0.411,-0.011,-0.038,0
4472,16,13,1,0.092,-0.32,-0.436,0.107,-0.067,1
4473,23,10,2,0.998,-0.32,-0.214,0.085,-0.024,1
4474,42,21,3,13.78,0.065,-0.375,-0.013,-0.029,1
4475,28,14,2,7.169,-0.32,0.019,0.035,0.062,1
4476,115,53,10,18.198,-0.074,0.117,-0.002,0.058,1
4477,11,10,1,0.052,0.17,-0.436,0.061,0.152,1
4478,154,66,7,19.217,0.144,0.225,-0.108,-0.031,0
4479,58,33,3,14.965,-0.134,0.003,0.038,-0.043,1
4480,51,27,2,0.99,-0.056,0.013,-0.05,-0.059,1
4481,69,36,3,13.956,0.149,-0.03,-0.031,-0.047,0
4482,55,29,2,1.223,-0.05,0.258,-0.075,0.024,0
4483,22,14,2,1.152,-0.32,0.143,0.084,0.006,1
4484,89,27,4,9.108,-0.244,0.336,-0.051,-0.038,1
4485,48,25,5,4.076,-0.095,0.359,-0.102,-0.055,1
4486,41,16,1,0.274,-0.024,0.123,-0.003,0.089,0
4487,61,37,3,11.904,-0.32,0.19,0.025,-0.048,1
4488,21,11,3,5.728,-0.32,0.049,0.035,0.038,1
4489,135,56,5,15.773,0.359,-0.021,-0.131,-0.046,0
4490,42,17,2,3.942,0.996,-0.375,0.095,-0.029,1
4491,5,4,1,0.0,-0.32,-0.436,0.207,-0.067,1
4492,70,46,6,19.687,-0.07,0.255,-0.086,-0.042,1
4493,9,7,2,2.695,-0.17,-0.153,0.162,0.044,1
4494,13,10,3,20.216,0.199,-0.436,-0.009,-0.052,0
4495,30,15,1,0.053,-0.005,0.073,-0.06,-0.067,1
4496,151,53,10,20.188,-0.088,0.154,-0.056,-0.041,0
4497,29,11,3,20.107,0.377,-0.436,-0.083,-0.067,0
4498,11,6,2,1.66,-0.32,-0.436,0.152,0.06,0
4499,43,27,4,13.219,-0.069,0.156,-0.021,0.077,0
4500,8,7,1,0.123,-0.32,0.2,-0.018,-0.067,1
4501,146,51,6,19.962,-0.061,0.105,-0.058,-0.051,0
4502,15,10,4,5.158,-0.32,-0.436,0.107,-0.067,1
4503,42,26,4,20.162,-0.095,0.17,-0.024,-0.024,1
4504,29,16,2,7.015,-0.134,0.266,-0.031,-0.04,1
4505,45,32,4,15.578,-0.11,0.186,-0.082,-0.063,0
4506,23,18,1,0.067,0.149,-0.325,-0.024,-0.024,1
4507,5,3,1,0.003,-0.32,0.073,0.007,-0.067,1
4508,8,7,2,0.787,-0.32,0.2,-0.018,-0.067,0
4509,12,6,4,13.513,-0.32,0.412,-0.06,-0.067,1
4510,82,54,6,14.936,0.075,0.278,-0.052,0.026,1
4511,85,34,5,13.692,0.156,-0.166,-0.058,-0.027,0
4512,34,18,4,16.167,-0.003,-0.361,0.063,-0.05,0
4513,5,4,1,0.011,-0.32,0.073,0.207,0.214,1
4514,11,6,1,0.03,-0.32,-0.436,0.107,-0.067,0
4515,187,52,9,20.075,-0.068,-0.218,0.134,-0.035,0
4516,47,30,7,10.555,-0.177,0.268,-0.064,0.01,1
4517,144,73,4,13.675,0.186,-0.029,-0.05,-0.035,0
4518,141,63,7,16.001,0.072,0.214,-0.103,-0.032,0
4519,41,26,2,1.142,0.009,0.371,-0.125,-0.053,0
4520,94,58,4,17.072,-0.263,0.403,-0.058,0.012,0
4521,15,7,2,2.65,0.489,-0.436,-0.127,-0.067,1
4522,45,19,2,0.84,-0.08,0.073,-0.038,-0.027,1
4523,14,5,2,3.625,0.065,-0.436,-0.001,-0.039,1
4524,20,9,1,0.085,-0.32,0.2,-0.018,-0.067,1
4525,88,35,9,20.057,-0.167,-0.031,0.05,-0.056,0
4526,41,31,5,12.995,0.009,0.247,-0.125,-0.067,1
4527,17,8,1,0.673,1.187,-0.436,-0.158,0.098,1
4528,27,22,2,3.734,-0.32,0.507,-0.079,-0.067,1
4529,5,4,1,0.02,-0.32,0.073,0.007,-0.067,1
4530,18,13,3,3.102,-0.32,0.13,-0.005,-0.067,1
4531,77,39,4,14.938,0.328,-0.436,-0.036,-0.031,1
4532,4,4,1,0.003,-0.32,-0.436,0.107,-0.067,1
4533,23,15,3,13.12,-0.203,-0.325,0.041,-0.067,1
4534,19,14,3,2.75,-0.32,-0.168,0.054,-0.067,1
4535,13,13,1,0.049,-0.32,0.543,-0.086,-0.067,1
4536,53,31,6,18.997,0.062,-0.292,0.003,-0.033,0
4537,46,18,1,0.09,-0.32,0.726,-0.111,-0.05,1
4538,5,3,2,0.741,-0.32,-0.436,0.207,-0.027,1
4539,16,8,1,0.609,-0.32,-0.277,0.389,-0.042,1
4540,22,8,1,0.033,-0.32,-0.436,0.243,0.033,1
4541,74,19,10,17.068,0.172,-0.401,0.039,0.0,0
4542,43,17,4,19.655,0.37,-0.317,-0.045,-0.002,0
4543,85,53,9,19.835,0.029,0.163,-0.094,-0.067,0
4544,13,9,2,2.017,-0.32,0.151,-0.009,-0.067,1
4545,58,31,4,20.0,0.005,0.135,-0.057,-0.029,1
4546,78,51,6,16.004,0.008,0.119,-0.086,-0.054,0
4547,10,6,1,0.088,-0.32,0.073,0.007,-0.067,1
4548,6,6,1,0.014,-0.32,0.412,-0.06,-0.067,1
4549,58,33,4,19.128,-0.134,-0.172,0.02,-0.057,0
4550,25,16,1,0.107,0.111,0.175,-0.094,-0.003,1
4551,139,55,9,18.779,0.146,-0.271,0.056,-0.007,0
4552,5,3,1,0.011,-0.32,0.582,-0.094,-0.067,1
4553,104,45,8,20.079,0.004,-0.313,-0.018,-0.067,0
4554,19,11,3,3.019,-0.32,0.636,-0.104,-0.067,1
4555,10,8,1,0.482,-0.32,0.328,0.057,-0.007,1
4556,18,16,1,0.055,-0.32,0.412,-0.06,-0.067,1
4557,46,31,4,5.995,-0.086,0.283,-0.089,-0.054,1
4558,62,33,9,19.522,-0.146,-0.107,0.018,-0.064,1
4559,35,27,1,0.171,0.219,0.364,-0.137,0.053,1
4560,6,6,1,0.015,-0.32,0.412,-0.06,-0.067,1
4561,36,18,3,18.042,0.391,-0.224,-0.018,0.05,0
4562,13,7,1,0.091,-0.32,-0.24,0.145,0.056,1
4563,16,14,1,0.045,-0.151,0.359,-0.112,-0.067,1
4564,37,28,4,20.128,-0.211,0.321,-0.042,0.182,0
4565,6,4,1,0.012,-0.32,-0.436,0.107,-0.067,1
4566,5,5,1,0.003,-0.32,0.073,0.007,-0.067,1
4567,99,39,7,20.105,-0.02,0.335,-0.091,-0.004,0
4568,55,41,5,18.993,-0.271,0.258,0.007,-0.056,0
4569,196,66,4,14.797,0.106,0.045,-0.067,-0.024,0
4570,4,4,1,0.009,-0.32,-0.436,0.107,-0.067,1
4571,17,15,4,17.843,-0.32,-0.286,0.107,-0.067,1
4572,52,25,5,11.999,-0.216,-0.191,0.02,-0.067,0
4573,30,18,3,6.552,-0.095,0.243,-0.094,-0.067,0
4574,110,68,9,19.986,0.011,0.212,-0.089,-0.034,0
4575,6,5,1,0.003,-0.32,-0.012,0.023,-0.067,1
4576,35,16,2,12.758,0.45,-0.218,-0.094,-0.016,1
4577,23,17,1,0.09,0.266,-0.436,0.02,-0.024,1
4578,7,6,1,0.016,-0.32,-0.072,0.035,-0.067,1
4579,165,81,7,19.98,-0.067,0.104,-0.009,-0.017,0
4580,58,30,4,7.677,-0.064,0.135,-0.066,-0.067,1
4581,87,24,9,11.018,0.083,-0.289,-0.008,-0.047,0
4582,28,9,2,0.741,-0.32,-0.436,0.268,0.083,1
4583,211,67,10,18.662,-0.071,-0.014,-0.043,-0.06,0
4584,45,32,5,17.05,-0.05,0.243,-0.094,-0.054,0
4585,60,30,8,15.028,-0.14,-0.054,-0.01,-0.067,0
4586,22,9,6,5.384,-0.32,-0.089,0.152,0.298,1
4587,145,54,8,13.753,0.033,0.021,-0.021,-0.034,0
4588,57,22,4,14.965,0.2,-0.436,-0.007,0.13,0
4589,47,28,2,0.989,-0.177,0.376,-0.021,-0.033,1
4590,9,6,1,0.008,0.579,-0.436,-0.172,-0.067,1
4591,15,5,4,6.616,-0.32,-0.436,0.107,-0.067,1
4592,15,7,3,8.834,-0.32,-0.096,0.107,-0.0,1
4593,7,7,1,0.025,-0.32,0.291,-0.036,-0.067,1
4594,29,13,2,0.592,0.145,-0.436,0.176,0.383,1
4595,26,12,2,13.812,-0.009,-0.24,-0.009,-0.052,1
4596,97,38,10,18.866,-0.237,0.194,0.003,-0.03,0
4597,77,21,11,18.985,-0.145,-0.436,0.146,0.128,0
4598,7,3,2,3.004,-0.32,-0.436,0.107,-0.067,1
4599,85,31,7,11.846,-0.019,-0.076,-0.052,-0.06,0
4600,14,6,2,1.551,-0.32,-0.072,0.178,0.033,0
4601,25,14,3,14.868,1.082,-0.436,-0.154,0.005,0
4602,6,4,1,0.018,-0.32,-0.436,0.107,-0.067,1
4603,60,26,5,19.975,0.242,-0.436,0.032,-0.047,1
4604,58,29,3,2.467,-0.134,0.178,0.029,0.033,1
4605,70,23,3,15.051,0.316,-0.327,0.007,0.225,1
4606,31,12,2,0.69,-0.059,-0.436,0.188,-0.054,1
4607,13,8,1,0.306,0.302,-0.436,0.068,0.087,1
4608,39,17,2,0.793,0.026,0.021,0.081,0.015,1
4609,4,4,1,0.002,0.691,-0.436,-0.018,0.786,1
4610,36,15,3,5.877,-0.058,0.059,-0.005,-0.045,1
4611,64,31,9,19.055,-0.32,0.479,-0.05,-0.042,0
4612,4,3,1,0.002,-0.32,0.2,-0.018,-0.067,1
4613,11,8,2,0.975,0.415,-0.436,-0.075,-0.031,1
4614,6,5,1,0.009,-0.32,-0.436,0.107,-0.067,1
4615,19,11,1,0.262,-0.32,0.636,-0.078,-0.067,0
4616,31,13,4,4.866,-0.32,0.385,0.01,-0.003,1
4617,5,4,1,0.012,-0.32,0.073,0.007,-0.067,1
4618,11,10,2,0.713,-0.197,0.258,-0.075,-0.067,1
4619,9,7,2,1.852,-0.32,0.412,-0.06,-0.067,1
4620,101,53,5,14.125,0.147,-0.159,0.151,4.511,1
4621,13,10,2,0.976,0.406,-0.044,0.03,0.35,0
4622,4,3,2,0.453,-0.32,0.2,-0.018,-0.067,1
4623,10,5,2,2.139,-0.32,0.073,0.057,0.113,1
4624,15,12,1,0.047,-0.32,0.412,-0.06,-0.067,1
4625,182,43,8,11.19,-0.201,0.068,-0.009,-0.036,0
4626,4,3,1,0.002,-0.32,-0.436,0.107,-0.067,1
4627,10,7,1,0.032,0.354,-0.436,-0.044,0.434,1
4628,16,5,1,0.081,-0.32,-0.436,0.107,-0.067,1
4629,94,47,2,15.629,0.067,0.079,-0.053,-0.037,0
4630,32,13,4,18.09,0.186,-0.436,-0.018,0.002,1
4631,100,34,4,12.645,-0.293,0.328,-0.049,-0.065,0
4632,71,25,4,3.635,-0.32,0.639,-0.098,-0.062,1
4633,163,53,9,19.603,0.085,-0.295,0.088,0.035,0
4634,23,17,4,19.609,-0.086,-0.436,0.063,-0.067,0
4635,40,27,1,0.12,0.017,0.328,-0.144,-0.067,1
4636,25,17,1,0.045,0.004,0.379,-0.134,-0.059,1
4637,139,52,7,15.294,0.388,-0.381,0.172,0.109,0
4638,52,33,3,19.52,-0.035,0.151,-0.096,-0.067,1
4639,20,11,3,15.924,0.624,-0.436,-0.044,0.163,0
4640,125,48,13,13.974,0.241,-0.436,0.055,0.011,0
4641,104,44,8,11.44,0.004,0.274,-0.081,-0.04,0
4642,42,25,1,0.079,-0.32,0.11,0.107,-0.02,1
4643,4,3,1,0.0,-0.32,-0.436,0.107,-0.067,1
4644,27,16,5,3.175,0.079,0.318,-0.079,0.126,1
4645,11,9,2,5.183,-0.32,0.027,0.061,0.006,1
4646,169,75,7,15.546,0.151,0.167,-0.065,-0.004,0
4647,68,42,5,18.025,0.176,-0.436,0.004,0.054,1
4648,112,48,7,11.215,0.053,0.359,-0.086,0.01,0
4649,60,18,6,17.57,0.264,-0.308,-0.01,-0.02,0
4650,14,11,3,8.27,-0.127,0.11,-0.036,-0.067,0
4651,5,4,2,0.371,-0.32,-0.436,0.107,-0.067,1
4652,12,10,1,0.004,0.129,-0.012,-0.102,-0.067,1
4653,4,3,1,0.002,-0.32,-0.436,0.107,-0.067,1
4654,40,24,4,2.399,-0.219,0.455,-0.106,-0.067,1
4655,21,11,2,16.534,-0.32,-0.436,0.107,-0.067,1
4656,282,76,7,15.495,0.024,0.322,-0.099,-0.031,0
4657,12,6,1,0.033,-0.32,-0.224,0.065,-0.067,1
4658,25,14,3,17.531,-0.212,-0.334,0.107,-0.051,1
4659,10,6,2,0.167,0.489,-0.436,-0.094,-0.027,1
4660,12,7,1,0.075,-0.32,0.2,0.023,-0.0,1
4661,6,6,1,0.025,-0.32,-0.436,0.107,-0.067,1
4662,17,6,1,0.082,-0.32,0.612,-0.07,-0.067,1
4663,71,32,3,19.011,0.25,-0.4,0.015,-0.016,0
4664,105,52,4,13.493,0.219,0.219,-0.084,0.034,1
4665,9,7,1,0.041,-0.32,0.412,-0.06,-0.067,1
4666,75,26,5,19.544,0.381,-0.436,-0.027,0.091,0
4667,72,24,8,18.45,-0.114,-0.082,0.03,-0.017,0
4668,95,26,6,13.188,-0.022,0.154,-0.078,-0.036,1
4669,71,36,5,17.476,-0.149,0.066,-0.006,-0.033,0
4670,78,34,8,10.803,0.078,-0.207,0.01,-0.0,0
4671,7,2,1,0.002,-0.32,-0.436,0.107,-0.067,1
4672,50,14,4,18.164,0.084,-0.436,0.027,0.25,0
4673,176,72,8,18.203,0.101,0.157,-0.092,-0.03,0
4674,154,67,8,14.397,-0.057,0.291,-0.095,-0.056,0
4675,125,45,8,15.095,-0.007,0.379,-0.106,-0.018,0
4676,4,3,1,0.001,-0.32,0.2,-0.018,-0.067,1
4677,30,19,3,13.315,-0.095,0.073,-0.044,-0.054,1
4678,113,48,6,14.249,-0.01,-0.008,-0.035,-0.019,0
4679,118,40,8,18.224,-0.069,0.233,-0.08,-0.037,0
4680,4,2,1,0.001,-0.32,-0.436,0.107,-0.067,1
4681,10,7,2,1.031,-0.32,-0.436,0.107,-0.067,1
4682,84,40,6,19.359,0.033,-0.133,-0.007,-0.024,0
4683,11,6,2,0.325,-0.32,0.027,0.061,-0.049,1
4684,80,59,6,17.418,-0.084,0.391,-0.106,-0.042,0
4685,11,6,1,0.014,0.906,-0.436,-0.212,-0.013,1
4686,33,22,3,13.962,-0.157,-0.359,0.137,0.018,1
4687,128,30,7,9.862,-0.204,0.22,-0.05,-0.008,1
4688,89,45,5,12.421,0.15,0.079,-0.079,-0.004,1
4689,28,16,5,7.184,-0.127,0.11,-0.054,-0.067,1
4690,14,13,2,0.053,-0.127,0.473,-0.144,-0.067,1
4691,56,20,2,0.171,-0.127,-0.436,0.339,0.062,1
4692,102,36,6,17.411,0.05,-0.386,0.166,0.007,0
4693,27,23,3,11.2,-0.17,0.412,-0.116,-0.067,1
4694,23,13,3,3.955,-0.027,-0.436,0.041,-0.041,1
4695,50,21,3,13.23,0.057,-0.436,0.037,-0.051,1
4696,4,3,1,0.009,-0.32,-0.436,0.107,-0.067,1
4697,7,6,1,0.01,-0.32,-0.072,0.107,-0.067,1
4698,4,2,1,0.007,-0.32,-0.436,0.107,-0.067,1
4699,23,12,2,7.168,0.149,-0.214,-0.067,-0.067,1
4700,9,5,2,0.031,-0.32,-0.436,0.218,-0.045,1
4701,5,2,1,0.0,-0.32,-0.436,0.407,0.053,1
4702,4,4,2,0.019,-0.32,-0.436,0.232,-0.067,1
4703,23,11,2,0.053,0.09,-0.325,0.15,0.072,1
4704,16,12,2,0.044,-0.32,0.041,0.263,0.221,1
4705,86,41,8,19.437,0.542,-0.347,-0.045,0.012,0
4706,31,20,2,0.973,-0.146,0.303,-0.087,-0.067,1
4707,69,44,9,16.039,-0.32,0.081,0.041,-0.067,1
4708,4,3,1,0.001,-0.32,-0.436,0.107,-0.067,1
4709,219,58,12,14.91,-0.086,0.459,-0.056,-0.021,0
4710,31,14,3,7.411,0.332,-0.436,-0.023,0.107,0
4711,17,9,1,0.018,-0.32,-0.136,0.077,-0.044,1
4712,4,4,1,0.023,-0.32,0.2,-0.018,-0.067,0
4713,4,3,1,0.0,-0.32,-0.436,0.232,0.184,1
4714,32,11,2,6.941,-0.32,0.359,-0.05,-0.067,1
4715,72,38,6,19.232,0.036,-0.047,-0.081,-0.056,0
4716,66,20,7,14.983,-0.095,-0.243,0.061,0.006,0
4717,200,68,10,17.82,0.105,-0.054,0.039,-0.02,0
4718,8,5,2,5.206,0.017,-0.436,0.044,-0.042,1
4719,4,3,1,0.008,-0.32,0.2,-0.018,-0.067,1
4720,55,20,4,9.218,-0.001,-0.204,0.025,-0.049,0
4721,18,10,1,0.293,-0.32,0.271,-0.032,-0.067,1
4722,6,6,1,0.008,-0.32,0.412,-0.06,-0.067,1
4723,4,2,1,0.0,-0.32,-0.436,0.608,0.083,1
4724,105,30,7,19.122,-0.179,0.316,-0.055,-0.021,1
4725,48,33,5,16.913,-0.151,0.359,-0.071,-0.051,0
4726,63,31,4,18.244,0.408,-0.395,-0.052,0.016,1
4727,7,6,1,0.008,-0.32,-0.072,0.178,0.047,1
4728,16,11,1,0.011,0.017,-0.277,-0.018,-0.03,1
4729,4,3,1,0.002,-0.32,-0.436,0.107,-0.067,1
4730,84,47,4,15.816,1.124,-0.284,0.059,0.176,1
4731,54,36,5,6.016,0.254,-0.436,-0.014,-0.041,1
4732,22,15,2,8.084,0.048,-0.32,0.016,-0.003,1
4733,60,41,2,19.282,0.174,0.285,-0.144,-0.047,0
4734,34,14,6,18.949,-0.241,-0.136,0.092,-0.056,0
4735,12,8,2,6.12,-0.32,-0.012,0.065,0.2,1
4736,225,75,9,15.045,0.117,0.152,-0.056,-0.017,0
4737,60,31,5,19.393,0.242,0.073,-0.119,0.11,0
4738,61,27,3,4.233,0.056,0.148,-0.057,-0.038,0
4739,54,29,4,16.896,-0.07,0.083,-0.014,-0.041,1
4740,12,9,2,0.948,-0.32,0.2,0.023,-0.067,1
4741,60,32,2,18.26,0.691,-0.096,-0.11,-0.007,0
4742,331,78,14,19.064,0.026,0.026,-0.011,0.015,0
4743,93,52,2,6.129,0.057,0.166,-0.06,-0.02,0
4744,66,29,6,15.243,-0.279,0.335,-0.007,-0.022,1
4745,13,7,1,0.025,0.51,-0.24,0.03,0.041,0
4746,52,36,2,8.202,0.069,0.249,-0.067,0.033,1
4747,34,16,2,2.255,0.116,-0.062,0.048,-0.02,0
4748,13,8,2,6.941,-0.32,-0.044,0.03,-0.067,1
4749,21,10,1,0.03,0.579,-0.436,-0.06,0.009,1
4750,8,5,2,11.202,-0.32,-0.436,0.107,-0.067,1
4751,17,8,1,0.835,-0.32,0.013,0.077,0.004,1
4752,91,47,6,16.886,0.065,0.124,-0.086,-0.025,0
4753,4,4,1,0.012,-0.32,-0.436,0.107,-0.067,1
4754,4,4,1,0.008,-0.32,0.2,0.107,0.083,1
4755,44,22,5,12.102,-0.075,-0.32,0.027,-0.003,0
4756,22,10,1,0.066,-0.075,-0.436,0.221,0.015,1
4757,4,4,1,0.01,-0.32,0.2,-0.018,-0.067,1
4758,176,54,8,16.203,-0.182,0.143,-0.041,-0.063,1
4759,10,6,6,18.755,-0.185,-0.436,0.057,-0.067,0
4760,63,46,5,19.076,-0.085,0.332,-0.084,-0.055,0
4761,25,15,3,3.602,-0.05,-0.436,0.027,-0.067,1
4762,10,7,1,0.043,-0.32,0.073,0.057,-0.007,1
4763,9,6,2,3.835,-0.32,0.13,0.051,-0.045,1
4764,81,39,4,14.063,0.213,-0.341,0.008,0.01,0
4765,17,15,2,5.198,-0.241,0.462,-0.07,0.027,1
4766,61,33,7,10.137,-0.32,0.273,0.0,-0.025,1
4767,9,7,1,0.009,-0.32,0.412,-0.06,-0.067,1
4768,30,14,1,0.226,-0.05,-0.351,0.007,-0.067,1
4769,163,58,5,16.89,-0.171,0.126,0.024,-0.012,1
4770,87,32,5,18.693,0.067,0.237,-0.083,-0.03,0
4771,14,14,1,0.281,-0.224,0.473,-0.108,-0.067,1
4772,42,21,4,8.234,-0.32,-0.193,0.095,-0.01,0
4773,19,6,2,13.097,0.673,-0.436,0.054,0.102,1
4774,99,59,6,16.989,0.048,0.13,-0.07,-0.045,0
4775,6,6,1,0.019,-0.32,0.412,-0.06,-0.067,1
4776,27,16,1,0.15,0.379,-0.436,-0.06,-0.038,1
4777,7,4,1,0.001,-0.32,-0.436,0.25,0.105,1
4778,33,20,2,5.717,-0.075,0.027,0.046,0.018,0
4779,27,22,4,12.209,-0.07,0.13,-0.079,-0.067,0
4780,34,17,5,16.096,-0.003,-0.361,0.048,-0.056,0
4781,57,31,8,14.667,-0.083,-0.123,-0.016,-0.018,0
4782,17,5,5,16.92,-0.32,-0.436,0.284,0.133,1
4783,119,47,12,19.044,0.122,-0.179,0.018,0.046,0
4784,17,6,3,2.048,-0.32,-0.136,0.048,-0.067,1
4785,133,45,4,16.943,-0.107,0.272,-0.059,-0.01,0
4786,194,56,10,19.53,-0.125,-0.082,0.177,1.043,0
4787,112,41,8,18.744,-0.164,-0.436,0.138,-0.005,1
4788,40,25,3,1.791,0.051,0.518,-0.169,-0.057,1
4789,92,42,5,19.07,0.046,-0.049,-0.035,-0.039,0
4790,28,15,3,14.577,0.21,-0.163,0.125,0.033,1
4791,100,38,9,18.078,0.152,-0.334,0.002,-0.035,0
4792,151,74,8,13.727,0.394,0.036,-0.106,0.012,1
4793,67,34,4,6.099,0.424,-0.094,-0.065,0.014,0
4794,27,15,1,0.107,0.229,0.035,-0.079,-0.023,1
4795,50,31,6,10.83,0.057,-0.334,0.127,0.049,0
4796,7,6,1,0.004,-0.32,-0.072,0.035,-0.067,1
4797,5,5,1,0.041,-0.32,0.073,0.007,-0.067,1
4798,35,19,3,2.086,-0.166,0.437,-0.065,-0.05,0
4799,17,11,3,11.029,-0.003,-0.286,-0.011,-0.067,0
4800,27,7,2,0.788,-0.32,-0.153,0.144,0.037,1
4801,20,16,1,0.097,-0.185,0.2,-0.069,-0.067,1
4802,34,11,1,0.043,-0.32,0.313,-0.011,-0.044,1
4803,5,4,1,0.001,-0.32,-0.436,0.107,-0.067,1
4804,5,4,1,0.0,-0.32,0.073,0.007,-0.067,1
4805,30,15,1,0.058,-0.005,0.158,-0.044,0.02,1
4806,199,77,7,14.782,0.378,0.255,0.021,0.397,0
4807,26,18,1,0.118,-0.113,0.151,-0.047,-0.052,1
4808,9,6,1,0.023,-0.32,0.13,-0.005,-0.067,1
4809,29,20,4,9.068,0.005,0.266,-0.118,-0.067,0
4810,9,8,1,0.035,-0.32,0.412,-0.06,-0.067,1
4811,38,14,3,13.726,0.922,-0.436,-0.157,0.081,0
4812,50,24,4,9.573,-0.32,-0.029,0.027,-0.067,1
4813,18,10,3,4.053,-0.32,0.271,-0.032,-0.067,1
4814,7,6,2,2.108,-0.32,-0.072,0.107,-0.067,1
4815,52,24,2,12.977,-0.32,0.298,0.001,-0.033,1
4816,39,17,4,8.664,-0.113,0.021,-0.022,0.036,0
4817,48,19,2,0.995,-0.236,0.518,-0.102,-0.051,1
4818,27,17,2,15.961,-0.22,0.13,-0.005,-0.045,1
4819,8,2,1,0.008,-0.32,-0.436,0.107,-0.067,1
4820,6,5,1,0.014,-0.32,-0.436,0.107,-0.067,1
4821,55,20,4,4.742,-0.026,-0.389,0.043,-0.038,1
4822,16,8,1,0.008,-0.32,-0.118,0.107,-0.042,1
4823,55,23,5,8.84,-0.124,-0.343,0.061,0.024,0
4824,9,5,2,0.685,-0.32,-0.436,0.107,-0.067,1
4825,10,7,2,0.862,-0.32,-0.436,0.207,-0.047,1
4826,21,20,1,0.063,-0.32,0.534,-0.084,-0.067,1
4827,8,5,2,7.131,-0.32,0.2,0.107,0.786,1
4828,46,26,4,17.052,-0.261,0.339,-0.046,-0.024,0
4829,22,10,3,11.416,-0.014,-0.436,0.016,-0.067,1
4830,21,9,3,10.564,0.065,-0.436,0.011,-0.058,1
4831,36,21,2,5.001,-0.208,-0.153,0.135,-0.023,1
4832,17,6,4,3.948,-0.32,-0.136,0.077,-0.067,1
4833,56,14,6,15.994,0.45,-0.39,-0.045,0.001,0
4834,48,18,4,17.43,-0.264,-0.118,0.138,-0.009,0
4835,97,40,7,10.088,-0.112,-0.173,0.055,-0.04,0
4836,95,54,6,16.664,0.021,0.18,-0.03,0.19,0
4837,10,5,1,0.011,-0.32,0.073,0.007,-0.067,1
4838,136,56,8,18.053,0.166,0.126,-0.048,0.02,0
4839,21,11,1,0.018,-0.32,-0.072,0.059,-0.058,1
4840,12,10,1,0.003,-0.32,-0.012,0.023,-0.067,1
4841,92,50,3,14.951,-0.32,0.283,-0.018,-0.059,1
4842,10,7,2,14.996,-0.32,-0.181,0.057,-0.067,1
4843,6,3,1,0.001,-0.32,-0.436,0.107,-0.067,1
4844,71,27,8,17.884,-0.054,-0.328,0.064,-0.048,0
4845,21,12,2,1.024,-0.32,0.412,-0.036,-0.058,1
4846,37,20,4,11.007,-0.174,-0.229,0.026,-0.062,0
4847,18,11,3,9.999,-0.32,0.412,-0.06,-0.067,1
4848,38,30,3,6.682,0.141,0.234,-0.131,-0.051,0
4849,141,49,7,18.816,0.034,-0.129,0.032,-0.026,0
4850,118,60,6,12.82,0.434,-0.004,-0.114,-0.008,0
4851,7,5,1,0.004,0.45,-0.436,-0.18,-0.067,1
4852,63,30,9,17.989,0.258,-0.193,0.035,-0.029,0
4853,4,4,1,0.045,-0.32,0.2,-0.018,-0.067,1
4854,28,9,4,4.698,-0.32,0.382,-0.018,-0.017,1
4855,102,52,7,16.028,0.063,0.412,-0.139,-0.046,0
4856,97,16,5,14.957,-0.251,0.325,-0.064,-0.067,0
4857,17,7,4,6.914,-0.32,-0.136,0.077,-0.032,1
4858,65,22,13,18.852,-0.279,-0.044,0.037,-0.061,0
4859,39,22,2,2.049,-0.043,-0.37,0.043,0.005,1
4860,52,22,5,13.607,-0.32,0.69,-0.115,-0.067,1
4861,4,4,1,0.011,-0.32,0.2,-0.018,-0.067,1
4862,183,64,12,18.972,0.166,-0.38,0.019,-0.038,0
4863,4,4,1,0.008,-0.32,0.2,0.107,-0.067,1
4864,118,54,10,15.859,0.263,0.168,-0.055,0.07,1
4865,114,42,8,18.95,-0.119,0.145,-0.043,-0.032,0
4866,174,75,10,18.964,-0.08,0.193,-0.069,-0.064,0
4867,7,7,1,0.001,1.221,-0.436,-0.036,0.105,1
4868,12,5,1,0.016,0.803,-0.436,-0.018,0.234,1
4869,64,37,7,15.998,-0.067,-0.277,0.005,-0.067,1
4870,6,6,2,17.948,-0.32,-0.012,0.023,-0.067,1
4871,17,8,1,0.018,-0.32,0.462,-0.041,-0.044,1
4872,18,11,1,0.51,-0.32,-0.012,0.162,-0.023,1
4873,8,6,2,1.961,0.354,-0.436,0.044,0.033,1
4874,5,4,1,0.002,-0.32,0.073,0.107,0.013,1
4875,105,20,4,7.469,-0.192,-0.436,0.121,0.061,1
4876,57,28,5,8.954,-0.06,-0.213,0.054,-0.036,0
4877,23,14,2,0.892,-0.32,0.228,-0.024,-0.067,1
4878,14,9,3,7.921,-0.32,-0.072,0.107,-0.067,0
4879,8,5,1,0.004,-0.151,-0.436,0.232,0.108,1
4880,28,14,2,13.529,-0.32,-0.345,0.125,0.098,0
4881,94,45,5,16.672,0.139,-0.354,-0.01,-0.022,0
4882,45,23,4,11.561,-0.05,-0.379,0.196,-0.023,1
4883,14,9,3,3.101,-0.32,-0.072,0.035,-0.067,1
4884,121,49,8,17.991,-0.008,0.048,-0.005,0.064,0
4885,4,2,1,0.001,-0.32,-0.436,0.107,-0.067,1
4886,13,9,1,0.5,-0.32,-0.24,0.068,-0.067,1
4887,5,5,1,0.007,-0.32,0.073,0.107,0.455,1
4888,7,6,2,13.901,-0.32,-0.072,0.107,0.019,1
4889,4,3,1,0.006,-0.32,0.2,-0.018,-0.067,1
4890,29,19,3,13.973,0.191,-0.436,0.159,0.154,1
4891,24,6,2,3.515,-0.32,-0.436,0.336,2.383,1
4892,114,37,8,18.771,0.047,-0.034,-0.043,0.308,0
4893,44,20,4,16.506,0.66,-0.436,-0.064,0.161,0
4894,51,32,2,6.962,0.473,0.163,-0.08,0.369,1
4895,62,19,13,18.579,-0.277,-0.272,0.107,1.363,0
4896,66,38,2,13.652,0.742,-0.32,-0.136,0.115,0
4897,78,26,5,5.368,-0.199,0.249,0.017,-0.054,0
4898,100,40,11,18.604,-0.158,-0.029,-0.003,0.31,0
4899,12,8,2,14.618,-0.32,-0.012,0.065,0.1,1
4900,93,48,5,17.4,-0.03,0.303,-0.098,-0.031,0
4901,14,8,2,0.655,0.065,-0.254,0.035,0.047,0
4902,54,22,11,14.389,-0.12,-0.106,-0.014,0.033,0
4903,44,22,7,10.061,-0.197,0.085,0.05,0.038,0
4904,10,5,1,0.002,-0.32,-0.436,0.407,0.374,1
4905,4,4,1,0.049,-0.32,-0.436,0.107,-0.067,1
4906,41,20,4,3.117,-0.123,0.309,-0.003,0.001,1
4907,29,19,4,8.001,-0.181,-0.085,0.176,0.459,1
4908,10,7,1,0.014,-0.32,0.328,0.007,-0.067,1
4909,20,16,2,15.253,0.489,-0.308,-0.094,-0.047,1
4910,4,3,1,0.0,-0.32,-0.436,0.107,-0.067,1
4911,132,39,8,18.151,0.129,-0.262,-0.018,0.015,0
4912,151,51,9,16.238,-0.079,0.323,-0.069,-0.034,1
4913,6,6,2,0.976,-0.32,0.412,-0.06,-0.067,1
4914,7,4,1,0.014,-0.32,-0.436,0.107,-0.067,1
4915,6,5,1,0.067,-0.32,-0.012,0.107,-0.0,1
4916,42,30,3,17.075,-0.32,0.534,-0.084,-0.067,0
4917,27,16,4,12.348,-0.22,-0.153,0.107,-0.067,1
4918,115,52,14,18.286,0.219,-0.06,-0.05,-0.043,0
4919,10,5,3,3.284,-0.32,0.073,0.057,0.093,1
4920,18,10,3,2.696,-0.32,0.695,-0.06,-0.023,1
4921,85,34,10,18.04,0.013,-0.136,-0.023,-0.06,0
4922,58,39,7,16.062,-0.274,-0.392,0.09,-0.067,0
4923,81,47,7,17.347,-0.02,-0.373,0.051,0.044,0
4924,6,3,2,0.263,-0.32,0.412,0.023,0.2,1
4925,5,3,1,0.0,-0.32,-0.436,0.107,-0.067,1
4926,43,26,4,11.45,-0.132,0.274,-0.045,-0.016,0
4927,4,4,1,0.001,0.017,-0.436,-0.018,-0.067,1
4928,19,17,2,6.161,-0.107,0.234,-0.104,-0.067,1
4929,5,3,1,0.003,1.028,-0.436,-0.194,0.093,1
4930,111,47,7,11.154,-0.186,-0.0,-0.006,-0.049,1
4931,8,6,2,0.348,-0.32,0.2,-0.018,-0.067,1
4932,9,4,1,0.062,-0.32,-0.436,0.162,-0.067,1
4933,55,27,5,7.55,-0.099,-0.436,0.098,-0.056,0
4934,176,59,11,16.426,0.086,-0.335,0.209,0.016,0
4935,10,6,1,0.003,0.219,-0.436,0.508,0.073,1
4936,6,6,1,0.022,-0.32,0.412,0.023,0.368,1
4937,10,10,1,0.05,-0.32,0.328,-0.044,-0.067,1
4938,62,32,6,14.475,-0.168,-0.025,0.034,-0.025,0
4939,12,9,1,0.038,0.354,-0.436,-0.018,-0.017,1
4940,5,5,1,0.038,-0.32,-0.436,0.207,-0.067,0
4941,65,21,7,17.986,-0.279,-0.123,0.084,0.022,1
4942,59,39,3,7.195,-0.32,0.384,-0.046,-0.064,1
4943,7,5,1,0.004,-0.32,-0.436,0.178,0.133,1
4944,58,36,5,15.258,-0.088,0.091,-0.04,-0.064,1
4945,32,22,1,0.053,-0.109,0.041,-0.05,-0.067,1
4946,69,24,7,17.126,0.149,-0.436,0.02,-0.018,0
4947,20,13,2,0.206,-0.32,0.328,-0.044,-0.067,1
4948,181,59,14,16.235,0.291,-0.267,0.013,0.046,0
4949,127,47,8,18.458,0.168,0.105,-0.094,-0.064,0
4950,145,62,6,13.224,0.015,0.091,0.051,0.025,0
4951,121,58,9,17.292,0.115,0.027,-0.046,-0.034,0
4952,224,57,7,14.188,0.474,-0.413,0.011,0.027,0
4953,50,28,4,10.892,-0.239,0.124,-0.023,-0.055,1
4954,15,10,2,0.261,-0.32,0.243,0.107,-0.014,1
4955,24,14,2,0.278,-0.32,0.306,0.023,-0.051,1
4956,65,24,6,5.299,-0.299,0.308,-0.04,-0.064,0
4957,127,36,11,17.271,-0.076,-0.396,0.075,-0.04,0
4958,73,51,8,18.095,-0.043,0.296,-0.085,-0.007,0
4959,117,44,4,12.059,0.233,-0.088,-0.009,0.01,0
4960,4,4,1,0.001,-0.32,-0.436,0.107,-0.067,1
4961,50,26,4,10.892,-0.05,0.124,-0.084,-0.067,1
4962,19,11,2,1.42,-0.036,-0.034,0.054,0.028,1
4963,17,9,2,0.05,0.156,0.163,-0.129,-0.067,1
4964,11,6,1,0.023,-0.32,0.258,-0.03,-0.067,1
4965,82,45,7,6.748,0.058,0.34,-0.089,0.217,0
4966,5,5,2,11.385,-0.32,-0.436,0.207,-0.067,0
4967,6,2,1,0.027,-0.32,-0.436,0.357,0.1,1
4968,24,16,5,17.242,-0.208,-0.118,0.044,-0.051,1
4969,45,18,14,17.997,-0.17,-0.266,0.051,-0.054,0
4970,16,11,3,15.144,-0.32,0.041,0.044,-0.067,1
4971,44,25,5,12.106,-0.259,0.2,-0.03,-0.067,1
4972,6,5,1,0.014,-0.32,-0.012,0.023,-0.067,1
4973,12,7,2,0.011,0.129,-0.224,-0.06,-0.067,1
4974,212,76,13,16.236,0.303,0.092,-0.087,-0.01,0
4975,60,34,9,18.358,0.309,-0.181,-0.11,-0.007,0
4976,116,57,8,18.021,0.401,-0.172,-0.049,0.014,0
4977,95,36,7,15.096,-0.107,-0.141,0.065,-0.006,1
4978,12,9,1,0.026,-0.32,0.2,-0.018,-0.067,1
4979,91,35,7,16.989,-0.068,0.068,-0.053,-0.056,0
4980,23,12,4,10.342,-0.32,0.007,0.02,-0.067,1
4981,149,52,7,10.299,0.069,0.145,-0.028,0.0,0
4982,194,93,6,18.441,0.173,0.023,0.042,-0.015,0
4983,145,49,7,18.317,0.089,0.143,0.017,-0.044,0
4984,33,19,3,18.388,0.007,0.027,-0.045,0.036,0
4985,89,57,9,14.134,-0.169,0.25,-0.045,-0.029,1
4986,164,64,10,18.121,0.288,-0.374,0.006,-0.004,0
4987,6,4,1,0.001,-0.32,-0.436,0.107,-0.067,1
4988,15,7,5,18.031,-0.32,-0.436,0.174,0.026,0
4989,4,4,1,0.001,-0.32,0.2,-0.018,-0.067,1
4990,7,5,1,0.014,-0.32,-0.072,0.035,-0.067,1
4991,5,3,1,0.026,-0.32,-0.436,0.207,0.334,1
4992,38,23,2,17.932,-0.32,0.502,-0.065,-0.036,1
4993,6,5,2,5.816,-0.32,-0.436,0.19,0.301,1
4994,4,4,1,0.009,-0.32,0.2,-0.018,-0.067,1
4995,60,35,7,13.088,0.129,-0.436,-0.027,-0.067,0
4996,17,7,2,2.321,-0.32,-0.436,0.195,0.063,1
4997,6,5,1,0.007,-0.32,-0.012,0.023,-0.067,1
4998,7,5,2,6.934,-0.32,-0.072,0.035,-0.067,1
4999,7,5,1,0.006,0.45,-0.436,-0.18,-0.067,1
5000,16,9,2,8.097,0.017,-0.436,0.169,-0.042,1
5001,54,29,3,2.123,-0.02,0.177,0.014,0.003,1
5002,33,19,3,11.286,-0.238,0.181,-0.015,-0.067,0
5003,21,9,3,2.798,0.001,-0.072,-0.06,-0.067,0
5004,134,51,8,14.143,0.012,0.096,-0.076,-0.046,0
5005,23,13,3,8.859,0.383,-0.325,-0.089,-0.006,0
5006,155,46,6,18.348,0.106,0.221,-0.116,-0.057,0
5007,146,49,4,7.194,-0.071,0.07,0.059,-0.015,0
5008,76,30,6,10.226,-0.214,0.2,0.021,-0.036,1
5009,31,13,2,6.095,-0.32,-0.189,0.188,-0.035,1
5010,14,7,2,1.003,-0.32,0.11,-0.001,-0.067,1
5011,9,5,2,10.043,-0.32,-0.436,0.107,-0.067,0
5012,20,9,1,0.251,-0.32,-0.054,0.082,-0.037,1
5013,182,80,13,18.017,-0.127,0.249,-0.064,-0.046,0
5014,16,7,1,0.034,-0.32,0.2,0.107,-0.055,1
5015,45,24,6,8.049,-0.14,-0.323,0.118,0.009,1
5016,7,5,1,0.001,-0.32,-0.072,0.035,-0.067,1
5017,23,19,1,0.483,-0.086,0.339,-0.111,-0.067,1
5018,11,5,1,0.055,-0.32,-0.204,0.152,0.17,1
5019,75,30,5,13.253,0.435,-0.436,0.027,0.096,0
5020,9,7,2,2.817,-0.32,-0.153,0.051,-0.067,1
5021,67,21,2,3.967,-0.058,-0.436,0.167,-0.04,0
5022,62,24,8,18.206,-0.016,0.057,-0.031,-0.028,1
5023,17,9,3,5.337,0.077,-0.436,0.048,0.145,1
5024,57,30,1,0.246,-0.06,0.189,-0.078,-0.06,1
5025,129,62,4,17.023,0.098,0.274,-0.103,-0.05,0
5026,86,29,7,13.021,0.088,-0.436,0.043,-0.025,0
5027,12,7,1,0.635,0.916,-0.436,-0.144,0.25,1
5028,84,34,7,17.15,-0.16,-0.375,0.101,-0.036,0
5029,28,21,4,9.787,-0.32,0.291,-0.036,-0.067,0
5030,17,10,4,4.433,0.156,-0.436,0.077,0.924,1
5031,42,26,4,17.813,-0.063,-0.133,-0.013,-0.067,1
5032,50,23,8,16.741,0.031,-0.283,0.117,0.157,0
5033,4,4,1,0.008,-0.32,-0.436,0.107,-0.067,1
5034,171,49,6,14.058,0.121,0.04,0.019,0.042,0
5035,319,60,16,18.305,0.073,-0.404,0.049,0.014,0
5036,5,3,1,0.011,-0.32,-0.436,0.107,-0.067,1
5037,33,10,3,7.006,-0.157,-0.204,0.046,-0.055,1
5038,9,6,1,0.011,0.129,0.13,-0.172,-0.067,1
5039,30,16,2,1.155,0.039,-0.351,-0.01,-0.034,1
5040,80,30,5,18.148,-0.219,0.423,-0.087,-0.065,1
5041,161,82,13,18.081,0.04,0.149,-0.064,-0.014,0
5042,20,9,4,7.157,-0.32,-0.054,0.032,-0.067,1
5043,10,9,2,1.192,-0.32,-0.181,0.057,-0.067,1
5044,9,5,2,14.012,-0.32,-0.153,0.329,0.044,1
5045,40,20,2,1.591,-0.118,-0.245,0.032,-0.067,1
5046,5,5,1,0.007,1.837,-0.436,-0.094,0.655,1
5047,125,66,6,16.974,-0.05,0.216,-0.082,-0.034,0
5048,9,4,1,0.02,-0.32,-0.436,0.107,-0.067,1
5049,12,7,1,0.031,-0.32,0.412,-0.06,-0.067,1
5050,66,33,6,9.995,-0.116,0.181,-0.06,-0.043,0
5051,71,55,4,11.795,-0.073,0.389,-0.126,-0.036,0
5052,11,7,2,6.911,-0.32,-0.436,0.107,-0.067,0
5053,7,6,1,0.013,-0.32,0.291,-0.036,-0.067,1
5054,80,46,5,7.93,-0.101,0.2,-0.069,-0.067,0
5055,17,11,1,0.002,-0.32,0.163,0.018,-0.067,1
5056,75,25,6,14.573,-0.284,0.209,-0.027,-0.067,1
5057,4,3,1,0.002,-0.32,0.2,-0.018,-0.067,1
5058,11,7,1,0.011,-0.32,0.258,0.016,-0.013,1
5059,113,63,7,17.808,0.336,-0.188,-0.013,0.096,0
5060,142,41,7,15.933,0.088,-0.364,0.121,0.051,0
5061,166,53,11,18.165,-0.003,-0.022,-0.005,-0.031,0
5062,135,63,6,16.03,0.179,0.017,-0.071,-0.027,0
5063,99,29,6,11.715,-0.116,0.181,0.056,-0.037,0
5064,67,31,2,10.15,-0.219,0.514,-0.005,-0.019,0
5065,21,16,2,1.133,0.258,0.291,-0.036,0.191,1
5066,12,6,1,0.003,-0.32,-0.224,0.065,-0.067,1
5067,23,12,3,16.034,-0.32,-0.104,0.085,-0.006,0
5068,43,20,3,12.033,0.056,-0.199,-0.021,-0.025,1
5069,59,27,7,9.982,-0.183,0.211,-0.021,-0.037,1
5070,73,48,3,12.432,0.252,0.087,-0.065,0.045,0
5071,21,15,4,5.748,-0.063,0.049,-0.06,-0.067,0
5072,9,7,2,17.581,-0.32,-0.153,0.107,-0.067,0
5073,79,30,5,10.031,-0.149,0.112,-0.039,-0.055,1
5074,5,3,1,0.001,-0.32,-0.436,0.107,-0.067,1
5075,79,36,5,8.994,0.021,0.208,-0.09,-0.042,1
5076,11,6,1,0.014,0.17,0.027,-0.121,-0.067,1
5077,52,29,6,5.073,-0.32,-0.289,0.136,-0.04,0
5078,97,54,8,18.068,-0.181,0.377,-0.095,-0.067,0
5079,40,21,3,3.057,-0.253,0.01,0.007,-0.047,1
5080,9,8,1,0.056,-0.32,0.13,-0.005,-0.067,1
5081,5,4,1,0.003,-0.32,0.073,0.007,-0.067,1
5082,21,19,1,0.085,-0.32,0.412,-0.06,-0.067,1
5083,8,5,1,0.014,-0.32,-0.118,0.169,0.058,1
5084,6,6,1,0.001,0.129,-0.436,-0.06,-0.067,1
5085,74,24,3,2.055,-0.156,0.046,-0.029,-0.048,1
5086,28,16,3,6.974,-0.224,0.382,-0.072,-0.067,1
5087,63,28,3,8.105,-0.02,0.291,-0.06,-0.023,0
5088,57,28,6,5.982,-0.083,0.457,-0.095,-0.011,1
5089,4,3,1,0.0,-0.32,-0.436,0.107,-0.067,1
5090,102,58,8,17.012,-0.188,0.387,-0.041,-0.028,0
5091,45,29,2,2.03,-0.08,0.186,-0.06,-0.027,1
5092,7,4,1,0.001,-0.32,-0.072,0.035,-0.067,1
5093,12,6,1,0.004,0.017,-0.436,-0.018,-0.067,1
5094,90,52,6,18.186,0.114,-0.351,0.129,0.024,0
5095,40,24,7,15.062,-0.05,0.073,-0.069,-0.067,1
5096,6,5,1,0.017,-0.32,-0.012,0.023,-0.067,1
5097,54,27,2,8.018,-0.27,0.412,-0.079,-0.067,1
5098,27,16,1,0.08,0.129,-0.436,0.014,-0.045,1
5099,78,33,3,18.039,0.095,0.119,-0.099,-0.049,0
5100,124,48,5,18.095,0.571,-0.415,-0.035,-0.025,1
5101,257,75,11,18.012,-0.005,0.158,-0.043,-0.028,0
5102,14,8,1,0.025,-0.32,0.473,-0.072,-0.067,1
5103,84,26,6,17.771,-0.224,-0.436,20.488,0.217,1
5104,34,5,2,1.429,-0.32,-0.436,0.122,0.015,1
5105,17,11,2,8.964,-0.32,0.462,-0.07,-0.067,0
5106,30,16,3,3.077,-0.185,-0.436,0.073,-0.067,1
5107,13,7,1,0.061,-0.32,0.151,-0.009,-0.067,1
5108,65,32,2,9.168,0.51,-0.083,-0.047,0.248,0
5109,87,29,6,8.939,-0.165,0.266,-0.072,-0.06,0
5110,47,23,4,9.97,-0.263,0.322,-0.042,-0.059,1
5111,11,9,3,13.031,-0.32,0.258,-0.03,-0.067,1
5112,27,16,1,0.645,0.229,-0.341,0.033,0.007,1
5113,42,29,3,2.973,-0.127,0.231,-0.072,-0.063,1
5114,11,5,5,9.03,-0.32,-0.436,0.107,-0.067,1
5115,60,34,4,18.092,0.174,0.455,0.048,0.117,0
5116,98,34,8,9.92,-0.182,0.317,-0.072,-0.065,0
5117,41,24,4,13.077,-0.188,0.061,-0.003,-0.058,0
5118,151,62,8,14.006,-0.231,0.339,0.014,-0.045,0
5119,19,7,2,8.058,-0.32,-0.034,0.08,-0.046,1
5120,19,9,2,3.113,-0.32,-0.034,0.133,0.228,1
5121,13,10,2,9.059,-0.113,-0.24,0.145,-0.067,1
5122,40,19,7,8.55,-0.253,0.137,-0.018,-0.067,1
5123,17,12,2,3.036,-0.32,-0.436,0.225,-0.02,1
5124,87,40,8,15.962,-0.165,0.354,-0.077,-0.051,1
5125,4,2,1,0.001,-0.32,-0.436,0.107,-0.067,1
5126,129,62,9,15.063,0.265,0.038,-0.084,-0.042,0
5127,101,38,6,15.982,0.307,-0.36,0.037,0.04,0
5128,25,18,2,11.072,0.273,0.073,-0.114,-0.011,0
5129,53,29,3,6.938,-0.117,0.332,-0.111,-0.067,1
5130,18,17,2,7.072,-0.32,0.695,-0.116,-0.067,1
5131,11,8,1,0.029,-0.32,0.027,0.016,-0.067,1
5132,134,40,9,17.043,0.173,-0.36,0.043,-0.055,0
5133,8,5,1,0.025,-0.32,-0.118,0.044,-0.067,1
5134,10,6,1,0.015,-0.32,-0.181,0.157,-0.067,1
5135,5,5,1,0.003,-0.05,-0.436,0.007,-0.067,1
5136,98,32,5,7.016,-0.114,-0.358,0.194,-0.047,0
5137,5,5,1,0.014,-0.32,-0.436,0.107,-0.067,1
5138,35,22,5,9.482,0.181,0.0,-0.051,0.042,1
5139,33,12,4,17.617,0.783,-0.436,-0.182,0.006,0
5140,36,21,4,8.006,-0.17,-0.224,0.121,-0.056,1
5141,44,21,6,10.035,-0.167,-0.378,0.05,-0.067,0
5142,195,51,12,17.984,0.157,-0.357,0.04,-0.013,0
5143,40,18,3,9.942,0.59,-0.308,0.019,-0.027,0
5144,56,29,3,5.409,-0.176,0.019,0.008,0.001,1
5145,4,4,3,2.838,-0.32,0.2,-0.018,-0.067,1
5146,4,4,1,0.001,-0.32,-0.436,0.107,-0.067,1
5147,28,16,2,4.021,-0.127,-0.436,0.107,0.004,1
5148,29,11,4,16.925,-0.32,0.178,-0.014,-0.067,1
5149,12,8,3,3.949,-0.32,0.2,-0.018,-0.067,1
5150,115,59,8,13.004,0.254,-0.237,-0.033,0.002,1
5151,83,31,4,12.941,0.443,-0.007,-0.129,-0.038,0
5152,7,6,2,0.989,-0.32,-0.072,0.035,-0.067,0
5153,188,61,13,17.588,-0.148,0.146,-0.032,-0.037,0
5154,73,46,9,14.96,-0.006,-0.296,0.024,0.037,1
5155,5,2,1,0.002,-0.32,-0.436,0.107,-0.067,1
5156,11,7,4,3.08,-0.32,0.49,-0.075,-0.067,1
5157,13,6,2,0.691,-0.32,-0.044,0.03,-0.067,1
5158,19,13,1,0.574,-0.32,-0.034,0.08,-0.067,1
5159,13,8,2,3.01,-0.32,0.151,0.145,0.35,1
5160,17,7,3,6.587,-0.32,-0.436,0.225,-0.067,1
5161,141,69,4,13.946,0.397,0.142,-0.163,-0.053,0
5162,94,27,6,17.966,-0.134,-0.192,0.101,0.332,0
5163,5,4,2,2.363,-0.32,-0.436,0.107,-0.067,1
5164,42,19,5,10.017,0.001,-0.012,-0.036,-0.039,1
5165,54,21,5,15.764,-0.27,-0.106,0.033,-0.067,0
5166,114,52,10,18.021,0.011,-0.279,0.028,0.005,0
5167,4,3,1,0.393,-0.32,-0.436,0.232,0.083,1
5168,4,1,1,0.001,-0.32,-0.436,0.107,-0.067,1
5169,14,8,2,0.847,-0.32,-0.254,0.143,-0.053,1
5170,4,3,1,0.0,-0.32,-0.436,0.107,-0.067,1
5171,26,16,4,17.976,-0.216,0.249,-0.047,-0.067,1
5172,103,40,4,9.952,-0.32,0.281,0.151,-0.05,1
5173,6,4,1,0.024,-0.32,-0.436,0.19,-0.034,1
5174,19,13,3,9.967,0.177,-0.168,-0.025,0.07,0
5175,18,11,2,0.825,-0.32,0.554,-0.088,-0.067,1
5176,18,9,4,9.691,-0.32,-0.436,0.107,-0.067,1
5177,160,55,8,14.821,-0.084,0.057,-0.015,0.131,0
5178,15,11,2,0.87,-0.32,0.412,0.007,-0.054,1
5179,4,2,3,1.444,-0.32,-0.436,0.357,0.786,1
5180,81,35,8,15.026,-0.07,-0.247,0.026,-0.003,0
5181,51,29,3,7.616,0.103,-0.336,-0.031,-0.059,0
5182,99,52,5,12.111,-0.116,-0.076,0.041,-0.023,0
5183,9,7,2,4.496,-0.32,-0.436,0.107,-0.067,1
5184,17,9,4,10.089,-0.32,0.313,-0.011,0.015,1
5185,29,16,2,2.518,-0.134,-0.172,0.038,0.009,1
5186,86,34,4,17.386,-0.038,0.304,-0.085,-0.023,0
5187,87,37,2,10.172,0.284,-0.085,-0.003,-0.014,1
5188,23,9,3,3.57,-0.027,-0.436,0.02,-0.067,0
5189,60,33,6,16.228,0.017,-0.139,-0.035,0.043,0
5190,24,12,1,0.058,-0.039,-0.012,0.023,0.108,1
5191,28,15,2,0.264,0.017,-0.436,0.035,-0.067,1
5192,112,47,8,13.088,-0.26,0.518,-0.099,-0.067,0
5193,94,32,6,16.473,-0.033,-0.03,-0.042,-0.044,0
5194,4,1,1,0.0,-0.32,-0.436,0.232,-0.067,1
5195,59,30,6,14.034,-0.206,0.082,0.005,-0.054,0
5196,7,4,2,0.318,-0.32,0.655,-0.036,0.047,1
5197,94,41,5,13.506,-0.177,-0.3,0.048,-0.061,0
5198,164,78,13,17.259,-0.016,0.092,-0.043,-0.022,0
5199,15,10,1,0.141,0.219,-0.436,-0.027,-0.054,0
5200,63,29,5,17.434,0.236,-0.436,0.067,0.127,0
5201,20,13,3,13.11,-0.32,0.582,-0.094,-0.067,1
5202,29,25,4,12.254,-0.181,-0.172,0.02,-0.067,0
5203,52,31,4,5.378,-0.113,0.298,-0.018,-0.052,0
5204,133,58,7,15.037,0.207,0.062,-0.048,0.01,0
5205,5,2,1,0.004,-0.32,-0.436,0.107,-0.067,1
5206,70,34,3,3.422,0.489,-0.399,0.057,0.116,0
5207,8,4,1,0.002,0.86,-0.436,-0.206,0.133,1
5208,36,15,4,9.09,0.167,-0.365,0.023,-0.0,0
5209,122,49,11,11.423,-0.099,0.315,-0.082,-0.049,0
5210,73,38,4,12.305,0.419,-0.366,-0.01,0.021,0
5211,43,22,3,6.168,0.025,0.097,-0.033,-0.007,1
5212,81,31,8,17.255,0.146,-0.436,0.033,-0.0,0
5213,103,40,6,17.21,-0.006,-0.164,0.073,0.098,0
5214,13,5,2,8.382,-0.32,-0.436,0.531,0.025,1
5215,231,67,8,14.124,-0.092,0.335,-0.091,0.08,1
5216,44,26,4,9.419,-0.044,0.143,-0.041,-0.008,1
5217,69,24,7,12.253,0.012,-0.436,0.296,0.046,0
5218,5,5,2,0.943,-0.32,0.073,0.007,-0.067,1
5219,140,39,8,14.295,-0.108,-0.254,0.121,-0.024,0
5220,84,40,6,14.036,0.29,-0.405,0.137,0.129,0
5221,9,5,1,0.017,-0.32,-0.153,0.329,0.089,1
5222,20,10,1,0.041,-0.32,0.582,-0.094,-0.067,1
5223,5,4,1,0.001,-0.32,-0.436,0.207,0.254,1
5224,47,31,5,15.472,0.024,-0.436,0.032,0.001,1
5225,73,37,9,16.451,-0.302,0.401,-0.058,-0.067,0
5226,15,10,1,0.055,-0.32,0.243,0.007,-0.027,1
5227,103,31,12,16.231,-0.215,0.157,-0.015,-0.042,0
5228,106,51,7,15.252,-0.078,0.332,-0.059,-0.022,0
5229,30,19,2,5.279,-0.185,-0.266,0.09,-0.067,0
5230,12,7,3,10.46,-0.32,-0.012,0.023,-0.067,1
5231,6,3,1,0.002,-0.32,-0.436,0.107,-0.067,1
5232,40,27,3,1.173,0.017,0.328,-0.119,-0.042,1
5233,18,11,3,17.444,0.803,-0.436,-0.172,-0.0,1
5234,7,5,1,0.003,0.836,-0.072,-0.18,0.277,1
5235,89,46,5,12.432,0.104,0.165,-0.023,0.027,0
5236,126,72,7,17.487,-0.117,0.17,-0.048,-0.031,0
5237,165,54,10,16.195,0.268,0.119,-0.054,0.12,0
5238,42,26,5,10.32,0.033,0.049,-0.048,-0.058,0
5239,20,13,4,13.415,-0.185,0.328,-0.069,-0.067,0
5240,30,17,2,0.097,-0.32,0.328,-0.044,-0.067,1
5241,6,5,1,0.016,-0.32,-0.012,0.023,-0.067,0
5242,20,10,2,0.398,-0.32,0.073,0.032,-0.067,1
5243,19,13,4,2.909,-0.32,0.368,-0.025,-0.014,1
5244,86,48,5,13.508,-0.054,0.097,-0.033,-0.004,1
5245,148,55,14,17.134,-0.202,0.338,-0.049,-0.044,0
5246,8,4,3,14.175,-0.32,-0.118,0.232,-0.017,0
5247,100,51,7,17.283,0.004,0.099,-0.018,0.009,1
5248,30,18,3,13.422,-0.14,0.158,0.007,-0.007,1
5249,26,17,4,8.007,-0.009,-0.142,-0.009,-0.067,0
5250,141,47,8,17.355,0.349,-0.093,-0.082,-0.032,0
5251,8,7,1,0.005,-0.32,0.2,-0.018,-0.067,1
5252,4,3,1,0.0,-0.32,-0.436,0.107,-0.067,1
5253,5,5,1,0.001,-0.32,0.073,0.007,-0.067,1
5254,4,4,1,0.0,-0.32,-0.436,0.107,-0.067,1
5255,9,5,2,0.039,-0.32,-0.436,0.162,0.089,1
5256,10,8,2,15.418,0.219,-0.436,0.007,-0.067,1
5257,21,8,3,1.449,-0.32,0.291,-0.036,-0.067,1
5258,199,40,7,16.381,-0.096,0.037,0.067,0.022,0
5259,48,24,6,12.99,-0.264,-0.065,0.075,0.004,1
5260,40,9,4,4.879,-0.32,-0.181,0.094,0.038,1
5261,98,52,9,17.405,-0.086,0.058,0.01,-0.022,0
5262,149,55,7,14.226,0.096,-0.367,0.019,-0.024,0
5263,47,18,3,14.825,0.655,-0.436,0.0,0.274,0
5264,5,5,2,0.017,-0.32,0.582,-0.094,-0.067,1
5265,7,6,3,1.843,-0.32,-0.072,0.035,-0.067,1
5266,274,73,8,12.084,-0.054,0.131,0.003,-0.018,0
5267,9,7,2,6.956,-0.32,0.412,-0.06,-0.067,1
5268,85,48,3,17.427,-0.098,0.253,-0.052,-0.037,0
5269,12,8,2,1.046,-0.32,-0.012,0.023,-0.067,1
5270,59,22,4,5.819,-0.092,0.297,-0.08,-0.047,1
5271,148,65,10,16.892,0.008,0.097,-0.059,0.059,0
5272,45,24,5,13.053,-0.26,-0.21,0.051,-0.067,1
5273,102,59,7,16.329,-0.175,0.412,-0.07,-0.048,0
5274,10,7,1,0.046,-0.32,-0.436,0.107,-0.067,1
5275,89,27,10,13.258,0.028,-0.293,0.017,-0.024,1
5276,118,53,8,17.123,0.183,0.19,-0.05,0.036,0
5277,9,5,1,0.116,-0.32,-0.436,0.107,-0.067,0
5278,5,3,1,0.949,-0.32,0.582,-0.094,-0.067,1
5279,41,21,3,6.937,0.107,-0.312,0.033,0.04,1
5280,272,92,5,16.936,0.037,0.228,-0.094,-0.044,1
5281,7,7,1,0.015,-0.32,0.291,-0.036,-0.067,1
5282,9,8,1,0.042,-0.17,-0.436,0.051,-0.067,1
5283,16,10,2,2.858,0.017,-0.277,-0.05,-0.067,1
5284,45,17,3,6.226,-0.32,0.073,0.018,-0.067,1
5285,178,62,7,17.056,0.218,-0.407,0.036,-0.013,0
5286,22,15,2,16.842,-0.197,-0.436,0.13,-0.058,0
5287,32,24,2,1.091,-0.067,0.121,-0.065,-0.067,1
5288,76,24,11,16.901,-0.036,-0.235,0.001,-0.046,0
5289,5,5,1,0.222,-0.32,0.582,-0.094,-0.067,1
5290,10,10,1,0.034,-0.32,0.582,-0.094,-0.067,1
5291,19,11,2,1.359,-0.32,0.368,0.001,0.155,1
5292,84,28,5,6.047,-0.24,0.473,-0.084,-0.06,1
5293,5,4,1,0.003,-0.32,-0.436,0.107,-0.067,1
5294,9,5,1,0.011,-0.32,-0.153,0.107,-0.023,1
5295,71,21,4,17.028,-0.206,-0.221,0.079,-0.008,1
5296,58,21,6,8.738,-0.32,0.222,0.003,-0.043,0
5297,27,11,2,1.038,-0.32,-0.247,0.07,-0.067,1
5298,12,11,1,0.029,-0.32,0.412,-0.06,-0.067,0
5299,21,10,2,4.894,-0.32,-0.436,0.298,-0.039,1
5300,15,9,1,0.269,-0.32,0.243,-0.027,-0.067,1
5301,5,3,1,0.009,-0.32,-0.436,0.107,-0.067,1
5302,125,57,11,17.025,0.392,-0.334,-0.034,0.026,0
5303,243,55,12,17.233,-0.215,-0.362,0.154,0.136,0
5304,51,33,7,15.034,-0.32,-0.086,0.038,-0.067,0
5305,11,7,1,0.138,-0.32,-0.436,0.152,-0.049,1
5306,27,11,1,0.035,0.229,-0.341,-0.042,-0.038,1
5307,5,2,1,0.016,-0.32,-0.436,0.708,0.575,1
5308,4,4,1,0.001,-0.32,-0.436,0.232,1.438,1
5309,18,11,2,7.986,-0.17,-0.436,0.135,-0.067,1
5310,142,60,8,17.046,-0.054,0.191,-0.066,-0.064,0
5311,46,16,2,9.299,0.354,-0.325,-0.035,-0.037,0
5312,12,8,1,0.014,-0.32,-0.012,0.023,-0.067,1
5313,13,8,1,0.013,-0.32,-0.044,0.261,-0.052,1
5314,55,33,5,11.233,-0.001,-0.343,0.007,-0.056,0
5315,35,13,3,15.899,0.181,-0.436,0.221,0.03,1
5316,7,4,2,9.144,-0.32,-0.436,0.178,-0.067,0
5317,44,21,4,3.001,0.048,0.027,-0.041,-0.008,1
5318,22,15,1,0.012,-0.32,-0.089,0.038,-0.067,1
5319,157,53,6,16.984,0.101,-0.436,0.123,0.012,0
5320,5,5,1,0.686,-0.32,-0.436,0.107,-0.067,1
5321,167,48,8,16.838,-0.175,-0.39,0.191,-0.012,0
5322,24,9,2,3.156,0.017,-0.436,0.503,0.05,1
5323,172,49,10,15.873,0.088,-0.317,-0.01,-0.039,0
5324,20,11,3,1.979,-0.32,0.328,-0.018,-0.067,1
5325,209,78,5,17.245,-0.004,0.404,-0.114,-0.035,0
5326,77,34,4,13.004,-0.145,0.093,-0.004,-0.015,1
5327,8,6,1,0.319,1.028,-0.436,0.107,2.968,1
5328,61,19,3,7.126,-0.143,-0.394,0.156,-0.002,1
5329,145,63,8,10.801,-0.032,0.214,-0.069,-0.038,0
5330,20,12,3,13.918,-0.32,0.455,-0.069,-0.067,1
5331,4,3,1,0.009,-0.32,-0.436,0.107,-0.067,1
5332,72,33,5,11.883,-0.264,0.165,-0.012,-0.045,1
5333,6,5,1,0.14,-0.32,-0.436,0.19,0.066,1
5334,45,30,2,1.128,-0.02,0.186,-0.049,-0.009,1
5335,134,75,6,16.827,-0.159,0.191,-0.043,-0.034,1
5336,21,20,1,0.139,-0.32,0.655,-0.108,-0.067,1
5337,40,17,2,2.053,-0.286,0.391,-0.069,-0.067,1
5338,173,60,6,14.927,-0.125,0.153,-0.041,-0.048,1
5339,91,48,6,17.176,0.021,0.124,-0.031,-0.054,0
5340,80,29,3,3.115,-0.32,0.455,0.007,-0.047,1
5341,141,51,8,14.752,0.139,-0.273,0.032,-0.022,0
5342,144,52,6,7.999,0.139,-0.029,-0.039,-0.02,0
5343,12,10,2,1.022,-0.32,0.412,-0.06,-0.067,1
5344,85,46,5,7.001,-0.114,0.133,-0.052,-0.056,0
5345,19,13,2,2.081,-0.32,0.502,0.08,-0.057,1
5346,12,8,1,0.052,-0.208,-0.436,0.065,-0.067,1
5347,23,14,1,0.073,-0.086,0.228,-0.046,-0.059,1
5348,28,14,1,0.033,0.21,0.11,-0.126,-0.06,1
5349,5,4,1,0.001,-0.32,-0.436,0.107,-0.067,1
5350,70,41,3,6.065,-0.012,0.4,-0.137,-0.059,1
5351,29,17,1,0.05,-0.041,0.266,-0.101,-0.067,1
5352,5,5,1,0.106,-0.32,0.073,0.007,-0.067,1
5353,47,20,4,15.601,-0.119,-0.003,0.085,0.112,1
5354,13,7,2,1.99,-0.32,-0.24,0.068,-0.067,1
5355,93,49,5,17.113,0.028,0.194,-0.071,-0.044,1
5356,5,5,1,0.029,-0.32,0.073,0.007,-0.067,0
5357,89,40,6,16.929,0.331,-0.436,-0.017,-0.052,0
5358,35,18,2,2.03,-0.05,0.0,-0.036,-0.056,1
5359,57,30,4,10.13,-0.154,0.145,-0.025,-0.036,0
5360,111,47,9,17.219,0.069,0.023,-0.083,-0.053,0
5361,79,37,3,13.996,0.823,-0.436,-0.052,0.006,0
5362,26,16,3,7.026,-0.32,-0.142,0.107,-0.067,1
5363,135,61,5,10.667,-0.09,0.299,-0.075,-0.018,0
5364,6,3,1,0.002,-0.32,-0.436,0.107,-0.067,1
5365,175,57,8,16.605,0.088,0.146,-0.065,0.02,0
5366,13,10,2,1.108,0.095,-0.436,0.03,0.056,1
5367,33,20,6,12.198,-0.197,-0.05,-0.015,-0.067,1
5368,15,7,2,3.508,-0.32,0.243,0.007,-0.067,1
5369,4,3,1,0.005,-0.32,-0.436,0.107,-0.067,1
5370,106,42,9,17.089,-0.117,-0.196,0.012,-0.067,0
5371,34,17,2,4.066,0.235,-0.286,-0.041,-0.061,1
5372,30,20,2,8.077,-0.23,0.243,-0.044,-0.067,0
5373,47,29,4,17.143,-0.062,0.16,0.032,-0.037,1
5374,20,9,4,15.658,0.219,-0.054,-0.119,-0.057,0
5375,23,3,7,6.175,-0.32,0.56,-0.089,-0.067,1
5376,7,4,1,0.032,-0.32,-0.436,0.25,0.019,1
5377,14,8,2,12.004,-0.32,-0.072,0.071,-0.053,1
5378,97,47,4,12.777,0.264,-0.016,-0.074,-0.018,0
5379,92,39,4,7.048,0.12,-0.297,0.009,-0.028,0
5380,29,12,5,7.862,-0.227,-0.348,0.245,-0.047,1
5381,14,6,1,0.019,-0.32,-0.436,0.214,-0.067,1
5382,29,16,3,8.986,-0.32,-0.085,0.09,-0.053,1
5383,188,38,10,13.937,-0.212,0.119,0.088,0.024,1
5384,147,52,12,16.773,0.111,-0.418,0.226,0.086,0
5385,73,32,11,16.681,0.345,-0.401,-0.03,0.015,0
5386,97,47,4,12.604,0.583,-0.016,-0.1,0.075,0
5387,29,15,1,0.061,-0.041,0.354,-0.118,-0.067,1
5388,35,16,3,5.058,-0.012,0.291,-0.094,0.002,0
5389,83,24,10,16.797,-0.109,-0.436,0.083,0.032,1
5390,21,13,3,4.081,-0.32,0.049,0.011,-0.067,1
5391,136,55,6,12.144,-0.241,0.219,0.118,0.051,1
5392,7,5,1,0.046,-0.32,0.291,-0.036,-0.067,1
5393,60,26,6,9.982,0.017,-0.224,-0.018,-0.031,1
5394,12,8,2,5.053,-0.095,-0.436,0.149,0.05,0
5395,169,55,4,14.018,0.478,-0.345,0.033,0.002,1
5396,8,5,2,9.014,-0.32,-0.436,0.107,-0.067,1
5397,15,10,2,13.978,-0.32,0.073,0.007,-0.067,1
5398,14,7,2,2.968,-0.32,0.11,0.035,-0.039,1
5399,107,48,7,16.762,0.386,0.278,-0.052,0.025,0
5400,55,19,1,0.528,-0.295,0.397,0.079,-0.064,1
5401,5,4,1,0.009,-0.32,-0.436,0.207,-0.067,1
5402,166,69,7,10.947,0.102,0.269,-0.098,-0.013,1
5403,56,34,4,14.073,0.113,-0.39,0.098,-0.003,1
5404,4,3,1,0.002,-0.32,-0.436,0.107,-0.067,1
5405,62,26,5,4.664,-0.233,-0.025,0.042,-0.019,0
5406,5,4,2,2.01,-0.32,-0.436,0.207,-0.067,1
5407,21,7,3,6.635,0.065,-0.436,0.178,-0.0,1
5408,38,19,3,9.014,0.141,-0.034,-0.065,-0.046,0
5409,21,11,3,10.492,-0.192,-0.436,0.226,0.028,0
5410,63,17,8,14.675,0.301,-0.436,0.011,0.035,1
5411,159,53,9,11.008,0.333,-0.148,-0.067,-0.029,0
5412,5,3,1,0.011,-0.32,0.073,0.007,-0.067,1
5413,17,12,2,2.015,-0.32,0.163,-0.011,-0.067,1
5414,33,23,1,0.084,-0.32,0.258,-0.015,-0.049,1
5415,23,13,2,0.719,0.032,-0.325,0.041,0.133,1
5416,10,6,1,0.584,-0.32,-0.436,0.257,-0.007,1
5417,76,24,4,16.003,-0.285,0.133,-0.005,-0.057,1
5418,26,21,2,4.056,-0.113,-0.436,0.049,-0.067,0
5419,93,38,8,17.021,-0.175,0.385,-0.055,-0.046,0
5420,29,14,2,1.105,-0.274,0.529,-0.101,-0.067,1
5421,44,29,1,0.403,-0.228,0.374,-0.075,-0.067,1
5422,9,5,1,0.008,-0.32,0.13,-0.005,-0.067,1
5423,19,9,2,4.446,-0.32,0.1,0.054,-0.057,1
5424,18,7,2,1.934,-0.32,-0.012,0.051,-0.045,1
5425,45,39,6,10.903,-0.32,0.469,-0.06,-0.063,0
5426,7,4,2,0.932,-0.32,0.291,-0.036,-0.067,1
5427,10,8,1,0.004,-0.32,-0.181,0.057,-0.067,1
5428,82,35,6,10.799,-0.041,0.216,0.033,0.009,1
5429,6,6,1,0.027,-0.32,-0.436,0.274,0.301,1
5430,114,55,7,16.075,0.118,0.078,-0.069,0.017,0
5431,101,66,4,13.963,0.08,0.194,-0.087,0.022,0
5432,73,45,6,15.958,0.16,0.087,-0.099,-0.034,0
5433,106,25,8,14.936,-0.295,0.092,0.022,-0.039,0
5434,92,48,6,15.01,-0.173,0.173,-0.008,-0.008,1
5435,4,4,1,0.009,-0.32,0.2,0.357,0.986,1
5436,15,7,3,1.685,-0.32,-0.096,0.14,0.628,0
5437,124,51,12,16.646,0.289,0.159,-0.087,0.027,0
5438,4,3,1,0.0,-0.32,-0.436,0.232,0.234,1
5439,37,21,4,9.079,-0.211,0.183,-0.015,0.003,1
5440,12,11,2,0.201,-0.208,0.2,-0.06,-0.067,0
5441,93,35,7,16.234,0.129,0.002,-0.049,-0.011,0
5442,4,4,1,0.0,-0.32,0.2,-0.018,-0.067,1
5443,106,42,5,16.551,0.341,-0.268,-0.054,-0.029,0
5444,7,4,1,0.009,-0.32,-0.436,0.465,0.133,1
5445,14,9,2,15.316,-0.32,-0.072,0.035,-0.067,1
5446,41,13,2,1.282,-0.057,-0.374,0.131,0.065,1
5447,95,50,5,11.173,0.134,0.127,-0.02,0.131,1
5448,57,25,5,7.348,-0.273,0.279,-0.007,0.169,1
5449,4,4,1,0.055,-0.32,0.2,0.107,0.334,1
5450,8,5,2,0.168,-0.32,0.2,-0.018,-0.067,1
5451,101,31,6,14.206,-0.106,-0.385,0.102,0.05,1
5452,12,5,3,13.37,-0.32,-0.224,0.065,-0.067,1
5453,34,21,1,0.057,-0.32,0.313,-0.026,-0.056,1
5454,74,62,10,16.006,-0.01,0.321,-0.117,-0.032,0
5455,7,6,1,0.005,-0.32,0.291,-0.036,-0.067,1
5456,36,17,6,9.276,-0.32,0.2,0.023,-0.028,1
5457,10,7,2,0.216,-0.32,-0.181,0.107,-0.027,1
5458,46,23,6,16.33,-0.056,-0.049,-0.013,-0.059,1
5459,64,36,6,13.101,-0.13,0.121,-0.011,-0.023,1
5460,47,19,7,16.477,0.311,-0.382,-0.01,0.125,0
5461,33,19,4,15.269,-0.238,0.258,-0.03,-0.067,1
5462,16,10,2,0.206,-0.32,0.677,-0.112,-0.067,1
5463,25,15,2,0.222,0.004,-0.232,0.007,-0.027,0
5464,5,4,1,0.002,-0.32,0.073,0.107,0.013,1
5465,6,4,1,0.012,-0.32,-0.436,0.107,-0.067,1
5466,20,10,3,1.879,-0.32,-0.054,0.032,-0.067,1
5467,8,7,1,0.001,-0.32,-0.118,0.044,-0.067,1
5468,14,7,2,8.254,0.643,-0.436,-0.036,0.291,1
5469,41,10,2,9.297,1.127,-0.436,-0.052,0.158,0
5470,15,8,2,1.047,-0.32,-0.266,0.14,0.147,1
5471,11,6,3,8.052,-0.32,-0.204,0.061,-0.067,0
5472,10,6,3,1.239,-0.32,-0.181,0.157,-0.047,1
5473,6,3,1,0.0,-0.32,-0.436,0.107,-0.067,1
5474,16,9,3,10.013,-0.32,0.041,0.107,0.008,1
5475,103,35,11,16.114,0.151,0.132,-0.073,0.001,0
5476,44,26,3,1.213,-0.167,0.258,-0.064,-0.067,1
5477,11,8,1,0.01,-0.32,0.258,0.016,0.316,1
5478,5,5,2,0.869,-0.32,0.073,0.007,-0.067,1
5479,89,39,10,15.524,-0.169,0.05,0.039,0.323,0
5480,5,4,1,0.002,-0.32,0.073,0.007,-0.067,1
5481,120,31,8,16.059,-0.241,0.158,0.036,-0.025,0
5482,56,29,3,9.184,-0.127,-0.436,0.107,-0.064,1
5483,5,3,1,0.002,-0.32,-0.436,0.207,-0.027,1
5484,7,6,2,0.018,-0.32,-0.436,0.178,0.019,1
5485,99,51,5,9.994,0.157,0.001,-0.04,-0.015,0
5486,42,15,4,14.443,0.258,-0.375,0.011,0.229,0
5487,22,11,1,0.318,-0.32,-0.32,0.266,0.015,1
5488,35,17,4,15.134,0.681,-0.29,-0.094,0.07,1
5489,117,53,4,8.009,0.233,0.217,-0.073,-0.006,0
5490,6,5,1,0.0,-0.32,-0.012,0.023,-0.067,1
5491,122,64,3,12.099,0.244,0.19,-0.103,-0.033,0
5492,8,8,1,0.026,-0.32,0.518,-0.081,-0.067,1
5493,15,6,4,7.319,-0.32,0.073,0.007,-0.067,1
5494,57,30,4,13.973,0.768,-0.213,-0.025,0.158,0
5495,62,29,5,13.987,0.593,-0.436,-0.023,0.049,0
5496,44,19,3,2.065,-0.136,0.432,-0.03,-0.058,1
5497,9,6,1,0.071,-0.32,0.695,-0.116,-0.067,1
5498,82,27,5,9.785,-0.139,-0.312,0.101,0.011,1
5499,143,52,5,14.25,0.085,-0.098,0.005,-0.006,0
5500,43,28,1,0.941,-0.101,0.274,-0.091,-0.063,1
5501,4,4,1,0.0,-0.32,-0.436,0.357,0.033,1
5502,78,33,4,14.022,0.337,-0.044,-0.079,-0.008,0
5503,7,4,2,1.071,-0.32,-0.436,0.107,-0.067,1
5504,76,21,2,11.237,0.265,-0.436,0.034,-0.041,0
5505,29,10,2,6.024,0.284,-0.436,0.02,0.064,1
5506,168,53,11,16.633,-0.151,-0.284,0.19,0.072,0
5507,29,16,2,1.913,-0.227,0.442,-0.066,-0.04,1
5508,7,3,1,0.004,1.028,-0.436,-0.251,-0.039,0
5509,41,22,3,8.806,-0.09,-0.125,-0.028,-0.062,0
5510,7,5,1,0.01,-0.32,0.291,-0.036,-0.067,1
5511,50,22,2,16.361,-0.212,-0.436,0.157,-0.063,1
5512,51,26,3,11.245,0.05,0.213,-0.09,-0.067,0
5513,18,7,1,0.011,0.878,-0.436,-0.005,0.2,1
5514,63,18,7,15.229,0.557,-0.436,-0.084,0.025,0
5515,167,52,9,14.671,0.132,-0.329,0.056,0.052,0
5516,14,12,1,0.149,-0.32,0.655,-0.108,-0.067,1
5517,22,9,4,10.17,0.66,-0.436,-0.144,0.006,1
5518,95,38,4,16.259,0.432,-0.061,-0.104,-0.029,0
5519,84,47,5,6.939,-0.095,0.17,-0.013,-0.02,1
5520,10,6,1,0.021,-0.32,0.328,-0.044,-0.067,1
5521,17,10,1,0.013,-0.32,0.163,0.048,-0.067,1
5522,6,6,1,0.015,-0.32,0.412,-0.06,-0.067,1
5523,90,60,3,14.201,-0.14,0.356,-0.105,-0.065,0
5524,52,20,3,8.269,-0.139,0.445,-0.115,-0.067,0
5525,57,29,3,3.245,-0.249,0.412,-0.06,-0.067,0
5526,81,38,4,14.242,-0.22,0.538,-0.116,-0.067,0
5527,11,9,1,0.018,-0.075,-0.436,0.061,-0.049,1
5528,195,77,8,15.923,-0.016,0.138,-0.04,-0.008,0
5529,74,24,2,1.093,-0.192,-0.092,0.046,0.068,1
5530,77,48,4,11.131,0.065,0.126,-0.056,-0.036,1
5531,41,23,3,6.943,-0.188,0.061,0.058,0.08,1
5532,14,5,1,0.08,-0.32,0.11,0.035,-0.01,1
5533,7,6,2,3.673,-0.32,-0.436,0.107,-0.067,1
5534,47,30,5,16.146,-0.033,0.16,0.043,0.01,0
5535,17,15,1,0.065,-0.241,0.313,-0.07,-0.067,1
5536,19,13,1,0.094,-0.178,-0.436,0.16,-0.046,1
5537,59,26,5,7.058,0.023,0.384,-0.122,-0.04,1
5538,12,8,1,0.033,-0.095,-0.436,0.023,-0.067,1
5539,10,9,1,0.035,-0.32,0.073,0.007,-0.067,1
5540,6,3,1,0.004,-0.32,-0.436,0.107,-0.067,1
5541,11,5,2,11.848,-0.32,-0.204,0.107,-0.067,1
5542,9,6,1,0.007,0.878,-0.436,-0.172,0.066,1
5543,40,24,2,6.099,-0.185,0.137,-0.006,-0.057,0
5544,144,62,4,9.879,0.073,-0.065,-0.05,-0.028,0
5545,83,32,5,16.112,0.411,-0.344,-0.056,-0.007,0
5546,134,40,11,15.129,-0.028,0.058,-0.039,-0.027,0
5547,52,21,3,3.962,-0.164,0.151,-0.047,-0.067,1
5548,160,52,6,16.111,-0.05,0.232,-0.059,-0.025,0
5549,13,7,3,16.094,-0.32,0.151,0.03,-0.021,1
5550,59,22,6,6.87,-0.229,0.384,-0.063,-0.061,1
5551,4,2,1,0.004,-0.32,-0.436,0.107,-0.067,1
5552,79,28,3,1.721,0.226,-0.114,-0.071,-0.019,1
5553,7,5,1,0.009,-0.32,-0.072,0.178,0.162,1
5554,10,7,4,6.998,-0.32,-0.436,0.207,0.153,1
5555,23,15,1,0.085,-0.32,-0.436,0.15,-0.059,1
5556,61,28,4,8.839,-0.099,0.232,-0.082,-0.067,1
5558,23,12,2,6.947,0.911,-0.436,-0.046,0.055,0
5559,77,31,4,8.64,0.748,-0.436,-0.088,-0.005,1
5560,35,15,4,16.012,0.874,-0.436,-0.108,0.024,1
5561,10,6,2,0.926,-0.32,0.328,-0.044,-0.067,1
5562,5,2,3,8.06,-0.32,-0.436,0.107,-0.067,1
5563,105,32,4,15.804,0.104,-0.387,0.097,-0.027,0
5564,158,49,9,14.616,-0.055,0.369,-0.001,-0.039,0
5565,57,24,5,12.947,-0.178,-0.257,0.133,-0.039,1
5566,14,14,1,0.05,-0.224,0.473,-0.108,-0.067,1
5567,39,28,2,1.009,0.129,0.217,-0.112,-0.031,1
5568,33,16,1,0.621,-0.075,0.027,0.061,-0.019,0
5569,63,24,6,15.032,-0.277,0.009,0.043,-0.029,0
5570,47,28,3,9.082,-0.148,0.322,-0.096,-0.067,0
5571,29,9,2,3.769,-0.32,0.178,0.055,-0.019,1
5572,116,62,7,11.992,0.122,-0.194,-0.027,-0.047,1
5573,5,4,2,5.888,-0.32,-0.436,0.107,-0.067,1
5574,29,11,3,11.679,-0.32,-0.172,0.141,-0.053,1
5575,4,3,1,0.0,-0.32,-0.436,0.232,-0.067,1
5576,13,7,1,0.01,-0.32,-0.24,0.184,-0.006,1
5577,56,22,6,9.98,-0.176,-0.436,0.116,0.047,1
5578,56,27,4,14.936,-0.32,0.155,0.134,0.273,1
5579,57,32,7,13.865,0.2,-0.257,0.001,0.049,0
5580,80,21,5,15.921,0.169,-0.404,0.032,-0.007,0
5581,15,10,3,1.639,-0.32,0.243,-0.027,-0.067,1
5582,9,6,1,0.002,-0.32,0.412,-0.06,-0.067,1
5583,44,15,3,3.926,0.415,-0.147,-0.041,0.074,0
5584,28,20,4,12.038,-0.224,0.291,-0.054,-0.067,1
5585,39,17,5,6.979,0.371,-0.24,-0.099,0.046,0
5586,4,4,1,0.001,-0.32,0.2,-0.018,-0.067,1
5587,177,75,10,15.672,0.076,0.297,-0.074,0.146,0
5588,10,6,2,0.991,-0.32,-0.181,0.157,-0.007,0
5589,54,35,5,3.989,-0.12,0.507,-0.107,-0.06,1
5590,58,27,9,15.822,0.005,-0.392,0.012,-0.067,0
5591,28,16,3,4.93,-0.32,0.473,-0.072,-0.067,1
5592,4,4,1,0.004,-0.32,-0.436,0.232,0.535,1
5593,121,51,5,16.053,0.337,0.258,-0.117,0.123,0
5594,79,32,8,13.553,0.141,-0.081,-0.014,0.029,0
5595,19,14,2,5.36,-0.178,-0.168,0.08,0.049,1
5596,162,45,11,15.958,0.246,-0.42,-0.001,-0.036,0
5597,142,74,5,13.143,0.193,0.299,-0.059,0.384,0
5598,7,4,1,0.0,-0.32,-0.436,0.25,0.42,1
5599,15,7,2,4.613,-0.32,0.073,0.107,0.08,1
5600,130,70,7,15.655,0.209,-0.181,-0.009,0.183,0
5601,47,18,3,3.228,-0.263,0.322,-0.053,-0.067,1
5602,49,25,4,13.191,0.505,-0.332,-0.077,0.117,0
5603,73,32,8,15.179,-0.32,0.61,-0.099,-0.067,0
5604,8,5,2,5.238,0.186,-0.436,-0.018,0.083,1
5605,9,6,2,0.346,-0.32,0.13,-0.005,-0.067,1
5606,43,19,5,5.631,-0.132,-0.317,0.142,0.138,1
5607,14,8,2,0.584,0.643,-0.436,-0.036,0.033,1
5608,6,6,2,0.276,-0.32,-0.436,0.274,0.97,1
5609,7,6,2,5.519,-0.32,-0.436,0.107,-0.067,1
5610,11,5,1,0.047,0.538,-0.204,-0.167,-0.067,0
5611,145,62,5,15.399,0.461,0.477,0.103,0.182,0
5612,47,28,1,0.089,-0.091,0.214,-0.064,-0.059,1
5613,40,14,3,7.193,0.051,0.137,0.094,0.058,1
5614,43,30,5,13.326,-0.069,-0.317,0.049,-0.063,0
5615,33,17,3,10.987,0.129,-0.204,-0.06,-0.055,1
5616,130,50,10,11.199,-0.144,-0.22,0.041,-0.016,0
5617,35,26,2,1.063,-0.089,0.291,-0.094,-0.05,1
5618,23,9,3,4.152,-0.32,0.339,-0.046,-0.067,1
5619,61,30,3,8.035,-0.143,0.232,-0.049,-0.041,0
5620,11,5,2,13.412,0.293,-0.436,-0.03,-0.031,0
5621,107,55,5,15.522,0.373,-0.103,-0.062,0.006,0
5622,58,29,4,3.146,-0.064,0.135,0.003,0.068,0
5623,6,3,1,0.027,-0.32,0.412,-0.06,-0.067,1
5624,12,8,2,5.004,-0.32,-0.436,0.107,-0.067,0
5625,38,21,3,15.42,-0.178,0.368,-0.078,-0.067,1
5626,108,47,5,10.995,-0.32,0.577,-0.088,-0.067,0
5627,9,8,3,8.215,-0.32,0.412,-0.06,-0.067,0
5628,88,41,5,11.501,0.063,-0.291,0.073,-0.026,1
5629,33,17,4,13.121,0.62,-0.436,-0.015,0.103,0
5630,23,8,3,1.722,-0.32,0.449,-0.067,-0.067,1
5631,59,39,3,1.117,-0.0,0.513,-0.122,0.076,1
5632,45,18,3,13.956,0.788,-0.436,0.029,0.214,1
5633,29,20,4,4.102,-0.181,-0.085,0.038,-0.067,1
5634,9,6,1,0.005,-0.32,-0.153,0.162,-0.0,1
5635,169,71,14,15.211,-0.025,0.061,-0.047,-0.028,0
5636,118,43,7,10.976,0.331,-0.091,-0.042,-0.011,0
5637,220,62,9,15.316,-0.185,0.339,-0.071,-0.055,0
5638,70,31,6,5.04,-0.012,-0.327,0.078,-0.036,0
5639,39,20,3,3.377,-0.043,-0.37,0.03,-0.067,0
5640,145,57,7,14.324,0.247,0.284,-0.094,-0.023,0
5641,69,40,3,1.218,-0.242,0.376,-0.06,-0.064,0
5642,20,10,3,11.436,-0.185,-0.308,0.157,-0.067,1
5643,9,7,1,0.007,-0.32,0.13,0.107,0.066,1
5644,84,49,12,14.043,-0.095,0.231,-0.084,-0.055,0
5645,10,6,3,4.344,-0.32,-0.436,0.107,-0.067,1
5646,34,9,1,0.384,-0.32,0.462,-0.026,-0.061,1
5647,51,17,6,13.073,-0.32,-0.037,0.058,-0.056,1
5648,100,50,5,10.279,-0.064,-0.003,0.007,0.013,0
5649,41,15,4,7.07,-0.32,0.433,0.009,-0.004,1
5650,100,35,4,14.133,-0.199,0.175,-0.013,-0.045,1
5651,11,7,2,4.121,-0.32,0.258,0.016,0.079,1
5652,189,74,8,12.0,0.122,0.184,-0.089,-0.004,0
5653,15,7,2,3.329,-0.32,-0.436,0.174,-0.067,1
5654,20,8,2,3.96,-0.05,-0.436,0.157,0.003,1
5655,7,5,1,0.001,-0.32,-0.436,0.107,-0.067,1
5656,5,4,1,0.011,-0.32,-0.436,0.207,0.133,1
5657,45,13,2,1.904,-0.32,-0.323,0.296,0.093,1
5658,103,50,6,7.25,0.007,0.207,-0.088,-0.034,0
5659,15,6,1,0.046,-0.32,-0.436,0.14,-0.067,1
5660,28,20,2,0.997,-0.272,0.291,-0.036,-0.039,1
5661,63,21,6,15.103,0.258,-0.436,-0.036,-0.045,0
5662,55,43,3,15.088,0.023,0.397,-0.139,-0.06,0
5663,15,8,2,13.891,-0.32,0.412,0.007,-0.067,1
5664,11,5,1,0.006,0.415,-0.436,-0.03,0.17,1
5665,11,4,1,0.007,0.17,-0.436,-0.075,-0.067,1
5666,23,16,2,7.69,-0.32,-0.214,0.237,4.287,1
5667,26,10,2,6.865,-0.32,0.641,-0.105,-0.067,1
5668,6,5,1,0.042,-0.32,0.412,-0.06,-0.067,1
5669,135,44,12,15.232,0.079,0.111,-0.057,-0.027,0
5670,5,4,1,0.003,-0.32,-0.436,0.107,-0.067,1
5671,6,3,1,0.003,-0.32,-0.012,0.107,-0.067,1
5672,104,48,7,12.771,0.16,0.078,-0.043,-0.007,1
5673,23,20,4,14.012,-0.32,-0.104,0.041,-0.067,0
5674,45,19,2,0.902,0.459,-0.436,-0.038,0.022,1
5675,8,7,1,0.034,-0.32,-0.436,0.107,-0.067,1
5676,157,65,7,14.95,0.169,-0.225,0.033,0.0,0
5677,7,5,1,0.095,-0.32,-0.072,0.035,-0.067,1
5678,134,50,10,14.186,-0.199,0.286,-0.065,-0.064,0
5679,181,72,5,11.216,0.03,0.0,0.049,-0.007,0
5680,13,11,3,10.722,-0.32,0.347,-0.047,-0.067,1
5681,83,35,6,10.87,-0.19,-0.344,0.161,-0.029,0
5682,22,9,3,10.015,-0.32,-0.32,0.107,-0.067,0
5683,27,10,2,0.995,-0.22,-0.436,0.162,0.156,1
5684,5,3,1,0.0,-0.32,-0.436,0.107,-0.067,1
5685,185,68,12,13.179,-0.014,-0.133,0.009,-0.025,0
5686,92,43,8,11.936,0.134,-0.27,-0.008,-0.017,0
5687,45,34,6,14.829,-0.32,-0.323,0.096,-0.063,0
5688,50,16,2,13.037,-0.104,-0.385,0.167,-0.019,0
5689,103,49,2,1.114,0.164,0.207,-0.059,0.009,0
5690,82,32,10,15.135,-0.238,0.185,0.027,-0.004,1
5691,5,3,1,0.0,-0.32,-0.436,0.107,-0.067,1
5692,71,26,4,14.674,0.439,-0.364,-0.013,0.06,0
5693,57,35,3,9.029,0.957,-0.391,-0.043,0.14,1
5694,20,15,1,0.053,-0.185,0.455,-0.119,-0.067,0
5695,12,5,1,0.015,-0.32,-0.224,0.399,0.117,1
5696,18,15,1,0.04,-0.32,0.554,-0.088,-0.067,1
5697,53,27,4,14.007,1.155,-0.436,-0.101,0.133,1
5698,67,26,2,2.185,-0.199,0.02,0.084,-0.043,1
5699,8,6,1,0.014,-0.32,0.2,0.169,0.008,1
5700,142,55,4,9.615,-0.197,0.209,-0.017,-0.014,0
5701,7,5,1,0.005,-0.32,-0.436,0.107,-0.067,1
5702,8,5,1,0.015,-0.32,0.2,-0.018,-0.067,1
5703,39,27,7,9.957,-0.113,-0.175,0.004,-0.067,1
5704,81,50,9,14.861,-0.32,0.381,-0.023,-0.052,0
5705,178,55,7,12.815,0.18,-0.421,0.031,-0.011,0
5706,11,6,1,0.024,-0.32,0.49,-0.075,-0.067,1
5707,35,14,2,10.054,0.104,-0.436,0.021,-0.027,0
5708,145,59,8,12.88,-0.125,0.073,-0.042,0.021,1
5709,6,4,1,0.018,-0.32,-0.436,0.107,-0.067,0
5710,181,61,5,10.731,0.067,0.028,0.043,-0.032,0
5711,166,65,6,11.633,0.2,0.177,-0.089,0.023,0
5712,76,50,3,9.691,-0.001,0.133,-0.045,-0.02,1
5713,28,15,3,6.042,-0.224,-0.436,0.089,-0.06,1
5714,170,54,8,15.064,0.069,-0.136,-0.046,-0.051,0
5715,61,44,4,3.039,-0.121,0.44,-0.123,-0.054,0
5716,8,4,1,0.007,0.354,-0.436,-0.081,-0.067,1
5717,6,4,1,0.005,-0.32,-0.436,0.608,0.133,1
5718,269,65,10,10.994,-0.28,-0.095,0.042,-0.016,0
5719,9,6,1,0.003,0.429,-0.436,-0.116,-0.067,1
5720,30,17,3,7.022,-0.32,0.243,-0.01,-0.067,1
5721,6,6,1,0.001,-0.32,-0.436,0.107,-0.067,1
5722,6,4,1,0.003,-0.32,-0.436,0.107,-0.067,1
5723,24,13,3,9.991,0.466,-0.436,-0.081,0.05,0
5724,280,82,10,15.001,0.104,0.309,-0.117,-0.034,0
5725,93,34,11,14.033,-0.132,-0.354,0.091,-0.037,0
5726,45,27,2,7.059,0.01,0.299,-0.105,0.031,0
5727,55,39,4,8.999,0.44,-0.019,-0.121,-0.009,0
5728,19,18,2,5.062,-0.178,0.234,-0.051,-0.067,0
5729,23,10,3,11.96,-0.203,0.228,0.02,-0.015,1
5730,20,6,5,14.975,-0.32,0.709,-0.119,-0.067,0
5731,87,27,7,13.783,0.114,-0.289,0.153,0.08,0
5732,78,32,10,12.786,-0.164,-0.305,0.055,-0.062,0
5733,176,59,11,13.693,0.132,-0.349,0.036,-0.021,0
5734,14,7,1,0.024,0.354,-0.436,-0.036,-0.039,1
5735,63,23,4,8.661,-0.192,0.17,0.027,-0.032,1
5736,63,22,4,13.032,-0.063,-0.355,0.123,-0.045,1
5737,6,4,1,0.014,-0.32,-0.436,0.19,0.167,1
5738,13,9,2,4.96,0.302,-0.436,-0.086,-0.067,0
5739,41,17,2,1.565,0.173,-0.436,-0.015,-0.048,1
5740,23,13,3,8.959,0.09,-0.214,-0.024,-0.041,0
5741,21,8,2,11.425,-0.32,-0.193,0.083,-0.058,0
5742,124,46,5,14.751,0.343,-0.272,-0.055,0.001,1
5743,134,56,11,11.76,0.183,0.134,-0.095,-0.037,0
5744,7,3,1,0.008,-0.32,-0.436,0.178,0.105,1
5745,21,13,4,8.973,-0.32,0.291,-0.013,-0.067,1
5746,6,5,1,0.002,-0.32,-0.012,0.107,0.836,1
5747,23,14,3,7.367,0.032,0.117,-0.024,0.16,1
5748,126,46,9,14.687,-0.192,0.493,-0.104,-0.05,0
5749,71,55,5,12.674,-0.244,0.46,-0.07,-0.056,0
5750,23,15,2,1.217,-0.144,0.228,-0.046,0.046,0
5751,6,6,1,0.007,0.803,-0.012,-0.06,0.769,1
5752,9,8,1,0.03,-0.32,0.412,-0.06,-0.067,1
5753,6,6,1,0.0,-0.32,-0.436,0.107,-0.067,1
5754,7,3,1,0.004,-0.32,-0.072,0.035,-0.067,1
5755,9,6,2,13.138,-0.32,0.13,0.051,-0.067,0
5756,7,4,2,3.184,-0.32,-0.072,0.035,-0.067,1
5757,4,4,1,0.002,-0.32,-0.436,0.107,-0.067,1
5758,48,19,7,14.248,-0.208,-0.065,0.034,0.016,0
5759,160,88,5,14.135,0.295,0.137,-0.069,0.009,0
5760,138,53,6,14.406,-0.095,0.228,-0.075,-0.05,0
5761,4,4,1,0.002,-0.32,-0.436,0.107,-0.067,1
5762,23,15,2,0.224,0.032,0.228,-0.133,-0.067,1
5763,36,19,3,3.194,-0.245,-0.294,0.107,0.005,1
5764,271,56,5,14.468,-0.091,0.372,-0.078,-0.052,0
5765,12,6,2,0.135,0.466,-0.224,-0.144,-0.067,1
5766,121,39,8,13.045,-0.108,-0.352,0.065,-0.021,0
5767,103,62,11,11.118,-0.241,0.404,-0.063,-0.067,1
5768,4,4,2,10.937,-0.32,-0.436,0.357,0.786,0
5769,26,9,2,0.234,-0.32,0.151,0.01,-0.06,1
5770,49,19,3,8.92,-0.045,-0.384,0.229,-0.026,1
5771,84,31,3,1.174,-0.192,0.11,0.035,-0.029,1
5772,19,9,4,8.135,0.106,-0.436,0.001,-0.067,1
5773,5,5,2,0.022,-0.32,0.073,0.007,-0.067,1
5774,100,30,6,13.825,0.111,-0.359,0.022,-0.037,0
5775,12,8,3,8.777,-0.32,-0.012,0.023,-0.067,1
5776,15,13,2,1.931,-0.05,-0.436,0.04,-0.054,1
5777,49,18,4,11.251,-0.21,0.343,0.015,-0.067,1
5778,125,36,6,11.794,-0.255,0.155,-0.013,-0.058,0
5779,42,16,3,7.994,0.226,-0.254,-0.048,-0.053,0
5780,158,51,11,14.37,0.141,0.675,-0.118,-0.027,0
5781,10,7,1,0.116,-0.32,-0.181,0.107,0.033,1
5782,32,16,1,0.06,0.143,-0.038,-0.065,-0.055,1
5783,11,5,1,0.013,-0.32,-0.436,0.198,-0.049,1
5784,6,5,2,3.121,-0.32,-0.012,0.107,-0.067,0
5785,5,5,1,0.001,-0.32,0.073,0.107,0.174,1
5786,20,9,2,1.776,-0.185,0.073,-0.018,-0.067,1
5787,64,24,7,12.736,-0.236,0.359,0.013,-0.02,1
5788,5,3,1,0.001,-0.32,-0.436,0.107,-0.067,1
5789,8,5,1,0.011,-0.32,-0.436,0.232,-0.067,1
5790,17,11,2,5.986,-0.32,0.013,0.048,-0.056,1
5791,104,48,6,14.009,-0.151,0.078,-0.004,-0.062,0
5792,15,9,2,9.033,-0.32,0.412,-0.06,-0.067,1
5793,20,6,1,0.018,-0.32,0.455,-0.044,-0.067,1
5794,15,13,1,0.048,0.129,0.412,-0.16,-0.014,1
5795,38,24,2,5.767,-0.285,0.435,-0.078,-0.067,0
5796,32,20,2,1.007,-0.109,-0.356,0.075,-0.048,1
5797,19,8,3,2.999,-0.32,-0.436,0.107,-0.067,1
5798,19,12,1,0.265,-0.32,0.368,-0.051,-0.067,1
5799,44,15,2,0.873,-0.32,0.027,0.118,-0.067,1
5800,75,36,6,13.748,-0.158,-0.334,0.147,-0.038,1
5801,7,6,1,0.0,-0.32,0.291,-0.036,-0.067,1
5802,27,10,2,1.16,-0.22,-0.341,0.144,-0.038,1
5803,6,5,1,0.001,-0.32,-0.436,0.107,-0.067,1
5804,117,58,5,14.306,-0.216,0.347,-0.047,-0.023,0
5805,4,3,1,0.026,-0.32,-0.436,0.107,-0.067,1
5806,28,12,2,4.989,-0.32,-0.436,0.125,-0.067,1
5807,31,15,3,11.051,-0.233,0.221,-0.006,-0.067,1
5808,92,54,5,14.025,0.002,0.256,-0.095,0.042,0
5809,41,27,4,2.879,-0.024,-0.312,-0.003,-0.067,1
5810,4,3,1,0.003,-0.32,0.2,-0.018,-0.067,1
5811,92,29,3,2.047,-0.203,-0.049,0.069,-0.017,1
5812,31,18,4,3.85,0.028,-0.354,0.058,-0.022,1
5813,16,8,3,9.006,-0.32,0.518,-0.081,-0.067,1
5814,10,9,2,11.982,-0.32,0.073,0.007,-0.067,1
5815,89,61,4,10.717,-0.032,0.279,-0.085,-0.049,1
5816,13,8,1,0.512,0.406,-0.24,0.03,0.118,0
5817,31,17,2,0.928,0.115,-0.436,0.252,0.017,1
5818,124,41,4,7.982,-0.255,0.447,-0.079,-0.067,1
5819,91,47,3,1.734,0.065,0.263,-0.108,-0.063,1
5820,6,4,2,6.645,-0.32,-0.012,0.023,-0.067,1
5821,15,10,3,2.829,-0.32,0.243,0.174,-0.054,1
5822,18,9,4,10.594,0.204,-0.436,-0.06,-0.067,0
5823,20,8,3,5.4,-0.32,-0.308,0.232,-0.067,0
5824,6,4,1,0.09,-0.32,-0.436,0.107,-0.067,1
5825,8,4,1,0.618,-0.32,0.518,-0.081,-0.067,1
5826,77,51,7,7.686,0.118,-0.237,-0.01,-0.023,0
5827,4,4,1,0.014,-0.32,0.2,0.107,0.033,1
5828,23,10,1,0.057,-0.32,-0.436,0.172,-0.032,1
5829,28,15,4,10.728,0.98,-0.254,-0.144,0.09,0
5830,25,17,4,3.996,-0.212,-0.436,0.107,-0.067,0
5831,78,49,2,12.737,-0.32,0.673,-0.105,-0.067,1
5832,55,40,5,4.884,-0.05,0.304,-0.103,-0.045,1
5833,4,4,1,0.008,-0.32,-0.436,0.107,-0.067,1
5834,169,62,10,11.954,-0.129,0.272,-0.071,-0.052,0
5835,7,7,1,0.001,-0.32,-0.072,0.107,-0.067,1
5836,92,33,12,13.724,-0.32,0.256,-0.029,-0.067,0
5837,68,24,8,12.92,-0.102,-0.398,0.048,-0.056,0
5838,8,4,1,0.003,0.86,-0.436,-0.144,0.008,1
5839,44,20,5,5.972,-0.32,-0.147,0.198,0.143,1
5840,34,15,2,6.551,-0.32,0.687,-0.114,-0.067,0
5841,18,12,2,0.808,-0.32,-0.012,0.051,-0.034,1
5842,52,23,7,10.352,-0.32,-0.436,0.136,-0.013,1
5843,132,59,5,8.115,-0.167,0.104,0.019,0.091,1
5844,56,31,4,10.494,0.041,0.155,-0.045,-0.003,0
5845,5,5,1,0.025,-0.32,-0.436,0.107,-0.067,1
5846,59,42,4,8.553,-0.16,0.427,-0.08,-0.016,1
5847,105,41,5,13.295,-0.127,0.316,-0.089,-0.027,0
5848,103,44,8,12.558,-0.176,-0.287,0.058,-0.022,0
5849,70,48,6,8.101,0.142,-0.218,0.007,-0.004,0
5850,100,55,3,8.483,0.031,0.048,-0.044,0.011,1
5851,15,10,2,0.564,-0.32,0.582,0.007,0.053,1
5852,71,42,3,8.488,0.269,-0.364,0.079,0.611,1
5853,9,4,2,0.16,-0.32,-0.436,0.218,0.066,0
5854,8,2,1,0.008,-0.32,-0.436,0.295,0.083,1
5855,51,24,5,13.512,0.235,-0.336,-0.031,-0.04,0
5856,5,5,2,2.414,-0.32,0.073,0.007,-0.067,1
5857,8,6,1,0.013,-0.32,0.2,0.044,0.008,1
5858,18,15,1,0.026,-0.095,-0.012,-0.06,-0.067,1
5859,92,58,8,13.359,0.706,0.09,-0.138,-0.015,0
5860,31,14,1,0.106,0.463,-0.436,-0.023,0.107,1
5861,6,5,1,0.007,-0.32,0.412,-0.06,-0.067,1
5862,35,12,5,4.085,-0.32,-0.363,0.121,-0.067,1
5863,123,42,6,11.406,0.151,-0.27,0.042,0.026,1
5864,166,65,8,13.498,0.127,0.07,-0.101,-0.049,0
5865,14,10,2,0.128,0.065,-0.436,0.035,-0.067,1
5866,11,6,1,0.004,-0.32,0.49,0.016,-0.049,1
5867,11,7,1,0.005,-0.32,0.027,0.016,-0.067,1
5868,5,5,1,0.003,-0.32,0.073,0.007,-0.067,1
5869,89,41,6,13.058,-0.017,0.022,-0.011,0.012,0
5870,113,56,8,10.955,0.217,-0.12,-0.017,-0.003,0
5871,168,58,7,7.116,0.025,-0.345,10.479,0.111,0
5872,5,4,2,12.212,-0.32,0.073,0.007,-0.067,0
5873,5,5,1,0.001,-0.32,0.073,0.007,-0.067,1
5874,18,8,2,0.386,-0.32,0.13,0.023,-0.067,1
5875,40,18,3,4.858,-0.185,-0.372,0.094,-0.017,1
5876,64,50,6,7.436,-0.278,0.518,-0.018,0.14,0
5877,12,7,1,0.003,-0.32,-0.436,0.316,0.016,1
5878,62,32,1,0.307,-0.124,0.098,0.018,-0.022,0
5879,6,5,1,0.017,-0.32,0.412,-0.06,-0.067,1
5880,4,3,1,0.047,-0.32,-0.436,0.107,-0.067,1
5881,61,31,2,1.881,-0.143,0.065,-0.025,-0.061,0
5882,33,22,2,2.273,-0.157,0.181,-0.03,-0.043,0
5883,127,52,4,7.077,0.317,-0.336,0.004,-0.007,1
5884,9,3,1,0.001,-0.32,0.13,-0.005,-0.067,1
5885,34,16,1,0.059,-0.161,-0.286,0.048,-0.032,1
5886,17,10,2,3.364,-0.32,-0.136,0.225,0.074,1
5887,46,20,7,9.321,-0.144,0.007,-0.002,1.154,0
5888,9,6,1,0.023,-0.32,0.13,-0.005,-0.067,1
5889,8,4,1,0.007,-0.32,-0.436,0.107,-0.067,1
5890,5,2,1,0.005,-0.32,-0.436,0.207,-0.027,1
5891,5,4,1,0.0,-0.32,-0.436,1.009,0.093,1
5892,4,3,1,0.0,-0.32,-0.436,0.107,-0.067,1
5893,22,18,1,0.33,-0.197,0.143,0.016,0.033,0
5894,11,6,2,4.323,-0.32,-0.436,0.107,-0.067,1
5895,142,62,5,10.127,0.174,-0.077,0.029,0.047,0
5896,50,26,3,7.979,0.462,-0.436,-0.023,0.013,1
5897,14,6,1,0.006,0.354,-0.436,-0.072,-0.067,1
5898,4,4,1,0.001,-0.32,0.2,-0.018,-0.067,1
5899,36,15,7,12.282,-0.32,-0.436,0.107,-0.067,0
5900,66,38,4,12.169,0.089,-0.281,0.001,-0.028,0
5901,4,3,1,0.003,-0.32,0.837,-0.018,0.184,1
5902,107,46,5,10.095,0.033,0.206,-0.048,-0.039,1
5903,7,3,2,1.765,-0.32,-0.436,0.107,-0.067,1
5904,61,26,4,9.749,-0.32,0.524,-0.074,-0.054,0
5905,138,74,7,12.921,0.188,0.246,-0.107,-0.016,0
5906,35,15,1,0.142,-0.089,0.437,-0.051,-0.01,1
5907,29,17,1,0.015,0.424,-0.26,0.038,0.12,1
5908,59,20,7,8.135,0.046,-0.349,0.081,0.072,0
5909,6,6,1,0.015,-0.32,0.412,-0.06,-0.067,1
5910,5,4,1,0.008,-0.32,0.073,0.107,0.013,1
5911,55,33,2,0.945,-0.222,0.443,-0.085,-0.067,1
5912,36,24,3,5.01,-0.245,-0.153,0.051,-0.056,1
5913,21,16,3,2.166,-0.063,-0.436,0.083,-0.058,1
5914,76,17,5,13.128,0.372,-0.034,-0.078,0.022,1
5915,150,50,7,11.101,0.013,0.243,-0.044,-0.029,0
5916,56,26,7,9.123,-0.176,-0.254,0.089,-0.021,1
5917,8,5,1,0.001,-0.32,-0.436,0.107,-0.067,1
5918,11,6,1,0.026,-0.32,0.49,-0.075,-0.067,1
5919,45,23,2,2.278,-0.2,0.017,0.029,0.044,1
5920,12,8,2,1.572,-0.32,0.2,-0.018,-0.067,1
5921,36,34,2,0.954,-0.32,0.695,-0.116,-0.067,1
5922,4,4,1,0.009,0.354,-0.436,-0.018,-0.067,1
5923,4,3,1,0.003,-0.32,-0.436,0.107,-0.067,1
5924,101,43,5,12.677,0.347,-0.31,-0.007,-0.012,0
5925,56,34,4,13.031,-0.176,-0.345,0.205,0.012,1
5926,4,3,1,0.009,-0.32,0.2,-0.018,-0.067,1
5927,147,60,4,7.07,0.001,0.118,0.022,-0.009,0
5928,167,73,5,13.004,-0.005,0.052,0.029,-0.037,0
5929,50,19,2,1.105,-0.32,0.582,-0.084,-0.059,1
5930,4,3,1,0.001,-0.32,-0.436,0.107,-0.067,1
5931,10,4,1,0.015,-0.32,0.328,-0.044,-0.067,1
5932,53,16,1,0.041,0.443,-0.436,-0.016,0.069,0
5933,13,8,1,0.022,-0.32,0.151,-0.009,-0.067,1
5934,4,4,1,0.0,-0.32,-0.436,0.107,-0.067,1
5935,6,6,1,0.046,-0.32,0.412,-0.06,-0.067,1
5936,15,7,1,0.024,-0.32,0.243,-0.027,-0.067,1
5937,158,69,4,9.745,0.32,0.047,-0.083,-0.022,0
5938,7,5,1,0.007,0.45,-0.436,-0.108,-0.067,1
5939,83,33,9,10.431,-0.255,0.392,0.052,-0.026,0
5940,4,3,1,0.002,-0.32,-0.436,0.107,-0.067,1
5941,5,5,1,0.001,-0.32,0.073,0.007,-0.067,1
5942,7,4,1,0.009,-0.32,-0.072,0.035,-0.067,1
5943,31,19,4,4.987,-0.016,-0.354,0.026,-0.035,1
5944,12,11,3,1.763,-0.095,-0.224,0.023,-0.067,1
5945,50,16,7,8.94,0.004,-0.436,0.207,-0.019,1
5946,18,9,2,2.676,-0.32,0.271,0.051,0.022,0
5947,64,40,6,6.629,0.691,-0.118,-0.089,0.046,0
5948,8,6,1,0.003,0.354,-0.436,-0.018,-0.067,1
5949,26,10,3,1.938,-0.32,0.249,0.049,0.018,1
5950,5,4,2,0.76,-0.32,-0.436,0.107,-0.067,1
5951,102,56,5,9.867,-0.016,0.188,0.004,-0.026,0
5952,24,17,4,11.665,-0.208,-0.33,0.169,1.262,0
5953,177,73,5,6.537,0.053,0.125,-0.06,0.042,0
5954,61,34,7,9.233,-0.187,-0.352,0.099,0.074,1
5955,46,12,3,7.068,-0.32,-0.38,0.139,-0.041,0
5956,12,5,1,0.022,-0.32,-0.224,0.19,0.033,1
5957,21,6,6,12.135,-0.32,0.291,-0.036,-0.067,0
5958,10,5,1,0.018,-0.32,0.073,0.107,0.033,1
5959,6,6,1,0.018,-0.32,-0.012,0.023,-0.067,1
5960,27,18,1,0.129,-0.22,0.318,0.088,0.044,1
5961,16,12,1,0.002,0.691,0.041,0.201,0.284,1
5962,10,9,2,0.343,-0.32,-0.181,0.057,-0.067,1
5963,5,4,1,0.002,-0.32,-0.436,0.107,-0.067,1
5964,18,7,2,2.406,-0.32,0.13,0.023,-0.067,1
5965,23,16,2,0.485,-0.086,0.117,-0.046,-0.067,1
5966,77,45,2,1.02,0.205,0.126,-0.082,-0.002,1
5967,16,7,1,0.005,0.017,-0.118,-0.018,-0.067,1
5968,6,4,1,0.009,-0.32,-0.436,0.107,-0.067,1
5969,5,3,1,0.001,-0.32,-0.436,0.107,-0.067,1
5970,9,6,1,0.019,-0.32,-0.153,0.051,-0.067,0
5971,30,13,2,4.929,0.174,-0.181,-0.027,-0.0,1
5972,15,7,1,0.02,-0.32,0.582,-0.06,-0.054,1
5973,5,4,1,0.008,-0.32,0.073,0.007,-0.067,1
5974,6,4,1,0.003,-0.32,-0.436,0.107,-0.067,1
5975,102,58,5,6.285,0.037,0.213,-0.109,-0.063,0
5976,145,57,6,12.421,0.247,0.038,-0.08,-0.035,0
5977,111,50,5,8.248,0.129,-0.115,-0.006,-0.022,1
5978,39,21,3,1.367,-0.251,0.282,-0.047,-0.067,1
5979,13,7,3,2.717,-0.32,0.543,-0.086,-0.067,1
5980,166,56,5,7.125,0.248,-0.39,0.034,0.015,0
5981,30,27,2,0.355,-0.05,0.412,-0.127,-0.067,1
5982,7,5,1,0.911,-0.32,-0.072,0.107,-0.039,1
5983,4,3,1,0.001,-0.32,-0.436,0.107,-0.067,1
5984,15,8,1,0.017,-0.32,0.412,-0.06,-0.067,0
5985,39,19,2,6.005,-0.32,0.282,0.094,-0.062,0
5986,14,10,1,0.015,0.45,-0.436,-0.108,-0.053,1
5987,199,66,7,9.043,-0.218,0.255,-0.037,-0.055,0
5988,45,19,2,1.356,-0.32,-0.379,0.096,-0.067,0
5989,38,27,2,11.338,-0.249,0.301,-0.038,-0.067,0
5990,58,17,3,6.167,-0.157,0.178,0.038,-0.036,0
5991,51,37,3,2.953,-0.32,0.662,-0.109,-0.067,1
5992,4,4,1,0.009,-0.32,-0.436,0.107,-0.067,1
5993,21,10,1,0.013,0.194,-0.436,0.059,-0.048,1
5994,15,9,2,7.237,-0.32,0.243,-0.027,-0.067,0
5995,35,24,1,0.092,-0.243,0.291,-0.036,-0.062,0
5996,142,35,5,4.25,-0.159,-0.4,0.11,-0.059,0
5997,58,37,5,9.98,0.145,-0.129,-0.049,-0.057,0
5998,114,49,2,9.3,0.401,-0.391,0.076,-0.018,0
5999,6,2,1,0.008,-0.32,-0.436,0.107,-0.067,1
6000,36,13,3,1.884,0.429,-0.365,-0.032,-0.0,1
6001,65,30,2,6.002,0.074,-0.436,-0.001,-0.046,1
6002,22,11,3,5.869,-0.32,0.027,0.016,-0.067,0
6003,135,46,2,1.032,-0.27,0.356,0.085,0.084,1
6004,85,39,4,6.986,0.647,-0.316,0.024,0.072,0
6005,13,11,2,1.085,-0.32,0.543,-0.047,-0.021,1
6006,85,53,6,12.204,-0.225,-0.196,0.071,-0.046,0
6007,30,21,5,9.095,-0.005,-0.266,-0.027,-0.061,0
6008,8,2,1,0.002,-0.32,-0.436,0.107,-0.067,1
6009,107,51,4,8.792,-0.055,0.064,-0.001,-0.009,1
6010,209,75,7,11.117,0.17,0.1,-0.051,-0.006,0
6011,7,5,1,0.006,-0.32,0.291,-0.036,-0.067,0
6012,39,28,2,1.801,-0.32,-0.37,0.132,-0.031,1
6013,26,12,3,10.712,1.235,-0.436,-0.124,0.01,1
6014,38,21,1,0.197,0.106,0.234,-0.091,-0.067,1
6015,20,9,2,5.937,-0.32,0.2,-0.018,-0.067,1
6016,17,8,1,0.054,-0.32,0.462,-0.07,-0.067,1
6017,153,50,9,12.156,0.024,-0.419,0.169,0.023,0
6018,69,30,3,7.815,-0.125,0.191,-0.067,-0.064,0
6019,66,48,6,9.141,-0.177,0.335,-0.068,-0.052,0
6020,4,4,1,0.013,-0.32,-0.436,0.107,-0.067,1
6021,9,8,2,1.602,-0.32,0.13,-0.005,-0.067,1
6022,25,8,4,8.675,-0.32,0.277,-0.034,-0.067,0
6023,37,9,3,6.231,-0.32,-0.298,0.351,0.052,0
6024,46,28,4,8.162,-0.203,0.062,0.031,-0.011,0
6025,5,3,1,0.008,-0.32,-0.436,0.107,-0.067,1
6026,31,14,2,11.853,0.332,-0.436,0.074,0.017,0
6027,42,16,4,12.132,0.45,-0.436,-0.06,0.038,0
6028,73,40,4,7.972,0.825,-0.122,-0.127,0.029,0
6029,139,56,7,12.06,0.039,-0.143,-0.027,-0.059,0
6030,4,3,1,0.0,-0.32,-0.436,0.107,-0.067,1
6031,5,3,1,0.015,-0.32,-0.436,0.407,0.013,1
6032,52,34,1,0.089,-0.32,0.543,-0.086,-0.067,1
6033,26,9,1,0.579,-0.32,0.054,0.03,-0.067,1
6034,117,58,5,8.098,-0.182,0.086,-0.017,-0.036,0
6035,15,8,1,0.019,-0.32,-0.436,0.107,-0.067,1
6036,19,16,2,8.488,-0.178,0.234,0.001,-0.036,0
6037,19,14,1,0.158,-0.178,-0.168,0.028,-0.067,1
6038,83,39,4,12.146,0.313,-0.068,-0.111,-0.065,0
6039,9,6,2,1.083,-0.32,0.412,-0.06,-0.067,1
6040,41,28,4,11.111,-0.188,0.123,0.033,-0.033,1
6041,55,27,7,10.068,0.244,-0.297,-0.012,-0.016,0
6042,21,14,1,0.228,-0.192,0.291,-0.06,-0.067,0
6043,16,8,1,0.002,-0.32,-0.436,0.107,-0.067,1
6044,89,49,6,11.051,-0.169,0.193,-0.028,-0.022,0
6045,12,9,2,1.084,-0.32,0.412,-0.06,-0.067,1
6046,74,33,7,11.072,-0.065,-0.367,0.08,-0.035,0
6047,43,27,4,4.093,-0.069,-0.081,-0.033,-0.063,1
6048,18,10,2,0.936,-0.32,-0.153,0.051,-0.067,1
6049,13,6,1,0.041,-0.32,0.347,-0.047,-0.067,0
6050,49,24,2,4.065,-0.265,0.447,-0.077,-0.067,1
6051,12,9,2,4.541,0.242,-0.436,-0.06,-0.067,0
6052,36,14,3,8.021,0.654,-0.436,-0.074,-0.039,1
6053,23,13,3,6.782,-0.203,0.007,0.02,-0.059,1
6054,7,4,1,0.513,-0.32,0.291,-0.036,-0.067,1
6055,17,11,1,0.016,0.394,-0.436,-0.1,-0.067,1
6056,22,15,2,1.694,-0.32,0.027,0.016,-0.067,0
6057,5,3,1,0.022,-0.32,-0.436,0.207,-0.067,1
6058,10,4,1,0.005,-0.32,-0.436,0.307,-0.067,0
6059,216,73,9,11.944,0.036,0.047,-0.051,-0.021,0
6060,37,19,6,6.028,-0.32,0.252,-0.029,-0.067,0
6061,68,18,2,1.054,-0.32,0.275,-0.011,-0.011,1
6062,98,46,3,7.663,0.505,-0.384,-0.026,0.006,1
6063,71,29,4,10.013,-0.244,0.389,-0.07,-0.067,0
6064,17,12,2,8.417,0.156,-0.286,-0.041,-0.067,0
6065,23,17,4,4.002,-0.203,-0.214,0.063,-0.067,0
6066,4,4,1,0.002,-0.32,0.2,-0.018,-0.067,1
6067,4,4,1,0.0,-0.32,0.2,-0.018,-0.067,1
6068,43,19,5,4.787,-0.195,-0.199,0.118,-0.03,1
6069,25,15,2,2.345,-0.32,0.277,-0.034,-0.067,1
6070,7,6,1,0.0,-0.32,-0.072,0.035,-0.067,1
6071,7,5,1,0.003,0.065,-0.072,-0.036,-0.067,1
6072,21,16,4,10.012,-0.063,0.17,-0.013,-0.01,0
6073,74,40,3,10.736,-0.138,0.149,-0.002,0.03,0
6074,5,4,2,0.903,-0.32,-0.436,0.107,-0.067,1
6075,4,2,1,0.009,-0.32,-0.436,0.107,-0.067,1
6076,21,14,2,10.983,0.322,-0.436,-0.06,-0.058,1
6077,10,8,3,2.891,-0.32,-0.436,0.207,0.194,1
6078,46,23,2,2.927,0.178,-0.436,0.063,0.055,1
6079,4,3,1,0.005,1.028,-0.436,0.107,1.037,1
6080,5,5,2,0.573,-0.32,0.073,0.307,0.655,0
6081,19,6,4,3.356,-0.32,-0.034,0.028,-0.067,1
6082,45,19,1,0.055,0.189,-0.04,-0.027,0.013,0
6083,105,62,4,5.014,0.155,0.194,-0.041,0.237,0
6084,15,9,3,6.508,-0.32,0.073,0.007,-0.067,1
6085,16,11,1,0.009,0.354,-0.277,-0.081,-0.067,1
6086,9,7,1,0.007,-0.32,0.13,0.051,-0.067,1
6087,7,5,1,0.055,1.221,-0.436,-0.036,0.019,1
6088,152,58,6,4.175,-0.027,0.05,0.038,-0.012,0
6089,46,19,5,4.265,-0.261,0.283,-0.035,-0.067,1
6090,16,13,1,0.041,0.017,0.359,-0.05,0.096,1
6091,7,6,2,0.45,0.065,-0.072,-0.036,-0.067,1
6092,32,22,3,1.267,0.27,-0.436,0.044,-0.011,1
6093,19,10,2,4.489,0.035,-0.436,0.001,-0.067,1
6094,6,4,1,0.002,-0.32,-0.012,0.023,-0.067,1
6095,139,62,4,3.996,0.078,0.04,-0.055,-0.033,0
6096,10,10,1,0.009,0.084,-0.436,0.007,-0.067,1
6097,16,9,3,4.186,-0.32,0.041,0.013,-0.067,1
6098,12,8,2,1.424,-0.32,0.2,-0.018,-0.067,1
6099,24,18,2,10.083,0.466,-0.436,-0.081,0.092,1
6100,8,4,1,0.004,-0.32,0.2,-0.018,-0.067,1
6101,32,15,3,4.322,-0.32,0.518,-0.065,-0.067,1
6102,31,22,2,0.457,-0.32,0.549,-0.087,-0.067,1
6103,89,33,6,7.161,-0.169,-0.293,0.101,-0.054,1
6104,124,63,6,10.061,0.311,-0.025,-0.087,-0.035,0
6105,122,52,10,11.146,-0.176,-0.29,0.074,-0.051,0
6106,6,4,1,0.006,-0.32,-0.012,0.274,0.133,1
6107,59,25,6,9.389,-0.229,0.427,-0.063,-0.064,1
6108,39,16,3,3.899,-0.32,-0.37,0.132,-0.062,1
6109,90,34,5,11.387,0.129,-0.21,0.001,-0.027,0
6110,17,17,2,6.372,-0.32,0.612,-0.1,-0.067,1
6111,104,42,5,7.18,0.665,-0.338,-0.043,0.099,0
6112,5,4,1,0.123,-0.32,-0.436,0.107,-0.067,1
6113,30,21,3,2.014,-0.005,-0.351,0.007,-0.067,1
6114,43,33,6,11.039,-0.195,0.334,-0.068,-0.063,1
6115,95,45,3,3.075,0.049,-0.195,-0.004,-0.019,0
6116,33,16,8,7.992,-0.238,0.412,0.001,-0.061,1
6117,16,7,2,1.896,-0.32,-0.118,0.075,-0.067,1
6118,20,11,3,5.066,-0.32,-0.308,0.107,-0.017,0
6119,5,4,1,0.028,-0.32,-0.436,0.207,0.053,1
6120,19,11,1,0.017,-0.32,-0.302,0.186,0.25,1
6121,15,10,1,0.03,-0.32,-0.266,0.174,-0.054,1
6122,32,30,3,5.902,-0.194,0.359,-0.065,-0.067,1
6123,30,10,1,0.015,-0.32,0.158,0.107,-0.027,1
6124,19,6,2,1.263,-0.32,-0.436,0.186,-0.025,0
6125,69,38,5,7.675,-0.046,0.154,-0.038,-0.003,0
6126,164,67,4,5.861,0.116,0.169,0.061,-0.042,0
6127,140,67,4,4.183,-0.06,0.037,-0.029,-0.037,0
6128,7,3,1,0.002,-0.32,-0.436,0.25,-0.01,1
6129,7,4,1,0.015,-0.32,-0.436,0.25,-0.039,1
6130,148,54,4,8.117,0.026,-0.419,0.164,0.304,0
6131,53,11,6,9.176,-0.32,0.284,0.041,-0.014,0
6132,4,4,1,0.01,-0.32,0.2,-0.018,-0.067,1
6133,108,43,3,2.259,-0.008,0.012,0.023,0.011,0
6134,10,7,1,0.009,-0.32,-0.181,0.257,0.133,1
6135,94,38,4,7.834,-0.148,-0.03,0.006,-0.037,0
6136,6,4,1,0.001,-0.32,-0.436,0.107,-0.067,1
6137,44,27,2,1.954,0.109,-0.089,-0.053,-0.058,1
6138,8,6,1,0.001,-0.32,-0.436,0.107,-0.067,1
6139,87,47,2,1.121,-0.026,0.237,-0.095,-0.051,0
6140,94,35,8,9.898,-0.263,0.322,-0.026,-0.052,0
6141,25,15,1,0.459,-0.32,0.379,0.187,-0.003,1
6142,6,4,1,0.484,-0.32,-0.012,0.023,-0.067,1
6143,35,28,5,7.032,-0.281,0.437,-0.079,-0.067,0
6144,6,2,1,0.62,-0.32,-0.436,0.107,-0.067,1
6145,12,6,2,1.691,-0.32,0.2,-0.018,-0.067,0
6146,7,6,1,0.018,-0.32,0.291,-0.036,-0.067,1
6147,94,40,6,10.048,-0.019,0.106,-0.058,-0.063,1
6148,74,37,4,11.083,0.809,-0.436,-0.096,0.028,0
6149,27,17,1,0.498,-0.22,0.318,-0.042,-0.052,1
6150,10,7,1,0.028,-0.32,0.073,0.157,-0.067,1
6151,8,7,1,0.016,-0.32,0.2,-0.018,-0.067,1
6152,19,9,3,11.042,-0.32,-0.302,0.107,-0.014,0
6153,16,11,2,7.642,-0.32,0.2,0.013,-0.055,1
6154,10,5,1,0.491,-0.32,-0.181,0.057,-0.067,1
6155,27,10,1,0.017,-0.12,-0.436,0.07,-0.067,1
6156,25,11,1,0.051,-0.32,0.175,-0.013,-0.067,1
6157,26,11,2,1.052,-0.32,-0.24,0.107,-0.052,1
6158,14,7,1,0.034,0.258,-0.436,0.071,-0.024,1
6159,55,21,3,5.541,-0.271,0.258,0.089,-0.002,1
6160,22,9,2,0.923,-0.32,0.027,0.038,-0.058,1
6161,6,4,1,0.011,-0.32,-0.436,0.107,-0.067,1
6162,95,50,8,11.054,0.375,0.314,-0.131,-0.01,0
6163,57,36,4,3.716,-0.273,0.412,-0.069,-0.067,1
6164,13,11,1,0.033,-0.32,0.347,-0.009,-0.067,1
6165,40,24,3,1.91,0.354,-0.436,0.069,0.148,1
6166,161,66,7,7.034,-0.035,0.165,-0.058,-0.011,0
6167,21,10,5,8.904,-0.192,0.049,-0.013,-0.067,0
6168,17,14,1,0.027,0.156,0.313,-0.07,-0.02,0
6169,5,5,1,0.012,-0.32,0.073,0.007,-0.067,1
6170,4,3,1,0.038,-0.32,0.2,-0.018,-0.067,1
6171,73,47,3,7.777,0.363,-0.436,0.086,0.315,0
6172,156,69,9,8.91,0.103,0.119,-0.041,0.139,0
6173,6,4,2,6.578,-0.32,-0.436,0.107,-0.067,1
6174,29,17,3,3.134,-0.32,-0.26,0.141,0.05,1
6175,156,78,6,10.089,-0.061,0.168,-0.07,-0.016,0
6176,11,5,2,3.373,-0.32,-0.436,0.517,0.608,1
6177,55,27,4,6.312,0.293,-0.158,0.052,0.049,0
6178,6,6,2,0.523,-0.32,-0.012,0.023,-0.067,1
6179,4,1,1,0.073,-0.32,-0.436,0.107,-0.067,1
6180,75,41,3,8.334,-0.014,-0.198,-0.007,-0.016,1
6181,6,4,1,0.038,-0.32,-0.436,0.107,-0.067,1
6182,17,7,6,5.966,-0.32,0.013,0.018,-0.067,1
6183,9,6,1,0.014,-0.32,-0.153,0.051,-0.067,1
6184,82,31,2,1.675,-0.287,-0.374,0.119,-0.023,1
6185,8,7,2,0.163,-0.32,-0.436,0.107,-0.067,1
6186,18,9,2,0.226,-0.32,-0.012,0.051,-0.056,1
6187,5,3,1,0.014,-0.32,0.073,0.007,-0.067,1
6188,5,5,2,6.259,-0.32,-0.436,0.107,-0.067,1
6189,7,3,2,1.258,-0.32,-0.436,0.107,-0.067,1
6190,110,41,7,9.248,-0.222,0.397,-0.062,-0.031,0
6191,14,13,2,1.37,-0.32,0.473,-0.072,-0.067,1
6192,50,23,5,9.931,-0.212,0.175,-0.023,-0.059,1
6193,104,45,4,2.388,-0.113,0.298,0.039,-0.002,1
6194,123,38,6,8.218,-0.265,0.185,0.139,-0.048,0
6195,6,5,1,0.001,-0.32,-0.012,0.023,-0.067,1
6196,87,31,6,7.357,-0.227,0.12,0.015,-0.0,1
6197,118,65,5,9.051,0.126,0.19,-0.097,-0.013,0
6198,32,12,4,10.334,-0.109,-0.356,0.06,-0.067,0
6199,23,10,3,3.003,-0.086,-0.436,0.085,-0.032,0
6200,37,20,3,2.984,-0.101,0.046,-0.042,-0.067,0
6201,33,17,2,0.315,-0.32,0.335,0.122,-0.055,1
6202,18,9,2,0.037,-0.32,-0.153,0.302,-0.045,1
6203,36,18,3,1.081,-0.32,-0.012,0.093,0.145,0
6204,4,3,1,0.001,-0.32,-0.436,0.107,-0.067,0
6205,4,2,1,0.008,-0.32,-0.436,0.232,-0.017,1
6206,8,7,1,0.001,-0.32,0.2,-0.018,-0.067,1
6207,56,39,7,9.099,0.258,0.064,-0.045,-0.028,0
6208,82,34,7,8.352,-0.254,-0.25,0.095,-0.04,0
6209,19,10,5,8.976,-0.32,0.234,-0.025,-0.067,0
6210,95,40,2,1.061,0.248,0.02,-0.057,0.055,1
6211,8,8,1,0.005,-0.32,0.2,-0.018,-0.067,1
6212,17,11,3,4.309,-0.32,-0.136,0.048,-0.067,1
6213,61,31,4,4.035,-0.187,-0.269,0.123,-0.011,0
6214,4,2,1,0.0,-0.32,-0.436,0.107,-0.067,0
6215,12,6,1,0.138,-0.32,0.2,0.023,-0.067,1
6216,22,14,1,0.357,0.048,-0.32,0.084,-0.049,1
6217,98,60,4,5.965,-0.141,0.447,-0.108,-0.051,1
6218,33,20,3,2.048,-0.157,0.258,-0.045,-0.067,1
6219,8,7,1,0.057,-0.32,0.2,-0.018,-0.067,1
6220,42,21,3,8.912,0.547,-0.436,-0.013,0.023,0
6221,30,21,5,6.18,-0.23,-0.096,0.023,-0.067,0
6222,44,22,4,4.257,-0.014,-0.089,-0.03,-0.067,0
6223,62,24,4,3.05,0.158,-0.395,0.01,-0.016,0
6224,64,26,5,6.377,-0.278,0.439,-0.073,-0.067,0
6225,45,27,6,7.975,-0.14,-0.266,0.029,-0.067,1
6226,10,6,1,0.02,-0.32,-0.181,0.057,-0.067,1
6227,9,6,2,3.104,-0.32,0.13,-0.005,-0.067,1
6228,42,17,4,8.948,-0.32,-0.072,0.131,-0.067,0
6229,13,9,1,0.016,0.717,-0.436,-0.124,0.01,0
6230,35,26,1,0.053,-0.32,0.509,-0.079,-0.067,1
6231,8,5,1,0.009,-0.32,0.2,-0.018,-0.067,1
6232,4,4,1,0.001,-0.32,0.2,-0.018,-0.067,1
6233,11,5,2,5.21,-0.32,-0.436,0.107,-0.067,1
6234,122,29,6,10.233,0.012,-0.185,0.053,-0.01,0
6235,74,30,3,2.751,-0.284,0.458,0.032,-0.048,1
6236,13,8,2,0.906,-0.32,-0.436,0.145,-0.067,1
6237,41,13,2,1.219,-0.32,0.123,0.009,-0.048,1
6238,86,43,7,9.994,-0.195,0.57,-0.12,-0.063,0
6239,13,7,1,0.027,-0.113,-0.436,0.068,-0.067,1
6240,21,15,2,3.078,-0.32,-0.315,0.322,0.009,0
6241,131,66,3,9.274,0.061,0.089,-0.035,-0.003,1
6242,16,10,1,0.113,-0.32,0.677,-0.081,-0.067,1
6243,99,32,7,9.123,-0.184,0.361,-0.075,-0.055,0
6244,92,29,5,8.964,-0.232,0.256,-0.04,-0.061,0
6245,80,27,2,4.11,0.219,-0.308,-0.018,-0.04,1
6246,42,28,5,6.99,-0.192,0.231,-0.013,-0.039,1
6247,9,6,1,0.022,-0.02,-0.436,0.051,-0.067,1
6248,8,6,1,0.002,-0.32,-0.118,0.169,-0.067,1
6249,8,7,1,0.079,0.017,-0.436,0.044,-0.067,0
6250,64,29,6,10.143,0.902,-0.436,-0.042,0.061,0
6251,5,5,1,0.017,-0.32,-0.436,0.107,-0.067,1
6252,114,46,6,8.592,-0.32,0.479,-0.051,-0.066,1
6253,4,3,2,5.144,-0.32,-0.436,0.107,-0.067,0
6254,28,13,1,0.085,0.161,-0.345,-0.001,-0.053,1
6255,12,6,2,0.779,-0.32,0.2,-0.018,-0.067,1
6256,124,52,5,10.137,0.289,-0.415,-0.023,-0.043,0
6257,11,8,1,0.026,-0.32,0.258,0.016,0.042,1
6258,73,32,3,10.5,-0.283,0.331,0.114,0.254,0
6259,7,7,1,0.018,-0.32,0.291,-0.036,-0.067,1
6260,6,4,1,0.051,-0.32,-0.012,0.107,0.1,1
6261,185,78,8,10.16,-0.043,0.197,0.036,-0.012,0
6262,13,10,2,4.003,-0.32,0.347,0.03,-0.021,0
6263,12,9,1,0.034,-0.32,0.2,-0.018,-0.067,1
6264,5,4,1,0.013,-0.32,-0.436,0.107,-0.067,1
6265,6,4,1,0.001,-0.32,-0.436,0.107,-0.067,1
6266,4,4,1,0.008,-0.32,0.2,-0.018,-0.067,1
6267,10,5,1,0.008,-0.32,-0.436,0.107,-0.067,1
6268,5,4,1,0.011,-0.32,-0.436,0.107,-0.067,1
6269,6,6,1,0.011,-0.32,-0.012,0.107,0.1,1
6270,8,8,1,0.042,-0.32,0.518,-0.081,-0.067,1
6271,16,7,2,0.734,-0.32,-0.277,0.075,-0.067,1
6272,65,29,5,6.977,-0.196,0.191,-0.009,-0.024,0
6273,59,26,4,5.974,-0.137,-0.134,0.098,-0.037,1
6274,14,9,1,0.028,-0.32,0.11,-0.001,-0.067,1
6275,69,37,4,5.003,-0.125,0.339,-0.075,-0.038,1
6276,8,8,1,0.017,-0.32,0.518,-0.081,-0.067,1
6277,7,7,1,0.006,-0.32,-0.436,0.107,-0.067,1
6278,87,41,2,6.71,0.377,-0.406,-0.008,0.004,1
6279,35,16,4,8.022,-0.166,0.073,-0.022,-0.067,1
6280,13,5,1,0.04,-0.32,0.543,-0.086,-0.067,1
6281,5,4,1,0.001,-0.32,-0.436,0.207,-0.067,1
6282,36,13,3,10.027,0.204,-0.436,-0.06,-0.067,0
6283,4,4,1,0.008,-0.32,0.2,-0.018,-0.067,1
6284,88,45,2,2.939,0.262,-0.175,-0.058,-0.051,0
6285,105,49,11,9.974,-0.14,0.388,-0.103,-0.067,0
6286,14,8,2,0.836,-0.32,-0.436,0.107,-0.067,1
6287,4,3,1,0.0,-0.32,-0.436,0.107,-0.067,1
6288,23,9,1,0.03,-0.32,0.449,-0.067,-0.067,1
6289,18,12,3,1.936,-0.32,0.412,-0.06,-0.067,1
6290,17,5,1,0.027,-0.32,-0.436,0.107,-0.067,1
6291,18,12,2,6.808,-0.32,0.412,-0.032,-0.067,1
6292,222,56,6,7.973,0.02,-0.344,0.059,-0.032,0
6293,5,4,1,0.001,-0.32,-0.436,0.107,-0.067,1
6294,6,5,1,0.008,-0.32,-0.436,0.107,-0.067,1
6295,115,47,7,8.906,0.008,-0.369,0.028,-0.045,0
6296,50,42,3,1.687,0.219,0.277,-0.124,-0.027,1
6297,18,9,1,0.006,-0.32,-0.153,0.051,-0.067,1
6298,6,5,2,1.095,-0.32,-0.012,0.107,0.066,0
6299,5,5,2,9.035,-0.32,0.073,0.007,-0.067,0
6300,5,4,1,0.001,0.219,-0.436,0.107,-0.027,1
6301,23,9,1,0.012,-0.203,-0.325,0.129,0.046,1
6302,20,10,2,0.762,-0.32,0.582,-0.069,0.063,0
6303,71,34,5,6.066,-0.149,0.496,-0.07,0.642,0
6304,6,4,1,0.0,-0.32,-0.012,0.023,-0.067,1
6305,4,4,1,0.0,-0.32,-0.436,0.107,-0.067,1
6306,76,27,2,3.078,-0.285,0.234,0.014,-0.028,1
6307,10,6,1,0.156,-0.05,0.073,0.007,-0.007,1
6308,14,10,3,4.439,-0.32,0.11,-0.001,-0.067,1
6309,104,33,4,2.419,-0.229,-0.191,0.184,-0.036,0
6310,83,47,5,9.006,-0.125,0.116,-0.05,-0.065,0
6311,20,13,3,3.986,-0.32,0.582,-0.094,-0.067,0
6312,161,75,5,9.032,0.115,0.228,-0.099,-0.046,0
6313,19,15,2,0.134,-0.178,-0.168,0.08,-0.036,1
6314,39,20,6,6.454,-0.251,-0.305,0.068,-0.067,1
6315,6,5,3,2.016,-0.32,-0.012,0.023,-0.067,1
6316,67,22,6,6.97,-0.28,-0.284,0.219,0.002,1
6317,45,20,6,9.105,-0.26,-0.21,0.073,-0.032,0
6318,131,31,6,5.983,0.174,-0.144,0.026,-0.029,0
6319,5,3,1,0.001,-0.32,-0.436,0.307,0.093,1
6320,34,18,5,9.215,-0.161,0.537,-0.114,-0.067,0
6321,35,24,4,5.149,-0.243,-0.363,0.078,-0.067,1
6322,4,3,1,0.001,-0.32,-0.436,0.232,0.184,1
6323,8,7,1,0.01,-0.32,0.2,-0.018,-0.067,1
6324,5,4,1,0.006,-0.32,-0.436,0.107,-0.067,0
6325,13,11,2,0.201,-0.32,-0.24,0.068,-0.067,1
6326,113,58,4,9.498,0.098,0.06,-0.071,-0.034,0
6327,8,6,1,0.045,-0.32,0.518,-0.081,-0.067,1
6328,5,4,1,0.003,-0.32,0.073,0.007,-0.067,1
6329,35,15,2,0.046,0.797,-0.436,-0.051,0.019,1
6330,6,4,2,0.043,-0.32,-0.012,0.023,-0.067,1
6331,6,5,1,0.028,-0.32,-0.436,0.107,-0.067,1
6332,19,13,2,0.972,-0.178,-0.302,0.08,-0.057,1
6333,4,3,1,0.008,-0.32,-0.436,0.232,-0.067,1
6334,25,9,3,1.183,-0.32,0.175,0.067,-0.059,1
6335,31,19,1,0.101,-0.146,0.057,-0.023,-0.067,1
6336,11,4,1,0.328,-0.32,-0.436,0.107,-0.067,1
6337,136,53,5,7.311,0.067,0.032,-0.052,-0.038,0
6338,5,4,1,0.01,-0.32,0.073,0.007,-0.067,1
6339,8,5,1,0.069,-0.32,0.2,-0.018,-0.067,1
6340,23,14,2,1.188,0.032,-0.436,0.129,0.002,1
6341,39,25,3,2.027,-0.182,0.347,-0.073,-0.067,1
6342,49,35,3,2.862,-0.127,0.343,-0.067,-0.026,1
6343,12,8,2,3.07,-0.095,-0.436,0.065,-0.067,0
6344,36,16,4,7.881,0.204,-0.365,0.009,-0.017,0
6345,110,50,5,7.339,0.146,-0.274,0.061,0.07,0
6346,154,52,3,2.814,0.293,-0.138,0.117,0.047,0
6347,145,68,4,3.031,0.424,0.266,-0.118,0.009,0
6348,4,3,2,5.036,-0.32,0.2,-0.018,-0.067,1
6349,7,6,1,0.071,-0.32,-0.436,0.107,-0.067,1
6350,45,28,1,0.007,-0.32,0.13,0.029,-0.045,1
6351,31,22,2,7.069,-0.233,0.303,-0.055,-0.067,1
6352,9,5,1,0.005,-0.32,-0.436,0.162,-0.067,1
6353,10,5,1,0.028,-0.32,0.073,0.007,-0.067,1
6354,82,53,2,6.757,0.042,0.278,-0.077,0.043,0
6355,6,2,1,0.009,-0.32,0.412,-0.06,-0.067,1
6356,14,13,2,1.96,-0.32,-0.254,0.071,-0.067,0
6357,141,66,6,5.117,-0.043,0.34,-0.106,-0.063,0
6358,196,60,6,5.982,-0.079,0.369,-0.095,-0.05,0
6359,90,36,7,9.022,-0.11,-0.21,0.057,-0.045,1
6360,5,2,1,0.016,-0.32,-0.436,0.107,-0.067,1
6361,9,6,1,0.053,-0.32,-0.436,0.107,-0.067,1
6362,5,5,1,0.003,-0.32,-0.436,0.107,-0.067,1
6363,124,55,5,9.085,0.387,-0.354,-0.002,-0.006,0
6364,35,15,1,0.154,-0.243,0.509,-0.079,-0.067,1
6365,71,46,3,6.085,-0.206,0.317,-0.056,-0.062,1
6366,18,13,1,0.019,0.429,-0.294,-0.032,0.033,1
6367,120,66,5,8.046,0.107,0.264,-0.115,-0.054,0
6368,5,5,1,0.001,-0.32,0.073,0.007,-0.067,1
6369,7,5,1,0.031,-0.32,-0.436,0.107,-0.067,1
6370,7,6,2,4.71,-0.32,-0.072,0.035,-0.067,1
6371,193,94,5,9.003,0.176,0.065,-0.088,-0.054,0
6372,8,4,1,0.006,-0.32,-0.118,0.044,-0.067,1
6373,5,4,1,0.487,-0.32,-0.436,0.107,-0.067,1
6374,4,2,1,0.029,-0.32,-0.436,0.107,-0.067,0
6375,22,14,2,7.068,0.109,-0.436,0.016,-0.067,0
6376,8,7,1,0.005,0.017,-0.436,0.295,-0.067,1
6377,7,2,1,0.003,-0.32,-0.436,0.107,-0.067,1
6378,37,28,1,0.522,-0.101,-0.436,0.08,-0.056,1
6379,4,4,1,0.0,-0.32,-0.436,0.357,-0.067,1
6380,40,16,2,0.733,-0.185,-0.372,0.207,-0.017,1
6381,11,6,1,0.399,-0.32,-0.204,0.061,-0.067,1
6382,8,7,2,6.643,-0.32,-0.436,0.107,-0.067,1
6383,123,51,6,6.966,0.217,0.288,-0.117,-0.036,0
6384,64,33,6,7.871,-0.151,0.2,-0.042,-0.027,0
6385,68,28,4,3.023,0.096,-0.024,-0.033,-0.032,1
6386,5,4,1,0.001,-0.32,-0.436,0.207,-0.067,1
6387,106,54,7,7.436,-0.04,0.068,-0.04,-0.035,0
6388,48,20,4,8.919,0.186,-0.383,0.002,-0.0,1
6389,54,21,6,7.596,-0.12,-0.247,0.051,-0.03,0
6390,74,37,6,8.973,-0.101,0.183,-0.008,0.063,0
6391,91,54,4,6.138,0.05,0.263,-0.036,0.275,1
6392,61,35,4,5.878,-0.232,0.232,-0.041,-0.067,0
6393,63,31,3,4.964,-0.234,0.13,0.003,-0.045,1
6394,4,2,1,0.048,-0.32,-0.436,0.483,0.836,1
6395,60,32,4,8.593,-0.095,0.285,-0.069,-0.014,1
6396,24,15,3,2.256,-0.095,0.094,-0.018,0.301,1
6397,23,14,4,4.165,-0.203,-0.325,0.15,0.02,1
6398,4,4,1,0.001,-0.32,0.2,-0.018,-0.067,1
6399,4,3,1,0.001,-0.32,-0.436,0.107,-0.067,1
6400,84,48,4,6.385,-0.32,0.14,0.005,-0.055,0
6401,69,25,5,6.142,0.168,-0.399,-0.002,0.005,0
6402,6,5,1,0.038,-0.32,-0.436,0.107,-0.067,1
6403,37,19,2,0.445,-0.101,-0.436,0.093,-0.029,1
6404,7,5,1,0.002,-0.32,-0.436,0.107,-0.067,1
6405,29,14,1,0.016,0.424,-0.436,-0.014,-0.026,1
6406,5,5,1,0.0,-0.32,0.582,-0.094,-0.067,1
6407,7,4,1,0.006,-0.32,-0.072,0.107,-0.01,1
6408,89,25,4,8.397,-0.047,-0.407,0.214,-0.015,0
6409,7,4,1,0.002,-0.32,-0.072,0.035,-0.067,1
6410,9,7,1,0.015,0.579,-0.436,-0.005,0.423,0
6411,36,25,3,1.994,-0.02,-0.436,0.051,0.1,1
6412,29,16,3,5.989,0.47,-0.348,-0.101,-0.053,0
6413,10,7,1,0.016,-0.32,-0.436,0.107,-0.067,1
6414,38,22,3,5.182,-0.107,-0.369,0.067,-0.062,1
6415,77,46,4,5.355,0.205,0.258,-0.134,-0.054,1
6416,149,51,5,6.311,0.006,-0.128,0.033,0.026,0
6417,14,10,1,0.005,-0.32,0.11,0.178,-0.024,1
6418,75,33,4,4.107,-0.248,0.48,-0.08,-0.065,0
6419,4,4,1,0.001,-0.32,0.2,-0.018,-0.067,1
6420,107,27,6,6.981,-0.219,-0.317,0.079,-0.062,0
6421,20,11,2,3.34,1.567,-0.436,-0.169,-0.027,0
6422,39,22,3,7.301,-0.182,0.151,-0.022,-0.016,0
6423,107,56,2,6.275,0.209,-0.317,0.013,0.3,1
6424,36,18,3,2.971,-0.245,0.2,0.023,-0.056,0
6425,6,5,1,0.002,-0.32,-0.012,0.357,0.1,1
6426,14,8,1,0.799,-0.127,-0.436,0.071,-0.067,1
6427,6,5,1,0.007,-0.32,-0.436,0.107,-0.067,1
6428,10,7,1,0.017,-0.32,0.328,-0.044,-0.067,1
6429,69,33,3,8.07,-0.203,0.376,-0.075,-0.064,0
6430,42,20,3,4.887,0.033,-0.436,0.047,-0.02,1
6431,16,14,3,2.881,-0.151,-0.277,0.044,-0.067,1
6432,14,11,1,0.004,-0.32,-0.072,0.107,0.019,1
6433,5,4,1,0.001,-0.32,-0.436,0.107,-0.067,0
6434,44,19,2,5.049,0.048,-0.147,0.004,-0.063,1
6435,13,11,3,8.014,-0.32,0.347,-0.047,-0.067,0
6436,143,61,5,6.242,0.368,-0.293,0.023,-0.001,0
6437,7,3,2,1.25,-0.32,-0.436,0.107,-0.067,1
6438,63,24,7,7.02,-0.192,-0.395,0.075,-0.067,1
6439,6,5,2,2.165,-0.32,-0.012,0.023,-0.067,1
6440,36,17,3,7.021,-0.245,-0.153,0.037,-0.067,1
6441,64,41,6,5.645,-0.194,-0.396,0.091,-0.055,0
6442,25,15,4,4.188,-0.32,0.48,0.007,0.021,1
6443,89,48,5,6.093,0.15,0.107,-0.113,-0.049,0
6444,92,56,5,8.054,-0.32,0.228,0.009,-0.032,1
6445,105,62,4,6.102,-0.204,0.291,-0.055,-0.048,0
6446,100,45,9,8.008,-0.118,0.251,-0.064,-0.061,0
6447,80,35,2,7.98,0.0,-0.149,0.069,0.048,0
6448,90,31,5,6.758,0.474,-0.379,-0.016,0.12,0
6449,23,15,2,4.013,-0.203,0.56,-0.111,-0.067,0
6450,28,20,5,4.063,-0.32,0.019,0.053,-0.067,1
6451,13,6,1,0.002,-0.32,-0.24,0.107,0.025,0
6452,4,4,1,0.002,-0.32,-0.436,0.107,-0.067,1
6453,7,4,1,0.009,-0.32,-0.072,0.035,-0.067,1
6454,13,7,2,1.983,-0.32,0.543,-0.086,-0.067,0
6455,9,7,1,0.024,-0.32,0.13,0.051,0.044,1
6456,5,4,1,0.026,-0.32,-0.436,0.107,-0.067,1
6457,25,15,1,0.145,-0.212,0.379,-0.054,-0.059,1
6458,29,24,2,2.614,-0.32,0.529,-0.049,-0.04,0
6459,6,5,2,1.899,-0.32,-0.436,0.107,-0.067,0
6460,13,11,2,4.667,-0.113,0.151,-0.047,-0.067,1
6461,5,3,1,0.011,-0.32,-0.436,0.107,-0.067,0
6462,5,4,1,0.001,-0.32,-0.436,0.107,-0.067,1
6463,36,26,3,2.611,-0.32,0.483,-0.06,-0.045,1
6464,6,6,1,0.009,-0.32,0.412,-0.06,-0.067,0
6465,30,19,3,2.0,-0.32,0.667,-0.11,-0.067,0
6466,11,9,4,7.568,-0.32,-0.204,0.061,-0.067,0
6467,42,23,5,5.736,-0.256,-0.193,0.178,0.019,0
6468,5,4,2,2.007,-0.32,-0.436,0.107,-0.067,1
6469,25,13,2,3.019,-0.212,-0.436,0.207,-0.035,0
6470,31,14,3,6.884,0.071,-0.436,0.058,0.004,0
6471,6,3,2,1.583,-0.32,-0.436,0.107,-0.067,1
6472,31,21,3,3.977,-0.233,0.303,-0.023,-0.041,1
6473,6,3,1,0.0,-0.32,-0.436,0.274,-0.034,1
6474,30,16,4,7.881,-0.14,-0.436,0.073,-0.067,0
6475,13,8,2,6.879,-0.32,0.151,0.068,-0.006,1
6476,8,7,2,6.644,-0.32,-0.436,0.107,-0.067,0
6477,148,55,4,7.661,0.135,0.011,-0.052,-0.05,0
6478,225,44,7,7.726,0.045,-0.402,0.053,0.045,0
6479,108,72,5,7.579,-0.02,0.224,-0.083,0.081,1
6480,49,26,3,1.28,-0.155,-0.384,0.137,-0.051,0
6481,37,28,4,7.192,-0.32,0.046,0.012,-0.067,0
6482,22,16,2,2.072,-0.32,0.374,0.061,0.07,1
6483,16,13,4,5.297,-0.32,-0.118,0.107,-0.067,0
6484,10,6,1,0.054,-0.32,0.073,0.107,-0.067,1
6485,7,6,1,0.013,-0.32,0.291,-0.036,-0.067,1
6486,4,4,1,0.007,-0.32,0.2,-0.018,-0.067,1
6487,56,26,6,6.803,-0.176,-0.254,0.062,-0.053,0
6488,34,13,2,7.043,0.156,-0.436,-0.055,-0.014,1
6489,7,6,1,0.043,-0.32,-0.072,0.035,-0.067,1
6490,9,7,1,0.005,-0.32,0.13,-0.005,-0.067,1
6491,5,3,1,0.011,-0.32,-0.436,0.107,-0.067,1
6492,23,13,1,0.018,0.735,-0.436,-0.111,-0.015,0
6493,14,8,2,0.368,-0.32,-0.072,0.035,-0.067,1
6494,8,5,1,0.033,-0.32,-0.436,0.107,-0.067,1
6495,9,7,1,0.017,-0.32,-0.436,0.107,-0.067,1
6496,6,4,1,0.004,-0.32,-0.436,0.107,-0.067,1
6497,80,47,3,4.988,0.641,0.073,-0.131,-0.03,1
6498,21,15,2,0.253,-0.063,0.17,-0.06,-0.067,1
6499,36,30,3,5.177,-0.058,0.342,-0.102,-0.045,0
6500,4,2,1,0.003,-0.32,-0.436,0.107,-0.067,1
6501,212,75,7,6.282,0.062,-0.088,-0.014,0.002,1
6502,12,5,1,0.01,-0.32,-0.224,0.107,-0.067,1
6503,86,22,7,7.654,-0.289,0.245,-0.027,-0.011,0
6504,45,22,4,5.249,-0.26,0.243,-0.027,-0.067,0
6505,31,26,2,0.276,-0.233,0.385,-0.071,-0.067,1
6506,181,66,6,6.37,0.239,-0.098,-0.043,-0.025,0
6507,19,15,3,6.015,-0.178,0.234,-0.051,-0.067,1
6508,6,4,1,0.003,-0.32,-0.436,0.107,-0.067,0
6509,5,4,3,2.837,-0.32,0.073,0.007,-0.067,1
6510,78,31,6,5.981,-0.251,0.119,0.036,-0.024,0
6511,4,3,1,0.021,-0.32,-0.436,0.107,-0.067,1
6512,34,13,4,2.163,-0.32,0.238,-0.026,-0.067,1
6513,87,48,4,2.221,-0.181,0.149,0.02,-0.051,1
6514,59,46,2,0.981,-0.32,0.599,-0.097,-0.067,1
6515,25,4,1,0.01,-0.32,-0.232,0.127,0.085,0
6516,27,14,2,0.01,-0.02,0.035,-0.005,-0.045,1
6517,86,53,3,5.472,0.088,0.215,-0.091,0.084,1
6518,5,4,1,0.111,-0.32,0.073,0.007,-0.067,1
6519,117,41,4,7.186,-0.055,-0.001,0.09,-0.03,0
6520,5,5,2,3.837,-0.32,0.073,0.007,-0.067,1
6521,45,20,4,5.865,-0.2,0.13,0.007,-0.041,1
6522,32,15,1,0.018,0.986,-0.436,-0.05,0.171,1
6523,9,5,2,3.328,-0.32,-0.153,0.218,-0.067,0
6524,31,19,1,0.326,-0.233,0.139,-0.006,-0.054,1
6525,51,24,1,0.359,0.05,-0.436,0.048,-0.036,1
6526,8,6,1,0.022,-0.32,-0.436,0.107,-0.067,1
6527,8,4,1,0.049,-0.32,-0.436,0.232,-0.042,1
6528,26,16,1,0.043,-0.32,0.151,0.126,-0.029,1
6529,16,13,1,0.036,-0.32,-0.118,0.044,-0.067,1
6530,9,5,1,0.049,-0.32,-0.153,0.051,-0.067,1
6531,11,6,1,0.031,-0.32,-0.436,0.107,-0.067,1
6532,24,19,3,2.0,-0.095,-0.436,0.065,-0.067,0
6533,167,49,5,4.052,0.116,-0.375,0.137,0.005,1
6534,22,11,3,5.751,-0.32,0.258,0.016,-0.022,1
6535,20,9,3,5.884,-0.32,0.073,0.007,-0.067,0
6536,77,50,1,0.063,-0.32,0.556,-0.056,0.102,1
6537,5,2,1,0.001,-0.32,-0.436,0.107,-0.067,1
6538,4,4,1,0.003,-0.32,0.2,-0.018,-0.067,1
6539,46,29,2,0.931,-0.203,-0.38,0.248,-0.015,1
6540,43,16,1,0.118,-0.069,0.334,-0.021,-0.058,0
6541,29,20,2,0.848,-0.227,0.091,0.003,-0.06,1
6542,11,11,1,0.003,-0.075,0.258,-0.075,-0.067,1
6543,78,51,7,5.741,-0.147,0.315,-0.079,-0.067,0
6544,139,48,5,6.858,-0.233,0.553,-0.095,0.139,0
6545,6,5,1,0.008,0.129,-0.436,-0.06,-0.067,1
6546,29,22,4,3.012,-0.041,-0.348,0.038,-0.067,0
6547,6,3,1,0.002,-0.32,0.412,-0.06,-0.067,1
6548,54,34,3,3.527,-0.27,0.46,-0.079,-0.067,0
6549,4,4,1,0.014,-0.32,0.2,-0.018,-0.067,1
6550,46,21,3,4.79,0.295,-0.436,0.009,0.081,0
6551,21,14,3,6.541,-0.32,0.291,-0.036,-0.067,1
6552,10,10,1,0.005,-0.32,0.582,-0.094,-0.067,1
6553,8,2,1,0.009,-0.32,-0.436,0.295,-0.067,1
6554,28,27,3,3.792,-0.127,0.382,-0.072,-0.053,1
6555,76,46,2,0.85,0.159,0.1,-0.078,-0.012,1
6556,49,12,1,0.022,-0.32,-0.072,0.209,0.031,1
6557,47,23,3,3.091,0.168,-0.273,-0.021,0.069,0
6558,134,71,1,0.132,0.243,0.286,-0.133,-0.042,1
6559,4,4,1,0.012,-0.32,0.2,-0.018,-0.067,1
6560,39,20,4,6.042,-0.113,-0.37,0.12,-0.026,0
6561,5,4,1,0.043,-0.32,-0.436,0.307,-0.067,0
6562,37,12,3,6.994,0.117,-0.367,-0.015,-0.056,0
6563,7,5,1,0.008,-0.32,0.291,0.178,-0.039,1
6564,50,28,4,6.819,-0.05,0.022,-0.054,-0.067,1
6565,25,15,3,2.992,-0.212,-0.436,0.087,-0.059,1
6566,14,6,3,4.998,-0.32,0.11,0.322,-0.053,0
6567,58,17,4,3.989,-0.274,-0.304,0.072,-0.067,0
6568,137,55,4,6.948,0.497,-0.157,-0.054,-0.009,1
6569,64,51,1,0.316,-0.32,0.479,-0.073,-0.067,1
6570,153,56,2,0.802,0.209,0.096,-0.057,0.018,0
6571,29,18,3,6.904,-0.227,-0.172,0.09,0.12,0
6572,45,29,5,6.564,-0.26,0.356,-0.038,-0.054,0
6573,11,9,2,2.598,-0.32,0.258,0.016,0.024,1
6574,4,2,2,0.309,-0.32,-0.436,0.107,-0.067,1
6575,22,10,2,1.071,-0.32,0.027,0.038,0.197,1
6576,24,14,4,2.43,-0.32,-0.224,0.086,0.016,0
6577,37,15,2,6.464,0.336,-0.436,-0.002,-0.024,0
6578,18,10,2,0.371,-0.32,-0.153,0.079,-0.056,1
6579,14,8,3,6.449,-0.32,0.11,-0.001,-0.067,0
6580,98,43,7,6.466,0.148,-0.358,0.015,-0.057,0
6581,133,52,6,5.404,-0.107,0.081,0.001,-0.055,0
6582,157,68,4,3.208,0.144,0.083,-0.04,-0.035,0
6583,5,5,1,0.017,-0.32,0.073,0.007,-0.067,1
6584,4,3,1,0.0,-0.32,-0.436,0.107,-0.067,1
6585,4,4,2,0.025,-0.32,0.2,-0.018,-0.067,1
6586,234,39,3,1.87,-0.274,-0.36,0.182,-0.038,0
6587,23,14,3,5.385,-0.32,0.339,-0.046,-0.067,1
6588,43,18,3,5.976,-0.195,-0.021,0.049,-0.021,0
6589,8,6,1,0.019,-0.32,-0.436,0.169,-0.067,1
6590,66,27,4,3.168,-0.32,0.451,-0.06,-0.064,0
6591,4,4,1,0.005,-0.32,0.2,-0.018,-0.067,1
6592,18,12,1,0.364,-0.02,-0.294,0.023,-0.067,0
6593,24,13,1,0.014,-0.32,0.2,0.002,-0.009,1
6594,16,8,1,0.029,0.523,-0.118,-0.112,-0.055,1
6595,29,20,3,5.228,-0.32,-0.348,0.141,-0.067,0
6596,74,33,7,6.07,-0.247,0.458,-0.069,-0.032,1
6597,7,3,2,1.27,-0.32,-0.436,0.107,-0.067,0
6598,17,9,1,0.312,-0.32,0.163,0.018,-0.044,1
6599,32,24,2,0.961,-0.236,0.2,0.013,-0.055,0
6600,132,41,5,6.204,0.18,-0.416,-0.003,-0.04,0
6601,137,52,3,1.961,0.507,-0.417,-0.014,0.045,0
6602,7,7,1,0.02,-0.32,-0.436,0.107,-0.067,1
6603,8,3,1,0.207,-0.32,-0.436,0.169,0.033,1
6604,18,8,1,0.69,-0.32,0.13,-0.005,-0.067,1
6605,92,62,2,1.05,-0.217,0.477,-0.1,-0.067,0
6606,123,46,5,5.784,-0.232,-0.022,0.021,-0.053,0
6607,37,24,3,4.078,-0.247,0.114,0.026,-0.04,0
6608,29,17,1,0.162,0.424,-0.436,-0.066,-0.053,1
6609,19,6,3,5.203,-0.32,-0.034,0.08,-0.004,1
6610,52,23,3,6.108,0.302,-0.387,-0.038,-0.044,0
6611,5,4,1,0.003,-0.32,0.073,0.007,-0.067,1
6612,62,43,5,4.148,-0.32,0.549,-0.087,-0.067,0
6613,88,39,6,5.1,-0.06,-0.002,-0.013,-0.008,0
6614,5,5,2,1.111,-0.32,0.073,0.007,-0.067,0
6615,78,46,5,4.057,0.078,-0.044,-0.054,-0.052,0
6616,40,21,2,3.752,-0.253,-0.372,0.207,-0.032,1
6617,6,6,1,0.013,-0.32,0.412,-0.06,-0.067,1
6618,5,4,1,0.009,-0.32,0.073,0.007,-0.067,1
6619,6,5,1,0.002,-0.32,-0.436,0.107,-0.067,1
6620,27,10,2,2.714,0.079,-0.247,0.107,-0.008,1
6621,6,3,1,0.002,-0.32,-0.436,0.524,-0.0,1
6622,4,3,1,0.0,-0.32,-0.436,0.232,0.083,1
6623,4,3,1,0.001,-0.32,-0.436,0.107,-0.067,1
6624,117,54,5,4.032,0.44,0.043,-0.077,0.017,0
6625,37,25,4,2.921,-0.247,0.252,0.012,-0.013,1
6626,4,2,1,0.001,-0.32,-0.436,0.107,-0.067,1
6627,6,4,2,4.008,-0.32,0.412,-0.06,-0.067,1
6628,65,16,3,3.814,-0.32,0.582,-0.032,-0.061,1
6629,23,20,2,0.647,-0.203,0.339,-0.067,-0.067,0
6630,41,28,2,0.903,-0.057,0.371,-0.101,-0.067,0
6631,51,27,4,2.979,-0.161,-0.186,0.038,-0.059,0
6632,4,4,1,0.022,-0.32,0.2,-0.018,-0.067,1
6633,9,8,1,0.043,-0.02,-0.436,0.051,-0.067,1
6634,10,5,1,0.013,-0.32,0.328,-0.044,-0.067,1
6635,5,5,1,0.002,-0.32,-0.436,0.107,-0.067,1
6636,16,5,1,0.009,-0.32,0.041,0.263,0.02,1
6637,35,15,2,4.601,-0.243,0.219,-0.022,-0.05,0
6638,82,23,3,5.538,-0.057,-0.405,0.131,-0.023,0
6639,41,23,4,3.51,-0.123,0.433,-0.089,-0.033,0
6640,4,3,1,0.002,-0.32,0.2,0.107,0.133,1
6641,6,6,1,0.015,-0.32,0.412,-0.06,-0.067,1
6642,24,13,2,1.133,-0.32,0.624,-0.102,-0.067,1
6643,6,5,1,0.007,-0.32,-0.012,0.023,-0.067,1
6644,74,43,4,4.506,0.081,0.046,-0.083,-0.062,0
6645,25,18,2,2.498,-0.212,0.073,0.027,-0.051,1
6646,37,19,3,1.218,-0.247,0.252,-0.029,-0.067,0
6647,44,28,2,0.248,-0.32,-0.262,0.084,-0.058,1
6648,56,19,4,5.393,0.45,-0.436,-0.036,-0.035,0
6649,4,4,1,0.002,-0.32,-0.436,0.107,-0.067,1
6650,10,7,1,0.019,-0.32,-0.436,0.107,-0.067,1
6651,14,5,1,0.012,0.065,-0.436,0.178,0.033,1
6652,32,17,2,1.049,-0.236,0.041,-0.003,-0.067,1
6653,56,26,2,5.34,0.571,-0.299,-0.099,0.112,0
6654,9,5,1,0.006,-0.32,-0.436,0.107,-0.067,1
6655,12,10,1,0.035,-0.32,0.2,0.023,-0.067,0
6656,23,15,3,4.768,-0.32,0.339,-0.046,-0.067,1
6657,32,10,2,1.821,-0.32,-0.118,0.06,-0.011,1
6658,5,3,1,0.001,-0.32,-0.436,0.107,-0.067,1
6659,50,29,4,4.078,-0.266,0.48,-0.074,-0.051,1
6660,45,23,3,4.815,-0.14,0.243,-0.005,-0.054,1
6661,5,4,1,0.027,-0.32,0.073,0.007,-0.067,1
6662,31,15,1,0.094,-0.233,-0.436,0.317,0.088,0
6663,8,5,1,0.006,-0.32,-0.436,0.107,-0.067,1
6664,4,4,1,0.006,-0.32,0.2,-0.018,-0.067,0
6665,5,5,1,0.009,-0.32,0.073,0.007,-0.067,0
6666,11,6,1,0.022,-0.32,0.49,-0.03,-0.067,0
6667,35,33,1,0.279,-0.243,0.509,-0.094,-0.067,1
6668,11,7,1,0.02,-0.075,-0.204,0.061,-0.067,1
6669,61,31,2,4.776,0.387,-0.227,0.0,0.077,0
6670,20,11,1,0.299,-0.185,-0.181,0.032,-0.067,1
6671,6,4,1,0.004,-0.32,-0.436,0.107,-0.067,1
6672,16,11,1,0.801,-0.32,-0.118,0.044,-0.067,1
6673,19,13,2,2.061,-0.178,-0.302,0.054,-0.067,0
6674,38,29,3,4.157,-0.178,-0.101,0.028,-0.067,1
6675,34,17,1,0.107,-0.241,-0.436,0.151,-0.014,1
6676,28,26,2,1.176,-0.224,0.564,-0.108,-0.067,0
6677,5,4,1,0.001,-0.32,0.073,0.007,-0.067,1
6678,4,3,2,1.969,-0.32,-0.436,0.107,-0.067,1
6679,96,27,2,1.085,-0.264,0.651,-0.118,-0.065,1
6680,21,16,1,0.057,-0.192,0.17,-0.036,-0.058,0
6681,8,8,1,0.014,-0.32,0.2,-0.018,-0.067,1
6682,187,73,5,4.642,0.055,0.394,-0.126,-0.044,0
6683,18,15,2,2.001,-0.17,0.13,-0.005,-0.056,1
6684,6,5,2,0.874,-0.32,-0.436,0.107,-0.067,1
6685,26,14,5,5.125,-0.113,-0.044,0.165,-0.021,0
6686,8,8,1,0.001,-0.32,0.2,-0.018,-0.067,1
6687,101,52,5,3.799,-0.227,0.194,0.137,-0.01,1
6688,17,8,1,0.018,0.711,-0.436,-0.07,0.063,1
6689,55,20,4,5.098,0.097,-0.436,0.025,-0.049,0
6690,6,6,1,0.014,-0.32,-0.436,0.107,-0.067,1
6691,23,9,1,0.062,-0.32,0.781,-0.133,-0.067,1
6692,94,53,4,3.575,-0.263,0.512,-0.058,-0.022,1
6693,25,18,1,0.047,-0.212,0.073,0.007,-0.051,1
6694,5,4,1,0.001,-0.32,0.073,0.007,-0.067,1
6695,4,4,1,0.014,-0.32,-0.436,0.107,-0.067,1
6696,9,6,1,0.013,-0.32,0.13,-0.005,-0.067,1
6697,10,10,2,1.008,-0.05,-0.181,0.007,-0.047,1
6698,6,4,1,0.003,-0.32,-0.012,0.023,-0.067,0
6699,9,6,1,0.009,-0.32,-0.153,0.051,-0.067,1
6700,6,6,1,0.009,-0.32,-0.012,0.023,-0.067,1
6701,30,13,2,0.828,-0.32,0.497,-0.077,-0.067,1
6702,7,5,1,0.011,-0.32,-0.072,0.035,-0.067,1
6703,25,18,2,0.632,-0.212,0.175,0.027,0.045,1
6704,4,3,1,0.006,-0.32,-0.436,0.232,0.184,1
6705,12,9,1,0.013,0.129,-0.224,-0.018,-0.067,0
6706,29,14,1,0.052,-0.041,0.178,-0.049,-0.033,0
6707,8,4,1,0.007,-0.32,-0.118,0.044,-0.067,1
6708,33,25,1,0.061,-0.238,0.027,0.274,-0.0,1
6709,9,8,2,1.761,-0.32,0.13,-0.005,-0.067,0
6710,20,9,3,3.018,-0.32,-0.308,0.257,-0.047,0
6711,13,8,2,4.973,-0.32,-0.24,0.068,-0.067,0
6712,5,4,2,2.991,-0.32,-0.436,0.107,-0.067,0
6713,52,28,1,0.465,-0.32,-0.338,0.193,0.103,1
6714,20,7,1,0.362,-0.32,-0.436,0.182,2.732,1
6715,28,28,1,0.303,-0.127,0.473,-0.108,-0.067,0
6716,24,15,3,1.566,-0.32,-0.012,0.044,0.167,1
6717,12,6,1,0.002,-0.095,-0.436,0.107,0.1,1
6718,68,30,5,4.029,-0.32,-0.398,0.099,-0.067,0
6719,4,4,1,0.006,-0.32,0.2,-0.018,-0.067,1
6720,28,18,2,0.382,-0.32,-0.163,0.286,0.141,1
6721,94,50,6,4.295,-0.004,0.268,-0.01,0.01,1
6722,10,6,1,0.134,-0.05,-0.436,0.457,0.013,1
6723,26,13,2,1.232,-0.216,-0.338,0.068,-0.067,0
6724,5,5,1,0.0,-0.32,-0.436,0.107,-0.067,1
6725,24,11,3,4.899,-0.208,-0.436,0.086,-0.067,0
6726,26,14,4,3.359,-0.32,0.249,0.049,0.072,1
6727,26,15,2,1.21,-0.113,0.249,-0.067,-0.067,1
6728,41,31,2,2.241,-0.188,0.309,-0.052,-0.048,1
6729,36,21,2,0.274,0.054,-0.365,0.065,-0.034,0
6730,11,7,2,2.544,-0.32,-0.204,0.243,0.17,1
6731,24,18,3,4.137,-0.264,0.2,-0.018,-0.059,0
6732,11,9,1,0.045,-0.32,0.49,-0.075,-0.067,1
6733,6,5,1,0.046,-0.32,-0.436,0.107,-0.067,1
6734,16,13,2,0.146,-0.151,-0.277,0.044,-0.067,0
6735,11,11,1,0.018,-0.075,0.027,-0.03,-0.067,1
6736,9,6,2,3.456,-0.32,-0.153,0.107,-0.067,0
6737,9,7,2,0.06,-0.32,0.13,0.051,-0.067,1
6738,6,6,1,0.004,-0.32,0.412,-0.06,-0.067,0
6739,9,7,2,0.046,-0.32,0.13,0.051,-0.0,0
6740,5,4,1,0.004,-0.32,-0.436,0.107,-0.067,1
6741,25,17,1,0.075,-0.212,0.48,-0.094,-0.067,1
6742,65,33,2,1.245,-0.196,-0.397,0.076,-0.067,0
6743,51,24,3,2.151,-0.32,0.462,0.087,-0.028,0
6744,5,4,1,0.002,-0.32,0.073,0.107,0.013,1
6745,4,3,1,0.0,-0.32,-0.436,0.107,-0.067,1
6746,5,4,1,0.005,-0.32,-0.436,0.107,-0.067,1
6747,4,4,2,2.07,-0.32,0.2,-0.018,-0.067,1
6748,10,8,2,1.176,-0.32,0.073,0.007,-0.067,0
6749,134,63,4,3.268,-0.008,0.02,-0.028,-0.016,0
6750,19,5,1,0.125,-0.32,-0.034,0.028,-0.067,0
6751,67,29,2,3.814,-0.119,-0.018,0.099,0.005,0
6752,16,15,3,2.972,-0.151,-0.277,0.044,-0.067,0
6753,4,3,1,0.788,-0.32,-0.436,0.107,-0.067,1
6754,5,3,1,0.002,-0.32,-0.436,0.207,-0.027,1
6755,8,7,1,0.001,-0.32,-0.436,0.107,-0.067,1
6756,81,41,3,2.18,0.512,-0.404,-0.005,0.032,1
6757,9,5,1,0.018,-0.32,0.13,0.107,0.022,1
6758,86,30,3,2.032,-0.195,-0.406,0.188,-0.049,0
6759,11,6,1,0.006,-0.075,-0.436,0.061,-0.067,1
6760,6,3,1,0.001,-0.32,-0.436,0.19,0.1,1
6761,7,5,2,3.09,-0.32,-0.072,0.035,-0.067,0
6762,9,8,1,0.05,-0.02,-0.436,0.051,-0.067,1
6763,48,20,1,0.119,0.186,-0.33,0.055,-0.017,0
6764,15,11,1,0.028,-0.14,0.243,-0.06,-0.067,1
6765,12,9,1,0.001,-0.32,-0.224,0.065,-0.067,0
6766,9,6,1,0.015,-0.32,0.13,-0.005,-0.067,1
6767,31,16,2,0.864,-0.233,-0.025,0.042,-0.048,1
6768,7,3,1,0.002,-0.32,-0.436,0.107,-0.067,1
6769,25,20,2,1.087,-0.104,-0.436,0.107,-0.067,0
6770,43,23,2,1.12,-0.132,0.097,0.002,-0.063,1
6771,9,4,2,4.015,-0.32,-0.436,0.107,-0.067,1
6772,34,14,1,0.043,0.077,-0.436,0.136,-0.02,1
6773,20,11,2,1.538,-0.185,-0.308,0.182,-0.047,1
6774,76,42,3,3.084,-0.107,-0.034,-0.018,-0.036,0
6775,20,11,2,4.001,-0.32,-0.054,0.032,-0.067,1
6776,46,26,3,3.881,-0.261,0.173,-0.002,-0.05,0
6777,16,11,1,0.026,-0.32,0.2,-0.018,-0.067,0
6778,19,14,2,2.022,-0.32,0.368,-0.025,-0.057,0
6779,15,10,1,0.073,-0.32,-0.096,0.073,-0.054,1
6780,32,11,3,1.765,-0.32,0.359,-0.05,-0.067,0
6781,6,4,1,0.001,-0.32,-0.012,0.023,-0.067,1
6782,43,19,4,2.657,-0.195,0.334,-0.068,-0.067,0
6783,54,34,2,1.476,-0.22,0.412,-0.079,-0.067,1
6784,8,6,4,2.986,-0.32,-0.118,0.044,-0.067,0
6785,4,3,1,0.001,-0.32,-0.436,0.107,-0.067,1
6786,36,19,3,3.958,-0.02,-0.012,-0.032,-0.067,1
6787,8,7,1,0.056,-0.32,0.2,-0.018,-0.067,1
6788,4,2,1,0.0,-0.32,-0.436,0.107,-0.067,1
6789,8,6,1,0.013,-0.32,0.2,-0.018,-0.067,1
6790,84,38,3,3.966,0.017,-0.315,0.089,-0.055,0
6791,11,6,1,0.594,-0.32,-0.436,0.107,-0.067,1
6792,7,5,2,1.984,-0.32,-0.436,0.107,-0.067,1
6793,23,16,3,2.023,-0.203,-0.325,0.063,-0.067,0
6794,41,26,3,3.963,-0.254,0.123,0.046,-0.028,0
6795,5,4,1,0.005,-0.32,-0.436,0.307,0.013,1
6796,4,2,1,0.0,-0.32,-0.436,0.483,0.083,1
6797,5,3,2,1.826,-0.32,-0.436,0.107,-0.067,1
6798,42,30,3,2.672,-0.32,-0.375,0.155,-0.067,0
6799,151,73,5,4.0,0.091,0.07,-0.026,0.098,0
6800,92,51,3,1.368,-0.32,0.532,-0.062,0.081,1
6801,27,20,2,1.099,-0.22,0.224,-0.005,0.394,0
6802,11,6,1,0.013,-0.32,-0.204,0.198,0.517,0
6803,58,34,4,3.204,0.238,-0.392,0.003,-0.033,0
6804,9,7,2,0.199,-0.02,-0.153,0.107,-0.0,1
6805,31,20,2,0.591,-0.059,-0.354,0.123,-0.028,0
6806,4,4,1,0.012,-0.32,-0.436,0.107,-0.067,1
6807,6,5,1,0.004,-0.32,-0.436,0.19,-0.067,1
6808,4,2,1,0.0,-0.32,-0.436,0.232,0.133,1
6809,37,31,4,3.184,-0.174,-0.436,0.08,-0.067,1
6810,21,18,2,0.952,-0.32,-0.193,0.059,-0.067,1
6811,139,77,4,3.067,0.136,0.059,-0.059,0.006,0
6812,7,6,3,3.048,-0.32,-0.436,0.178,0.162,1
6813,9,7,1,0.017,-0.32,0.13,-0.005,-0.067,1
6814,99,45,5,3.149,0.429,0.181,-0.096,0.008,0
6815,9,8,2,0.153,-0.32,0.412,-0.06,-0.067,1
6816,6,4,1,0.0,-0.32,-0.012,0.023,-0.067,0
6817,6,4,1,0.001,-0.32,-0.436,0.357,0.033,1
6818,5,3,1,0.0,-0.32,-0.436,0.107,-0.067,1
6819,13,8,2,0.209,-0.32,0.543,-0.086,-0.067,0
6820,26,14,1,0.077,-0.216,0.151,-0.009,-0.036,1
6821,44,29,2,1.979,-0.197,0.432,-0.03,-0.04,1
6822,66,44,4,3.051,-0.136,0.258,-0.037,0.003,0
6823,159,66,2,1.004,0.257,-0.004,-0.06,-0.023,0
6824,171,67,2,0.44,-0.154,0.457,-0.095,-0.007,0
6825,5,4,2,0.031,-0.32,-0.436,0.207,-0.067,1
6826,44,27,4,3.197,-0.197,-0.204,0.13,-0.067,0
6827,8,5,1,0.003,-0.32,-0.118,0.107,0.234,1
6828,4,3,1,0.002,-0.32,-0.436,0.107,-0.067,1
6829,15,14,1,0.306,-0.14,-0.436,0.107,-0.027,0
6830,36,17,3,2.795,0.167,-0.436,0.037,-0.034,0
6831,76,50,3,2.841,-0.125,-0.235,0.061,-0.067,0
6832,175,84,3,3.319,0.173,0.32,-0.125,-0.023,0
6833,9,6,1,0.039,-0.02,-0.436,0.162,-0.045,1
6834,7,6,1,0.685,0.065,-0.072,-0.036,-0.067,1
6835,6,5,1,0.003,-0.32,-0.436,0.107,-0.067,1
6836,22,20,2,1.023,-0.075,-0.32,0.038,-0.067,0
6837,36,20,2,1.777,-0.17,0.2,-0.032,-0.045,0
6838,64,15,1,0.052,-0.194,0.518,-0.097,-0.067,0
6839,5,5,1,0.013,-0.32,-0.436,0.107,-0.067,1
6840,10,6,1,0.009,0.084,-0.436,-0.044,-0.067,1
6841,24,11,1,0.756,-0.32,-0.436,0.19,0.117,1
6842,29,13,4,3.602,-0.227,0.003,0.003,-0.067,0
6843,4,4,1,0.003,-0.32,0.2,-0.018,-0.067,1
6844,25,18,3,2.982,-0.212,0.073,0.047,-0.027,1
6845,4,2,1,0.002,-0.32,-0.436,0.107,-0.067,1
6846,4,4,1,0.001,-0.32,-0.436,0.107,-0.067,1
6847,25,22,2,0.936,-0.212,0.48,-0.094,-0.067,1
6848,5,4,2,1.108,-0.32,0.073,0.007,-0.067,1
6849,29,17,2,2.753,-0.134,-0.085,0.072,0.078,0
6850,4,3,1,0.0,-0.32,-0.436,0.107,-0.067,1
6851,19,14,2,1.026,-0.178,0.234,-0.051,-0.067,1
6852,5,5,1,0.035,-0.32,0.073,0.007,-0.067,0
6853,23,14,1,0.018,0.618,-0.436,-0.089,-0.015,0
6854,20,14,2,0.954,-0.05,0.2,-0.069,-0.057,0
6855,27,15,1,0.069,-0.22,0.224,0.014,-0.008,0
6856,26,18,1,0.118,0.302,0.054,-0.144,-0.06,1
6857,112,50,3,3.142,-0.043,0.314,-0.099,-0.051,0
6858,49,18,2,1.915,-0.21,0.084,0.035,-0.063,0
6859,111,52,4,2.987,0.457,-0.39,0.007,-0.015,0
6860,48,25,3,2.098,-0.208,-0.383,0.096,-0.055,0
6861,10,5,2,1.035,-0.32,0.073,0.007,-0.067,0
6862,17,7,2,1.949,-0.32,-0.136,0.048,-0.067,1
6863,21,15,3,1.972,-0.192,-0.072,0.202,0.172,1
6864,75,46,2,1.115,-0.014,0.209,-0.047,-0.033,0
6865,80,51,4,3.009,-0.017,0.328,-0.106,-0.057,1
6866,28,15,3,1.934,-0.224,-0.163,0.053,-0.06,1
6867,19,12,1,0.038,-0.178,-0.302,0.08,-0.067,0
6868,48,33,3,2.048,-0.208,0.253,-0.008,-0.042,0
6869,11,9,2,1.026,-0.32,0.027,0.061,-0.067,0
6870,9,4,1,0.002,-0.32,-0.153,0.051,-0.067,1
6871,10,7,2,0.996,-0.32,0.328,-0.044,-0.067,1
6872,20,12,1,0.015,-0.32,-0.436,0.107,-0.067,1
6873,42,22,4,2.934,0.194,0.049,-0.072,-0.053,0
6874,44,26,3,1.905,-0.197,-0.378,0.198,-0.063,1
6875,7,5,1,0.009,-0.32,0.291,-0.036,-0.067,0
6876,37,31,2,2.038,-0.174,0.39,-0.096,-0.067,1
6877,5,5,1,0.025,-0.32,-0.436,0.107,-0.067,1
6878,7,7,1,0.028,-0.32,0.291,-0.036,-0.067,1
6879,36,16,4,2.732,-0.245,-0.224,0.051,-0.067,1
6880,103,55,4,2.708,-0.032,0.108,-0.029,-0.036,0
6881,6,6,1,0.011,-0.32,-0.012,0.023,-0.067,1
6882,68,30,2,2.011,-0.32,0.387,-0.055,-0.067,0
6883,69,27,3,1.607,0.012,-0.399,0.107,-0.012,0
6884,35,9,4,2.789,-0.32,-0.363,0.135,0.116,0
6885,24,13,1,0.03,0.298,-0.436,0.107,0.368,1
6886,35,24,4,2.466,-0.166,0.0,-0.008,-0.067,0
6887,51,18,2,0.965,-0.109,0.013,0.087,0.035,0
6888,33,23,3,1.21,-0.157,-0.127,0.046,-0.006,1
6889,33,16,3,1.491,0.538,-0.359,-0.075,-0.043,0
6890,5,5,1,0.003,-0.32,0.073,0.007,-0.067,1
6891,35,19,3,1.364,0.142,-0.436,0.092,-0.016,1
6892,7,6,1,0.005,0.45,-0.436,-0.036,-0.067,1
6893,16,14,2,0.068,-0.151,0.359,-0.081,-0.067,0
6894,7,3,2,0.195,-0.32,-0.436,0.107,-0.067,0
6895,8,4,1,0.008,-0.32,-0.118,0.232,-0.042,1
6896,34,10,4,2.449,-0.32,0.537,-0.07,-0.067,0
6897,9,6,1,0.92,-0.32,-0.153,0.051,-0.067,1
6898,32,12,1,0.085,-0.151,-0.436,0.295,-0.017,1
6899,25,18,2,2.325,-0.32,0.48,-0.054,-0.051,0
6900,35,20,2,1.047,-0.243,0.437,-0.079,-0.067,1
6901,7,5,1,0.265,-0.32,-0.072,0.035,-0.067,1
6902,9,7,1,0.014,-0.32,0.13,-0.005,-0.067,1
6903,13,10,1,0.041,-0.32,0.347,-0.047,-0.067,1
6904,8,7,1,0.016,0.017,0.2,-0.081,-0.067,1
6905,10,6,1,0.018,-0.32,-0.181,0.057,-0.067,0
6906,27,9,2,1.041,-0.32,-0.341,0.255,-0.052,1
6907,25,19,1,0.026,-0.32,0.48,-0.034,-0.059,1
6908,13,10,1,0.808,-0.113,0.151,-0.047,-0.067,1
6909,20,12,2,0.958,-0.32,0.2,0.007,-0.047,1
6910,16,7,1,0.042,-0.32,0.2,-0.018,-0.067,1
6911,8,5,2,1.253,-0.32,0.2,-0.018,-0.067,0
6912,4,4,1,0.0,-0.32,-0.436,0.107,-0.067,1
6913,9,8,1,0.008,-0.32,-0.436,0.107,-0.067,1
6914,20,17,2,0.928,-0.185,0.328,-0.069,-0.067,0
6915,8,5,2,0.951,-0.32,0.2,-0.018,-0.067,0
6916,6,3,1,0.013,-0.32,0.412,-0.06,-0.067,1
6917,15,9,1,0.047,-0.32,0.243,-0.027,-0.067,1
6918,39,24,1,0.063,-0.32,-0.436,0.145,-0.026,0
6919,7,6,1,0.003,-0.32,-0.072,0.178,-0.01,1
6920,15,8,1,0.011,-0.32,-0.266,0.174,-0.054,1
6921,12,7,1,0.014,-0.32,0.2,0.107,-0.034,1
6922,29,15,2,1.002,-0.134,0.266,0.003,-0.005,0
6923,13,6,3,1.797,-0.32,-0.436,0.107,-0.067,0
6924,13,5,3,1.753,-0.32,-0.044,0.107,-0.067,0
6925,12,8,1,0.012,-0.32,-0.012,0.065,-0.067,1
6926,16,11,2,1.341,0.186,-0.436,-0.018,-0.067,1
6927,19,9,1,0.053,-0.178,-0.436,0.16,-0.025,0
6928,9,6,1,0.003,0.429,-0.436,-0.06,-0.045,1
6929,33,28,2,0.998,-0.157,0.49,-0.106,-0.067,0
6930,38,18,2,1.993,0.496,-0.436,-0.104,-0.03,0
6931,4,4,1,0.011,-0.32,-0.436,0.107,-0.067,1
6932,21,12,2,1.009,-0.32,0.17,0.083,-0.067,0
6933,5,3,1,0.009,-0.32,-0.436,0.107,-0.067,1
6934,80,38,3,1.89,0.118,-0.404,0.025,-0.045,0
6935,19,9,1,0.035,-0.32,0.1,0.08,-0.036,1
6936,7,5,1,0.002,-0.32,-0.072,0.25,-0.01,1
6937,15,7,1,0.013,-0.32,0.412,-0.06,-0.067,0
6938,7,7,2,1.916,-0.32,0.291,-0.036,-0.067,1
6939,9,9,1,0.027,-0.32,-0.436,0.107,-0.067,1
6940,8,6,1,0.017,-0.32,0.2,0.044,0.058,1
6941,4,4,1,0.01,-0.32,-0.436,0.107,-0.067,1
6942,58,48,3,1.562,-0.227,0.398,-0.066,-0.06,0
6943,27,20,3,1.335,-0.12,-0.341,0.107,-0.045,0
6944,31,17,1,0.091,-0.233,-0.436,0.204,-0.003,1
6945,11,8,2,0.196,-0.32,-0.436,0.107,-0.067,1
6946,103,47,2,1.056,-0.032,0.231,0.044,-0.019,1
6947,35,16,3,1.229,-0.32,-0.145,0.193,-0.027,0
6948,14,12,2,0.994,-0.32,0.11,0.107,-0.053,0
6949,28,13,2,1.013,-0.031,0.11,-0.072,-0.06,0
6950,15,14,2,0.43,-0.32,0.412,-0.06,-0.067,1
6951,24,19,2,1.021,-0.208,-0.436,0.086,-0.067,0
6952,54,24,1,0.081,0.329,-0.389,-0.005,-0.0,1
6953,20,13,2,1.199,-0.32,-0.308,0.307,-0.007,1
6954,12,12,1,0.03,-0.32,0.624,-0.102,-0.067,0
6955,9,5,1,0.046,-0.32,-0.436,0.162,0.2,0
6956,50,22,2,1.307,-0.266,0.48,-0.034,-0.015,0
6957,33,25,1,0.848,-0.238,-0.281,0.061,-0.067,0
6958,9,7,2,1.025,-0.32,-0.153,0.051,-0.067,0
6959,15,12,2,0.949,-0.32,0.412,-0.027,0.026,0
6960,4,4,1,0.021,-0.32,0.2,-0.018,-0.067,1
6961,31,12,1,0.792,-0.233,-0.354,0.285,-0.035,0
6962,5,5,1,0.036,-0.32,0.073,0.007,-0.067,0
6963,19,17,1,0.049,-0.32,0.502,-0.051,0.017,1
6964,26,16,2,1.167,-0.216,-0.24,0.068,-0.052,0
6965,6,5,1,0.001,-0.32,-0.012,0.023,-0.067,1
6966,16,10,2,0.987,-0.151,-0.436,0.107,0.096,0
6967,4,2,1,0.0,-0.32,-0.436,0.107,-0.067,1
6968,33,12,2,1.023,-0.32,-0.436,0.168,-0.037,0
6969,31,19,2,1.078,0.245,-0.354,-0.006,-0.041,1
6970,7,5,1,0.013,-0.32,-0.072,0.035,-0.067,1
6971,28,16,1,0.069,-0.224,0.382,-0.001,-0.053,0
6972,84,38,2,1.172,-0.031,-0.375,0.035,-0.055,0
6973,23,9,1,0.04,0.559,-0.325,-0.067,0.168,1
6974,40,34,2,1.091,-0.32,-0.372,0.119,0.038,1
6975,57,37,2,1.054,-0.06,0.234,-0.06,-0.025,0
6976,10,5,1,0.004,0.354,-0.436,-0.044,-0.047,1
6977,18,15,1,0.048,-0.17,0.271,-0.06,-0.067,0
6978,45,18,2,0.994,-0.26,-0.436,0.207,-0.041,1
6979,14,6,2,0.884,-0.32,0.11,-0.001,-0.067,0
6980,5,5,1,0.01,-0.32,0.073,0.107,-0.067,1
6981,15,9,1,0.621,-0.32,0.752,-0.127,-0.067,0
6982,18,13,1,0.635,-0.32,0.13,-0.005,-0.067,1
6983,18,9,2,0.993,-0.32,0.271,0.023,-0.045,0
6984,8,4,1,0.546,-0.32,-0.436,0.107,-0.067,0
6985,7,5,1,0.428,-0.32,-0.436,0.25,0.133,1
6986,38,8,2,0.971,-0.32,0.569,-0.091,-0.067,1
6987,5,4,1,0.001,-0.32,-0.436,0.107,-0.067,1
6988,14,10,1,0.076,-0.32,-0.436,0.107,-0.067,0
6989,22,8,1,0.014,-0.32,0.49,0.107,-0.003,0
6990,6,4,1,0.001,-0.32,-0.436,0.107,-0.067,1
6991,14,11,1,0.033,0.065,0.11,-0.072,-0.053,1
6992,28,16,2,0.274,-0.224,-0.254,0.125,-0.01,0
6993,25,16,1,0.07,-0.212,0.379,-0.074,-0.067,1
6994,5,5,1,0.005,-0.32,0.073,0.007,-0.067,1
6995,24,13,2,0.254,-0.208,-0.436,0.19,-0.025,0
6996,4,4,1,0.033,-0.32,-0.436,0.107,-0.067,0
6997,7,6,1,0.024,-0.32,0.291,-0.036,-0.067,1
6998,10,9,2,0.193,-0.32,0.328,-0.044,-0.067,0
6999,93,60,2,0.496,-0.32,0.33,-0.012,-0.035,1
7000,6,4,1,0.022,-0.32,-0.436,0.107,-0.067,1
7001,23,11,1,0.014,-0.086,0.228,-0.046,-0.059,0
7002,9,8,1,0.019,-0.32,0.13,-0.005,-0.067,1
7003,22,16,2,0.367,-0.197,0.49,-0.098,-0.067,0
7004,11,8,1,0.01,-0.075,-0.204,0.016,-0.031,1
7005,7,7,1,0.0,-0.32,-0.436,0.25,0.019,1
7006,4,4,1,0.001,-0.32,-0.436,0.107,-0.067,0
7007,21,10,1,0.029,-0.32,0.17,-0.013,-0.067,0
7008,5,4,1,0.012,-0.32,-0.436,0.107,-0.067,0
7009,17,15,1,0.052,-0.161,0.313,-0.07,-0.056,1
7010,7,6,1,0.053,0.065,-0.436,0.035,-0.067,1
7011,5,3,1,0.001,-0.32,-0.436,0.407,0.053,1
7012,19,15,1,0.019,0.248,-0.168,-0.078,-0.067,1
7013,6,4,1,0.009,-0.32,-0.012,0.107,0.066,1
7014,21,19,1,0.096,-0.192,0.291,-0.06,-0.067,0
7015,27,15,1,0.044,-0.32,0.224,-0.023,-0.067,0
7016,40,20,1,0.248,-0.253,0.137,0.007,-0.042,0
7017,5,5,1,0.0,-0.32,0.073,0.007,-0.067,1
7018,39,7,1,0.266,0.475,-0.436,-0.112,-0.062,0
7019,8,7,1,0.003,-0.32,0.2,-0.018,-0.067,1
7020,4,4,1,0.007,-0.32,0.2,-0.018,-0.067,1
7021,6,5,1,0.012,-0.32,-0.436,0.107,-0.067,1
7022,4,4,1,0.011,-0.32,-0.436,0.107,-0.067,0
7023,13,5,1,0.27,-0.32,-0.24,0.107,-0.067,0
7024,10,7,1,0.019,-0.05,-0.436,0.107,-0.027,1
7025,15,10,1,0.057,-0.32,-0.096,0.107,-0.067,0
7026,9,4,1,0.562,-0.32,0.412,-0.06,-0.067,0
7027,13,10,1,0.031,-0.32,-0.436,0.145,-0.067,1
7028,12,8,1,0.043,-0.32,0.624,-0.102,-0.067,0
7029,43,11,1,0.093,-0.006,-0.436,0.06,-0.058,1
7030,19,15,1,0.115,-0.32,0.234,0.001,-0.057,0
7031,9,6,1,0.005,-0.32,-0.436,0.107,-0.067,1
7032,33,15,1,0.108,-0.238,0.567,-0.106,-0.067,0
7033,18,14,1,0.084,-0.17,-0.294,0.079,-0.012,0
7034,4,2,1,0.001,-0.32,-0.436,0.107,-0.067,1
7035,11,9,1,0.025,-0.32,0.49,-0.075,-0.067,1
7036,19,9,1,0.004,1.028,-0.436,-0.104,-0.004,0
7037,5,5,1,0.014,-0.32,-0.436,0.107,-0.067,1
7038,7,4,1,0.001,-0.32,-0.072,0.035,-0.067,1
7039,5,5,1,0.004,0.219,-0.436,0.007,-0.067,1
7040,11,8,1,0.048,-0.32,-0.436,0.198,-0.067,0
7041,7,6,1,0.042,-0.32,-0.072,0.035,-0.067,0
7042,4,3,1,0.009,-0.32,-0.436,0.107,-0.067,1
7043,18,10,1,0.058,-0.32,-0.294,0.162,-0.045,0
7044,6,3,1,0.003,-0.32,-0.436,0.19,0.167,1
7045,10,6,1,0.017,-0.32,-0.436,0.658,0.274,1
7046,15,7,1,0.05,-0.32,-0.436,0.174,-0.054,1
